0,5.550429862433518,0.43534954783270713,-0.024583235240676744
1,5.550429862433518,0.43534954783270713,-0.024583235240676744
2,5.550429862433518,0.43534954783270713,-0.024583235240676744
3,5.550425312437079,0.43534993482003503,-0.02461077072368861
4,5.550427659887637,0.4353623194942787,-0.024618835519972314
5,5.554646071702622,0.4352604387140583,-0.025241729225502427
6,5.5673670469341054,0.43493184073909974,-0.02524135690894389
7,5.602624467067234,0.4347783516482193,0.01948818787906586
8,5.602624467067234,0.4347783516482193,0.01948818787906586
9,5.622157031819735,0.4355088579625486,0.05506142617446698
10,5.661143675393191,0.4388476124941317,0.11041324431736267
11,5.661143675393191,0.4388476124941317,0.11041324431736267
12,5.7003284176349664,0.444059770460539,0.15437484037898927
13,5.7003284176349664,0.444059770460539,0.15437484037898927
14,5.719932760544373,0.44732250293248466,0.1750418655454268
15,5.7575801966897675,0.4547227362375574,0.2207018448487137
16,5.7575801966897675,0.4547227362375574,0.2207018448487137
17,5.776119200428087,0.45917373749476015,0.25102231076672676
18,5.794539122254538,0.46414403704927465,0.27688758428392657
19,5.813525188983549,0.46981260412633363,0.30334655307703895
,,,
20,5.851056256591354,0.48230779380227085,0.34097791198324956
21,5.851056256591354,0.48230779380227085,0.34097791198324956
22,5.555935815945336,0.3353507376500998,-7.255953707828883e-05
23,5.555935815945336,0.3353507376500998,-7.255953707828883e-05
24,5.570147192613387,0.3355323599970949,0.023140705222919087
25,5.5882799261440095,0.33623137484424376,0.05442625732275248
26,5.6268826088363255,0.33984858586381916,0.13669741757944417
27,5.6268826088363255,0.33984858586381916,0.13669741757944417
28,5.665765897929009,0.34626298411166934,0.18662533836208095
29,5.684735392298985,0.35009004015264383,0.21309814856980916
30,5.703957723400478,0.3545088992746054,0.23854731753918806
31,5.703957723400478,0.3545088992746054,0.23854731753918806
32,5.723136310738033,0.3594335913074595,0.26566306414841845
33,5.7609806226717915,0.37102735027640776,0.3307731493103229
34,5.7609806226717915,0.37102735027640776,0.3307731493103229
35,5.797457258355243,0.3848717632309433,0.39172952842260134
36,5.797457258355243,0.3848717632309433,0.39172952842260134
37,5.815586904440866,0.39267157661934526,0.42219608104920614
38,5.833733035266472,0.40105363757243373,0.4415266503121325
39,5.869352096606644,0.4186220648009764,0.4762168892343933
,,,
40,5.869352096606644,0.4186220648009764,0.4762168892343933
41,6.206800706075664,0.717416050336256,-0.021317916942108116
42,6.215424766996587,0.7173045008372182,-0.02573194651639372
43,6.227114646645055,0.7168054294422778,-0.059326572714835435
44,6.227114646645055,0.7168054294422778,-0.059326572714835435
45,6.26370157736277,0.7143985508742843,-0.05768628801673206
46,6.26370157736277,0.7143985508742843,-0.05768628801673206
47,6.283374260002938,0.7133926219611232,-0.046524294144080644
48,6.302614561252005,0.7126048457709023,-0.03553611406590308
49,6.322318144007923,0.7119242938644942,-0.03526678795047646
50,6.362354726600294,0.7105425839269508,-0.03324153885538888
51,6.362354726600294,0.7105425839269508,-0.03324153885538888
52,6.382392557353289,0.70989313504132,-0.030730329396563928
53,6.40228199761973,0.7092743636462573,-0.03294739074008372
54,6.422217234308942,0.7085690370951083,-0.03772196756111766
55,6.44223881488487,0.7077460153613918,-0.0449071575692056
56,6.482360920241313,0.7058279788626259,-0.046882040356791256
57,6.482360920241313,0.7058279788626259,-0.046882040356791256
58,6.522128659125377,0.7040885242055579,-0.04229248109505534
59,6.542087680597196,0.7032472341384647,-0.04293453338751937
,,,
60,6.542087680597196,0.7032472341384647,-0.04293453338751937
61,6.208934124238747,0.8173934153813422,-0.021317536516001264
62,6.211918679032172,0.8173223961640981,-0.012234829259151836
63,6.218175496344695,0.8173605918828255,0.011573981792848945
64,6.227460693825088,0.8175161354119493,0.01486681376957265
65,6.242949932189621,0.8176758362466431,0.005023808210273742
66,6.262591068325723,0.8176502406911947,-0.007561121667462397
67,6.282375277476212,0.8174472390799375,-0.011435400537690843
68,6.302395135899651,0.8172401923794859,-0.009047375574140665
69,6.342356710626635,0.8167979562921631,-0.01578675943703934
70,6.342356710626635,0.8167979562921631,-0.01578675943703934
71,6.36244010636028,0.8163983527339868,-0.024419446942981274
72,6.382579363461592,0.8157933516010925,-0.035645269848523196
73,6.422678512146444,0.8139535101568168,-0.05852753602443562
74,6.422678512146444,0.8139535101568168,-0.05852753602443562
75,6.442696372673765,0.8126323318858134,-0.07356433442759466
76,6.46238043438746,0.8111355511146265,-0.07870255455431052
77,6.481547044463513,0.8095447963172036,-0.08784615864276496
78,6.52116336024729,0.805940739681294,-0.09363514424168676
79,6.5409980114536035,0.8040458842543244,-0.09785923268798834
,,,
80,6.211063973748099,0.9173710714314416,-0.021320432197712798
81,6.211063973748099,0.9173710714314416,-0.021320432197712798
82,6.222598095135708,0.9173849452777859,0.029626436222776022
83,6.222598095135708,0.9173849452777859,0.029626436222776022
84,6.235116743470819,0.918085672118092,0.07443981074413877
85,6.271495603999335,0.9210109142388124,0.07174760292495377
86,6.291576881668008,0.9223207483205298,0.06152891482376782
87,6.291576881668008,0.9223207483205298,0.06152891482376782
88,6.331462980110259,0.924603851136717,0.04768903099567868
89,6.331462980110259,0.924603851136717,0.04768903099567868
90,6.351616362331081,0.9254212603889026,0.03197587564718851
91,6.371578902918221,0.9259245242430304,0.018333690672782108
92,6.411623513420037,0.9262929398429864,0.0036340964537830787
93,6.411623513420037,0.9262929398429864,0.0036340964537830787
94,6.431625379330795,0.9263298191453463,-7.944326492812553e-06
95,6.451794206265716,0.9261568360795029,-0.01868876804559001
96,6.472032216882531,0.9255822418008678,-0.03841410842635816
97,6.492101785142833,0.924613652101332,-0.057756292028386814
98,6.532054059572472,0.9213196577636479,-0.10662859263048792
99,6.532054059572472,0.9213196577636479,-0.10662859263048792
,,,
100,6.202537762687585,0.517461345777019,-0.0213167886592778
101,6.202537762687585,0.517461345777019,-0.0213167886592778
102,6.2035327236613025,0.5174321208015795,-0.01778341059536945
103,6.207037140176008,0.517388589532594,-0.02591689143578347
104,6.216695141999404,0.5170793426690511,-0.037403399504856064
105,6.2330251479290375,0.5164971155749927,-0.02816075214827315
106,6.252605229093931,0.5162837534475073,0.007914288143295294
107,6.2921036754952695,0.5178963559936783,0.07482453286317566
108,6.2921036754952695,0.5178963559936783,0.07482453286317566
109,6.331069247254453,0.5224453524872413,0.15969519458648423
110,6.331069247254453,0.5224453524872413,0.15969519458648423
111,6.350613823755428,0.525967115985334,0.19084911838111368
112,6.388983973968256,0.5346953867664466,0.25178214380989045
113,6.388983973968256,0.5346953867664466,0.25178214380989045
114,6.408209481513707,0.5398692790327895,0.27468282155109
115,6.427257776340508,0.5454449110975139,0.29872798940372125
116,6.464772618555874,0.557781675575377,0.33654803264400135
117,6.464772618555874,0.557781675575377,0.33654803264400135
118,6.483456944967656,0.5645275848209685,0.35689731831587923
119,6.501963831735694,0.5717081342275088,0.38437021907642166
,,,
120,6.200405102018202,0.41748418428600875,-0.02131761352042484
121,6.200405102018202,0.41748418428600875,-0.02131761352042484
122,6.213672571756575,0.4174398153983668,0.0031279353964257964
123,6.213672571756575,0.4174398153983668,0.0031279353964257964
124,6.228562711579697,0.4175161277231454,0.005257355683200182
125,6.263970663012035,0.4184391172088481,0.057148438222192455
126,6.283670309834251,0.41995085429180307,0.09601332995655752
127,6.30319895139948,0.42221376998722066,0.1359579161120428
128,6.30319895139948,0.42221376998722066,0.1359579161120428
129,6.3414913793194625,0.4293567545646736,0.23206847350030932
130,6.3414913793194625,0.4293567545646736,0.23206847350030932
131,6.379460187658258,0.43987753851791306,0.3056531060792932
132,6.398129150417187,0.4461328067063211,0.3412655236042458
133,6.398129150417187,0.4461328067063211,0.3412655236042458
134,6.435042778370171,0.4606336792819309,0.4116782222231951
135,6.435042778370171,0.4606336792819309,0.4116782222231951
136,6.452722989423591,0.46886096799779076,0.4599470248174376
137,6.487410116599843,0.4874376513297647,0.5176260703979111
138,6.487410116599843,0.4874376513297647,0.5176260703979111
139,6.521588460416941,0.5078929057733297,0.5569699244781559
,,,
140,6.538389322251759,0.5185235860008816,0.5712686357521929
141,6.538389322251759,0.5185235860008816,0.5712686357521929
142,6.20014741363286,0.31748770215953914,-0.011528147566863002
143,6.208185908545543,0.3175094724641534,0.010945018793228048
144,6.241145426437444,0.3187221043862505,0.06334848638585872
145,6.241145426437444,0.3187221043862505,0.06334848638585872
146,6.260169230939448,0.32030298490617565,0.10174767746667591
147,6.279709131605268,0.3227341930701557,0.14806183558034006
148,6.299072141619941,0.3261608625654099,0.20461063421613335
149,6.318105317335704,0.33065487587938514,0.26436927422604034
150,6.336551003311231,0.3361566561140217,0.31186107679143577
151,6.373437088964064,0.3496707175596135,0.3930900099469272
152,6.391267875856449,0.3575397421008135,0.44016480221276844
153,6.408753629957538,0.36631952908765214,0.49067216913232886
154,6.408753629957538,0.36631952908765214,0.49067216913232886
155,6.425873663561054,0.3759995548177217,0.5375235386991897
156,6.44248723883539,0.38627744454224133,0.5694678113742991
157,6.458824774757686,0.3970659773746658,0.5969631496650837
158,6.475010192110142,0.4083208869826192,0.6172188122361967
159,6.491094302015524,0.41995090836461196,0.6347476992494505
,,,
160,6.855066448704465,0.7077372467028318,-0.01005905440569385
161,6.856472347640009,0.7077309745627199,-0.00680304718315566
162,6.856472347640009,0.7077309745627199,-0.00680304718315566
163,6.861697964782139,0.7077931354897499,0.02243976405003362
164,6.873052624633174,0.7083490593459815,0.07242648610475864
165,6.888289148659536,0.7098792306032335,0.12702942347777413
166,6.9057703601818705,0.7126398075024879,0.18804779216410647
167,6.924879175648265,0.7167981185420952,0.23716668997801585
168,6.9437684517359,0.7219201715111907,0.29460432412650644
169,6.9817776766736,0.7351405202634166,0.37961261432823323
170,6.9817776766736,0.7351405202634166,0.37961261432823323
171,6.999796593934121,0.7429044441768984,0.43438952742343384
172,7.01677789657059,0.7512222496159826,0.46918751763886674
173,7.051171256975618,0.7695132610903758,0.5110242558066217
174,7.068649832097778,0.7793055797793245,0.500941982682255
175,7.068649832097778,0.7793055797793245,0.500941982682255
176,7.086452980731686,0.7889825332770225,0.5012306218611466
177,7.103126454421348,0.798152108559225,0.49705029776295256
178,7.120492111247733,0.8072080445179332,0.4584193744625355
179,7.138945705844174,0.8157765470969071,0.41053166815736286
,,,
180,6.856073867828544,0.8077316644020908,-0.010054219615372272
181,6.856073867828544,0.8077316644020908,-0.010054219615372272
182,6.859798190105702,0.8077070237471318,-0.004716544967250039
183,6.871751649872786,0.807669599978087,-0.0042937802226612354
184,6.887609980994588,0.8077080998542752,0.010820403141075316
185,6.9034833813112995,0.8081486381797672,0.04877608234003967
186,6.921990314632022,0.8095386788419199,0.0973171707983531
187,6.960274124481796,0.8145358662308769,0.15473764653845112
188,6.960274124481796,0.8145358662308769,0.15473764653845112
189,6.999353524676305,0.821318089095382,0.18132347127495158
190,6.999353524676305,0.821318089095382,0.18132347127495158
191,7.038758609522955,0.8287025961819215,0.18411191224196666
192,7.058485801117022,0.8323188493582263,0.17699106608633552
193,7.078219762166911,0.8357148516481575,0.16213712611062067
194,7.078219762166911,0.8357148516481575,0.16213712611062067
195,7.098016007105725,0.8388477897067614,0.15192737983788498
196,7.137708492601132,0.8441090360432876,0.10204077089949291
197,7.137708492601132,0.8441090360432876,0.10204077089949291
198,7.157775127285618,0.8458041021847142,0.06850941530644096
199,7.177724778768119,0.8471121372357815,0.06319948535018947
,,,
200,6.85707791726553,0.9077271312388346,-0.010059283970105935
201,6.859422175564174,0.9077269172205923,0.01035672934941484
202,6.859422175564174,0.9077269172205923,0.01035672934941484
203,6.867357417839962,0.9080189757590746,0.053883002974325175
204,6.899390572014521,0.9104573871081998,0.07732335699811617
205,6.9193462281192675,0.9120118308266616,0.07626621057011275
206,6.939289176444044,0.9135080346945746,0.07317042300278144
207,6.939289176444044,0.9135080346945746,0.07317042300278144
208,6.959175188022983,0.9149605442525564,0.07318939582339928
209,6.999258584277182,0.9176963866792208,0.057462739446079755
210,6.999258584277182,0.9176963866792208,0.057462739446079755
211,7.019333822088085,0.9187349032916052,0.0462822611328909
212,7.039217827854429,0.9194679973685994,0.02549525693532107
213,7.059260528435032,0.919907463776385,0.020652847354572897
214,7.0994466136852274,0.9211267955338865,0.034674045356851715
215,7.1194512457002155,0.9217968052769928,0.030705790311757762
216,7.1194512457002155,0.9217968052769928,0.030705790311757762
217,7.139469699471164,0.9223237880451334,0.02183060309367726
218,7.199379136884155,0.9236376436674532,0.026033132256057495
219,7.199379136884155,0.9236376436674532,0.026033132256057495
,,,
220,6.853054962524742,0.5077472244734652,-0.01005866128284421
221,6.853054962524742,0.5077472244734652,-0.01005866128284421
222,6.855743239368533,0.5077339380200511,-0.0017422012042743464
223,6.863349433458304,0.5079068633133987,0.043905162935047266
224,6.875989257393277,0.5088920744645018,0.10570834831576562
225,6.891929310367478,0.5109701321877033,0.15140226360186212
226,6.9108591150324905,0.5143424350819825,0.19958346899326784
227,6.9296448814243865,0.5188449288471498,0.28393266833955816
228,6.9648079809361345,0.533324876441116,0.493408205700987
229,6.9648079809361345,0.533324876441116,0.493408205700987
230,6.981145980265479,0.5432347055728755,0.6030578022088808
231,6.996565498657231,0.5550850433933951,0.7055198091725502
232,7.010733397759169,0.568093776751985,0.7713764762794388
233,7.024449424124838,0.5818638959258893,0.7995093739064784
234,7.051327176033306,0.6104310638492092,0.8310665195523382
235,7.051327176033306,0.6104310638492092,0.8310665195523382
236,7.077658338290928,0.6401223986246232,0.8624559609434188
237,7.090500139511246,0.6553849278205098,0.8797775512018776
238,7.103094012797848,0.6708810561340555,0.8997390131941831
239,7.115149745066619,0.6863465868548021,0.915000815341385
,,,
240,7.127168284911304,0.7021399660628419,0.9233542364022609
241,7.127168284911304,0.7021399660628419,0.9233542364022609
242,6.856228388622201,0.4077007564039073,-0.010215288245549719
243,6.8803595272628355,0.40778047585223054,0.03335127383388531
244,6.8803595272628355,0.40778047585223054,0.03335127383388531
245,6.911375945097076,0.4115130073087989,0.21406181450328712
246,6.929890340995496,0.41658972870008454,0.3157939061102743
247,6.929890340995496,0.41658972870008454,0.3157939061102743
248,6.967610101164457,0.4322800102777248,0.4868852598135355
249,6.967610101164457,0.4322800102777248,0.4868852598135355
250,6.985900547605659,0.4427650432435146,0.5860512308738751
251,7.016338710490704,0.4672983085205779,0.7721266177956191
252,7.016338710490704,0.4672983085205779,0.7721266177956191
253,7.041720935876896,0.4961261043825287,0.8951200563025705
254,7.041720935876896,0.4961261043825287,0.8951200563025705
255,7.054038667320789,0.5117508822738869,0.9134831209928769
256,7.077574664655235,0.5437374877774785,0.9621217477730114
257,7.077574664655235,0.5437374877774785,0.9621217477730114
258,7.088668516422327,0.5601010748200069,0.986849963249292
259,7.099341081260641,0.5766355957703931,1.007644414305461
,,,
260,6.851043085800041,0.3077573896640519,-0.010061168552602822
261,6.85387491556678,0.30770647962289954,-0.025020351465642632
262,6.85387491556678,0.30770647962289954,-0.025020351465642632
263,6.862205387956847,0.3074609135009169,-0.02659399423689013
264,6.888752283594821,0.3079484632290788,0.07108452113582832
265,6.9048683127182695,0.30974035585541676,0.15735369238791513
266,6.941386962200923,0.3198726386934212,0.3839664867002741
267,6.941386962200923,0.3198726386934212,0.3839664867002741
268,6.958495602247079,0.3278837896980003,0.49099599752629014
269,6.958495602247079,0.3278837896980003,0.49099599752629014
270,6.990099100593022,0.34893347420403875,0.68220578221945
271,6.990099100593022,0.34893347420403875,0.68220578221945
272,7.004274865419653,0.36150265823714217,0.764363036234229
273,7.017846670289225,0.3752816388744961,0.8194484888202327
274,7.031113715669383,0.39003228226832876,0.8537491498047479
275,7.043907818088068,0.40508147403094935,0.8782240901194409
276,7.056510135701583,0.42051047341808956,0.893330129524373
277,7.068888876698512,0.4361544639528957,0.9097517890947102
278,7.080952276838813,0.45197301003637447,0.9294625545470472
279,7.0925626491525255,0.4678835770465383,0.9508107794591497
,,,
280,7.103710409730278,0.48405390616869404,0.9869018543962622
281,7.498878506322141,0.706557132097153,0.033397358752560766
282,7.512064342176597,0.7068786146371168,0.008503766492593871
283,7.512064342176597,0.7068786146371168,0.008503766492593871
284,7.524560959370741,0.7068721780039399,-0.007264397815889637
285,7.541047995527906,0.7069087460471145,0.014584983606329162
286,7.580200846442623,0.7084523209509174,0.06528988025739296
287,7.580200846442623,0.7084523209509174,0.06528988025739296
288,7.619396045628909,0.7122277745547199,0.1272242738917805
289,7.619396045628909,0.7122277745547199,0.1272242738917805
290,7.6588824569365395,0.7182352314001593,0.17261482606502992
291,7.6588824569365395,0.7182352314001593,0.17261482606502992
292,7.697769304024985,0.7257216196647837,0.19731598646388504
293,7.697769304024985,0.7257216196647837,0.19731598646388504
294,7.717385849042663,0.729659621250277,0.19863101489511947
295,7.73708745294933,0.733612959959282,0.1972907073872996
296,7.776392380159524,0.7413066031217641,0.1861939175613741
297,7.776392380159524,0.7413066031217641,0.1861939175613741
298,7.7960564620071935,0.7449075536308034,0.17657999462605975
299,7.815775013360822,0.7484386431557113,0.1783649326927062
,,,
300,7.4955367656817415,0.806501494520688,0.033399226305087744
301,7.496414457346639,0.8065476971611723,0.02915176866660004
302,7.496414457346639,0.8065476971611723,0.02915176866660004
303,7.513127208634219,0.8066147971000506,-0.011481967839504972
304,7.513127208634219,0.8066147971000506,-0.011481967839504972
305,7.531677794497958,0.8063900578763467,-0.012058958007134671
306,7.551786427060639,0.8061191768302503,-0.014501583873731854
307,7.57172600505607,0.8058226158047466,-0.01620331400603467
308,7.611588734970123,0.8052255840769373,-0.015697865929362974
309,7.611588734970123,0.8052255840769373,-0.015697865929362974
310,7.631637414750901,0.8049033049826806,-0.016424078063603867
311,7.65171236924676,0.8046066059659761,-0.011936553592154417
312,7.671653707626898,0.8043939807663434,-0.010207443996926925
313,7.691521090892493,0.8042269391994632,-0.0067714073957232945
314,7.731478390135875,0.804072593680628,0.00022303360621713425
315,7.731478390135875,0.804072593680628,0.00022303360621713425
316,7.751553253888461,0.8041156930277672,0.005465657387842965
317,7.7912625776044715,0.8047653335054475,0.03529476373583149
318,7.811015011769397,0.8057136347612014,0.058197720200425095
319,7.811015011769397,0.8057136347612014,0.058197720200425095
,,,
320,7.49219897312853,0.9064458205108137,0.033394308290738854
321,7.493781064005833,0.9064621221848066,0.022856370182333354
322,7.493781064005833,0.9064621221848066,0.022856370182333354
323,7.498003643934941,0.906590030325171,0.022760111700019927
324,7.507121354062706,0.9069036310427763,0.044051240300773356
325,7.523658570144707,0.9078757361251185,0.0692183669305152
326,7.563525147186482,0.9108304560560917,0.07883332920593229
327,7.583311529699483,0.9124579254267339,0.08420967829639177
328,7.583311529699483,0.9124579254267339,0.08420967829639177
329,7.622932320830132,0.9159441912978552,0.09053399810555413
330,7.622932320830132,0.9159441912978552,0.09053399810555413
331,7.642888543580504,0.9177720255978916,0.09135784427101086
332,7.6627177679973135,0.9196242243064214,0.09507342339089564
333,7.682584466753783,0.9215570645577532,0.09841956542681196
334,7.70228541987881,0.9235390656957073,0.10120936779762293
335,7.742088703224926,0.9276052784544432,0.10111777971544104
336,7.742088703224926,0.9276052784544432,0.10111777971544104
337,7.762070758442598,0.9296146979553719,0.09796938948194378
338,7.801963656223882,0.9330958851329475,0.07403669443845105
339,7.821987135328597,0.9344474412368275,0.060439309179778966
,,,
340,7.842064607602843,0.935575343056884,0.05178991396779506
341,7.842064607602843,0.935575343056884,0.05178991396779506
342,7.508435679846657,0.5067258205116948,0.023183280755009486
343,7.514988722543544,0.5068075950988132,-0.005722949144292065
344,7.524919190502626,0.5067100020711994,-0.008774561379586002
345,7.539461698502817,0.506824795187889,0.026331085077132856
346,7.576995988365315,0.509751407967019,0.13451205383910397
347,7.596242338352049,0.512927957919192,0.1900617736399515
348,7.596242338352049,0.512927957919192,0.1900617736399515
349,7.615490706532144,0.5170978320064508,0.23364682093311923
350,7.653553482262994,0.5275485231192965,0.2978966551174403
351,7.653553482262994,0.5275485231192965,0.2978966551174403
352,7.672172120115089,0.5335274450296208,0.3231649653510191
353,7.690841371754902,0.5399845498421443,0.3420441796854186
354,7.709513230569694,0.5468023800577434,0.3580230823026854
355,7.727921619738631,0.5538832364330264,0.37625276943634145
356,7.746431893278353,0.5613149298552002,0.38474562299263015
357,7.783145984739026,0.5766644785174675,0.40740534561337055
358,7.783145984739026,0.5766644785174675,0.40740534561337055
359,7.801399774966414,0.5846449406673601,0.4146982830263456
,,,
360,7.83795167722638,0.6007267447019105,0.4119758238143651
361,7.83795167722638,0.6007267447019105,0.4119758238143651
362,7.5124447672855466,0.40683770343789577,0.03931872467844311
363,7.521530265374493,0.40735495718194903,0.0759339351756047
364,7.533083438283731,0.4085558177196918,0.12705712877849767
365,7.566737027754565,0.4146777820054734,0.2236109698993311
366,7.566737027754565,0.4146777820054734,0.2236109698993311
367,7.585803523568578,0.41945738972449836,0.26790464441680883
368,7.604408782857623,0.42502320081358125,0.31389042171192244
369,7.659569193665293,0.44639922842566704,0.40945479228602444
370,7.659569193665293,0.44639922842566704,0.40945479228602444
371,7.677377747719349,0.4544058490420201,0.43777767928915695
372,7.677377747719349,0.4544058490420201,0.43777767928915695
373,7.694997172638073,0.46302279615966,0.47146620482574597
374,7.729891235969298,0.4819448567773085,0.5180807034836383
375,7.729891235969298,0.4819448567773085,0.5180807034836383
376,7.764575742782344,0.5022266248353503,0.5317474075589005
377,7.764575742782344,0.5022266248353503,0.5317474075589005
378,7.7817351592387745,0.5123181982592603,0.5312265774318217
379,7.79895211950893,0.5224418480944941,0.5316517885237864
,,,
380,7.512233274247888,0.30678034567695467,0.033399226305087744
381,7.512233274247888,0.30678034567695467,0.033399226305087744
382,7.513058060075072,0.306791122757317,0.031726684804082375
383,7.516724532524914,0.30695403111452724,0.043942343714714616
384,7.540145726469175,0.3088912371525447,0.12012181366978823
385,7.540145726469175,0.3088912371525447,0.12012181366978823
386,7.555153200337434,0.31111119614758664,0.1773740666660176
387,7.573481921954885,0.3151338097796801,0.25501360162919395
388,7.592251011325664,0.3206458382733638,0.3139672252662798
389,7.610663769811166,0.32716405982307584,0.36675883139479404
390,7.646952165836935,0.3426244493675139,0.4360977826234761
391,7.664583680669244,0.3512488086949516,0.47757301372829347
392,7.664583680669244,0.3512488086949516,0.47757301372829347
393,7.681659590623054,0.3606029223938801,0.5245303537050028
394,7.698517394519038,0.3707206418773976,0.5534362936310964
395,7.715352721009061,0.38134360973100445,0.5714292788765722
396,7.732124099133,0.3922547220262401,0.5822456710110687
397,7.748634568709288,0.4033329523273375,0.6009238545440204
398,7.764731057420978,0.414528241723496,0.6128805655450924
399,7.780919723698207,0.42600231208255884,0.6197266945844295
,,,
400,8.143996033033106,0.743057637618143,0.04644745963533084
401,8.143996033033106,0.743057637618143,0.04644745963533084
402,8.146130589380745,0.7431162204096451,0.03634594470739059
403,8.15064386787913,0.7432698711759269,0.02323289167267691
404,8.17420463995937,0.7440905535811372,0.04487721055904417
405,8.17420463995937,0.7440905535811372,0.04487721055904417
406,8.194209464422746,0.7449836739037545,0.040523197448680465
407,8.214329109506782,0.7457478996898087,0.035120539710070536
408,8.234330940203481,0.7463740948849971,0.027294747580252597
409,8.254246723881591,0.7468684587264022,0.022562311170747716
410,8.27421603684003,0.7473098979881982,0.02153677075337971
411,8.294246966416448,0.7477559608256602,0.023234830462964453
412,8.314311487368208,0.7482545226843542,0.027240554215637494
413,8.334249921585172,0.7488385495902137,0.030821241447923853
414,8.374012253375865,0.7500770967599534,0.028526147882170845
415,8.374012253375865,0.7500770967599534,0.028526147882170845
416,8.414136763764306,0.7511242045065795,0.026203322811196906
417,8.414136763764306,0.7511242045065795,0.026203322811196906
418,8.453984273500545,0.752191349632685,0.025801844737925943
419,8.453984273500545,0.752191349632685,0.025801844737925943
,,,
420,8.139353744084808,0.8429496855670545,0.04644731126920399
421,8.143121026002616,0.8430960882084705,0.04359086964554365
422,8.143121026002616,0.8430960882084705,0.04359086964554365
423,8.151585322219967,0.8433927667854862,0.03155160355095661
424,8.161667990638199,0.8436832302067307,0.02240903143370703
425,8.176546088685138,0.8439748597400845,0.016609670723236183
426,8.196428185802862,0.8441867199892558,0.0034106229753581964
427,8.216616867519653,0.844120128249259,-0.010111619706689707
428,8.236685259533944,0.8437268992445004,-0.03006019906811714
429,8.256822661172412,0.842899376401992,-0.05278221244557178
430,8.27678723176793,0.8416687967382606,-0.06996254465228975
431,8.316959712202422,0.838073567901806,-0.10678693983795705
432,8.336871087351195,0.8357926717432975,-0.12194123241359506
433,8.336871087351195,0.8357926717432975,-0.12194123241359506
434,8.356795857925711,0.833215146643148,-0.13373486522641378
435,8.376715216927213,0.8303921758996868,-0.14924720074126324
436,8.396370349864371,0.8273247009849759,-0.15958334913239763
437,8.416135152231375,0.8241099786143454,-0.162597577937342
438,8.43582918236557,0.8208684086930805,-0.16393328167450685
439,8.45556639978165,0.8175982091369445,-0.16459567820741272
,,,
440,8.134710571051679,0.9428418020327807,0.046447713700213444
441,8.134710571051679,0.9428418020327807,0.046447713700213444
442,8.137291582665194,0.9429690447157163,0.050987963031433825
443,8.156342945410112,0.9446588248703508,0.10678411927460583
444,8.156342945410112,0.9446588248703508,0.10678411927460583
445,8.173325355339607,0.9464202609671892,0.09250192118476927
446,8.193427198605939,0.9478134116444621,0.04483997946856522
447,8.213638953037027,0.9482851551166253,0.0025392218054148155
448,8.233878544305398,0.9479581926848797,-0.03552489037145696
449,8.274320203884363,0.9453143511071879,-0.09744774189939866
450,8.294400572514103,0.9430359874049895,-0.12852534466493343
451,8.294400572514103,0.9430359874049895,-0.12852534466493343
452,8.334384617121223,0.9368210525173486,-0.17781363103435002
453,8.334384617121223,0.9368210525173486,-0.17781363103435002
454,8.373881208401269,0.9288493064595482,-0.22042451317401232
455,8.393425271560401,0.9242605711929834,-0.24112104239969306
456,8.412955749446308,0.9192666833509303,-0.2581093233890787
457,8.412955749446308,0.9192666833509303,-0.2581093233890787
458,8.43241015217128,0.9140235617296493,-0.26823832321364705
459,8.451798278327892,0.9086253748231905,-0.27473905036072616
,,,
460,8.470954338968395,0.9031883018051321,-0.2781475820183384
461,8.153290484509816,0.5432720871534497,0.04645245828884872
462,8.157630642929325,0.5434708041239054,0.04776011127991063
463,8.189288590355543,0.5450871501492391,0.055033653312100646
464,8.208834814134645,0.5462568724429303,0.06465528442092168
465,8.208834814134645,0.5462568724429303,0.06465528442092168
466,8.22858813344106,0.5476629392198687,0.07714015498216578
467,8.248386062687572,0.5493152531660462,0.08924055853654221
468,8.26829878824343,0.5511543946851917,0.09420536272958657
469,8.308143898148657,0.5550682584314182,0.09945385676304604
470,8.327891458841451,0.557056449550331,0.10039364941726371
471,8.347749108059531,0.5590523817379266,0.0993209563855152
472,8.347749108059531,0.5590523817379266,0.0993209563855152
473,8.367692409865986,0.5610191731019294,0.09715041551157502
474,8.407583438614017,0.5648441365194866,0.09420805894347128
475,8.407583438614017,0.5648441365194866,0.09420805894347128
476,8.42739140956768,0.5667203363944563,0.09467498607582496
477,8.447233607648844,0.5686206225836321,0.09600549338237101
478,8.467138523386698,0.570556362863144,0.09791096479046285
479,8.507056620303118,0.5745207797296685,0.0986552478198488
,,,
480,8.507056620303118,0.5745207797296685,0.0986552478198488
481,8.157928574193361,0.44338072134067463,0.04646224701361517
482,8.160842963295998,0.4435463686333454,0.05808607416012239
483,8.1709217285831,0.444256186614651,0.07660289428678946
484,8.205120946185879,0.44723487139871876,0.09804797256439407
485,8.224693985625112,0.4494086453677285,0.12391724758844766
486,8.224693985625112,0.4494086453677285,0.12391724758844766
487,8.263815109996433,0.45516149404190526,0.16465354095056006
488,8.263815109996433,0.45516149404190526,0.16465354095056006
489,8.302890163195318,0.4622705941198503,0.1921269311575888
490,8.322406032397135,0.46619957237491677,0.20622424917108317
491,8.322406032397135,0.46619957237491677,0.20622424917108317
492,8.34193932871171,0.47042869138769283,0.2199806969707743
493,8.380579469954316,0.47931913870881343,0.22834848095497592
494,8.380579469954316,0.47931913870881343,0.22834848095497592
495,8.39998422490221,0.4838377746217713,0.22944479610239657
496,8.419447521157807,0.4884073426465269,0.2317487121406928
497,8.438990616719622,0.49301386039327405,0.23099285354581445
498,8.477889952386446,0.5021097687445611,0.22703936634008942
499,8.477889952386446,0.5021097687445611,0.22703936634008942
,,,
500,8.497333046417898,0.5065537622193218,0.22216356505428642
501,8.166980391701085,0.3436829227045642,0.04933864652459468
502,8.166980391701085,0.3436829227045642,0.04933864652459468
503,8.17754562189497,0.3442881340685264,0.06648947560921745
504,8.190115299464836,0.34529287102322986,0.09193857491731888
505,8.225355727851452,0.34962388501049774,0.15199930206465556
506,8.244894418292136,0.3529095999466307,0.17920800399921755
507,8.244894418292136,0.3529095999466307,0.17920800399921755
508,8.264144382958287,0.35664713102521,0.20532709121070483
509,8.283326462543602,0.36097353013634365,0.2388954542605343
510,8.30237655064214,0.3658643812420822,0.2628316716523859
511,8.340146548497321,0.37725417523292226,0.3180919636724562
512,8.358863361313066,0.38362191846577864,0.3360667830944549
513,8.377607654628012,0.3902993304903493,0.34800058429100456
514,8.377607654628012,0.3902993304903493,0.34800058429100456
515,8.396357346534186,0.39721659744094495,0.3578657509315514
516,8.433488991006259,0.4115640892345791,0.3788578651392193
517,8.433488991006259,0.4115640892345791,0.3788578651392193
518,8.451892774542257,0.418977234252797,0.38669684842218344
519,8.470300972639542,0.4265664674160638,0.3952651476743015
,,,
520,8.800960057177397,0.7544580022670101,-0.023608096386955043
521,8.800960057177397,0.7544580022670101,-0.023608096386955043
522,8.801533723356414,0.7544431155132099,-0.02330364227757151
523,8.804906221918326,0.7543814369684517,-0.029766563789475443
524,8.814992498191417,0.7540520418082245,-0.03506013156440077
525,8.832991138221896,0.753410333617318,-0.03362622471375525
526,8.873036750944593,0.7522654554349324,-0.021846749672374093
527,8.873036750944593,0.7522654554349324,-0.021846749672374093
528,8.912684436760571,0.7518559777500853,0.0008295972389858138
529,8.912684436760571,0.7518559777500853,0.0008295972389858138
530,8.95267820849645,0.7522605024868139,0.01567730920560716
531,8.95267820849645,0.7522605024868139,0.01567730920560716
532,8.992527253845894,0.7529243976279762,0.01557175334765744
533,8.992527253845894,0.7529243976279762,0.01557175334765744
534,9.032530850849714,0.7534179734548018,0.005729528202375985
535,9.052658999153335,0.7534677279324838,0.00021895945433225263
536,9.052658999153335,0.7534677279324838,0.00021895945433225263
537,9.092738137377209,0.7532417163747913,-0.011969956150156657
538,9.092738137377209,0.7532417163747913,-0.011969956150156657
539,9.132679233944849,0.7526180373102844,-0.015868069482754994
,,,
540,9.132679233944849,0.7526180373102844,-0.015868069482754994
541,8.803327694547965,0.8544278684768234,-0.023613464894937382
542,8.805752620224737,0.8543205370084799,-0.025495491411686746
543,8.809979084197495,0.8542015669775298,-0.02688340625474255
544,8.817995241132452,0.8539906288531586,-0.028150828891377423
545,8.833387385632637,0.8535371774001028,-0.03119651205562866
546,8.873609654654697,0.8519197068671756,-0.049015888105977824
547,8.873609654654697,0.8519197068671756,-0.049015888105977824
548,8.893588978810623,0.8508620305416563,-0.05711048939875839
549,8.933554893277726,0.8480488422418426,-0.07595156319271681
550,8.933554893277726,0.8480488422418426,-0.07595156319271681
551,8.953606624140825,0.8464932783212341,-0.08132770706333257
552,8.993625027358119,0.8428910790945052,-0.097111780018718
553,8.993625027358119,0.8428910790945052,-0.097111780018718
554,9.013474841388105,0.8408644623224837,-0.1079958100083316
555,9.053362897558586,0.8360622710191977,-0.13175825020683873
556,9.07327977712909,0.8333189899897855,-0.13175825020683873
557,9.07327977712909,0.8333189899897855,-0.14148026145337758
558,9.093112112741286,0.8304166402808995,-0.14901653130226977
559,9.112897958458513,0.8273523000096311,-0.15898239464302993
,,,
560,8.805682970251006,0.9544015241094754,-0.02360234735589746
561,8.805682970251006,0.9544015241094754,-0.02360234735589746
562,8.808416616204495,0.9543555429709948,-0.005416974667019491
563,8.816417937812066,0.9545435947236451,0.04370682814664149
564,8.829612988543913,0.9553632531786789,0.07032452060049024
565,8.847975481098027,0.956606125248148,0.05848088871319064
566,8.868048875390947,0.9575894175953418,0.039670155670337756
567,8.88783490542147,0.958166020202036,0.01657953848184026
568,8.90796533515259,0.958283913342683,-0.005123964195996351
569,8.928102686989874,0.9580872559986744,-0.012797017682204518
570,8.968455938105674,0.9568118302325554,-0.047890650509584846
571,8.988377664746535,0.9557235259055665,-0.062469446033025566
572,8.988377664746535,0.9557235259055665,-0.062469446033025566
573,9.008422748575866,0.954289697571501,-0.08189553862804562
574,9.028537814754998,0.9524281214000503,-0.10315760834513786
575,9.048614186713968,0.950222476197975,-0.11610097465391316
576,9.068570779643812,0.9477274881696199,-0.13295007872551767
577,9.088479858784957,0.9448768760658957,-0.15215721250155734
578,9.10831130848463,0.9416475513400422,-0.17109837300124636
579,9.147980774990403,0.9338402598178244,-0.21617193889059572
,,,
580,9.147980774990403,0.9338402598178244,-0.21617193889059572
581,8.796240844329239,0.5545134613919378,-0.023607885646921702
582,8.807508780564511,0.5541068744265701,-0.05913752396870059
583,8.807508780564511,0.5541068744265701,-0.05913752396870059
584,8.819175484432973,0.553271421324756,-0.0809085735777448
585,8.836148812328066,0.5519341523025465,-0.07087471531726267
586,8.855979393868383,0.550784898403277,-0.04558072754276095
587,8.87564206170365,0.5501928378416999,-0.014188587770859323
588,8.914923590097622,0.5510878497579963,0.055289917758931974
589,8.934630472267441,0.5525499009776678,0.09498429073984839
590,8.934630472267441,0.5525499009776678,0.09498429073984839
591,8.954545839821032,0.5548303633933339,0.12952821250727106
592,8.974385753398098,0.5575628651738392,0.14147142804086987
593,8.994067023365035,0.5605065578835293,0.1560503552250955
594,9.013537978420937,0.5636136336043762,0.15946501959906037
595,9.05288987713679,0.5703145529117306,0.17821126134579557
596,9.072499203843499,0.5739299721684803,0.18643604944202277
597,9.072499203843499,0.5739299721684803,0.18643604944202277
598,9.09191723090499,0.5776696543439147,0.19252574742871598
599,9.131020782285127,0.5854813952825942,0.19935623141542325
,,,
600,9.131020782285127,0.5854813952825942,0.19935623141542325
601,8.793878286132413,0.4545415997164553,-0.023608096386955043
602,8.796567011977325,0.454459586998231,-0.032047489890308985
603,8.804792697993744,0.4542215530493264,-0.027658456269911678
604,8.83477839071856,0.45493231299964365,0.07457592708885043
605,8.83477839071856,0.45493231299964365,0.07457592708885043
606,8.853561326308917,0.4568543810386532,0.13051993899538106
607,8.87294417962895,0.4597910296908782,0.16626423027264106
608,8.892484472871251,0.4633008094484178,0.18888143031705043
609,8.912047896274018,0.46723174180055543,0.20832142554565897
610,8.931428948015519,0.4715265954872188,0.22808451767201157
611,8.95031913327959,0.4760799665633444,0.24314508158669684
612,8.988844784339701,0.48610419426062246,0.263808627552161
613,9.008128515184923,0.49139544265771895,0.2713736212995557
614,9.008128515184923,0.49139544265771895,0.2713736212995557
615,9.027220800228365,0.49681519222596016,0.28253885871180684
616,9.04623291279533,0.502498505365427,0.2983108963634821
617,9.065084080611816,0.5084539051816029,0.3117631470980699
618,9.102676613230248,0.5212626429558007,0.34477729961669135
619,9.102676613230248,0.5212626429558007,0.34477729961669135
,,,
620,9.121343239658412,0.5281127259696132,0.35708982183013227
621,8.79152445365532,0.35456817376913646,-0.023582607846013
622,8.794225400916249,0.3545292155952908,-0.003152656736507142
623,8.80141209098607,0.3546957064545235,0.03769093561331077
624,8.827563509242603,0.35628776301405757,0.08428405935418218
625,8.827563509242603,0.35628776301405757,0.08428405935418218
626,8.846552075892436,0.35838996877724916,0.13576452167875497
627,8.865906668506874,0.3615309621090359,0.18675716968034742
628,8.90472738498078,0.3699388367348246,0.23362453931254631
629,8.90472738498078,0.3699388367348246,0.23362453931254631
630,8.943049160677973,0.37989176668164354,0.27146118443920036
631,8.943049160677973,0.37989176668164354,0.27146118443920036
632,8.981081983386332,0.3911360081526117,0.30437484154760236
633,8.981081983386332,0.3911360081526117,0.30437484154760236
634,9.018949454694127,0.40354680775352547,0.3293455882299207
635,9.018949454694127,0.40354680775352547,0.3293455882299207
636,9.037662151531945,0.410102760315043,0.3453337378064146
637,9.05631759873072,0.41697569660815775,0.359335168870476
638,9.07490434643197,0.42405726524284515,0.3683664002957263
639,9.093309027084407,0.43140666425410823,0.3939401244411612
,,,
640,9.111632152689916,0.43921381258620495,0.41142617425093675
641,9.400367366797365,0.7496498155168722,-0.22474882757695264
642,9.400367366797365,0.7496498155168722,-0.22474882757695264
643,9.407605760188444,0.7480161175207705,-0.22395656546383225
644,9.442485490639422,0.7400732937966584,-0.22118324042928897
645,9.442485490639422,0.7400732937966584,-0.22118324042928897
646,9.481433930195271,0.731449057868992,-0.21485773628108765
647,9.500907335523758,0.7272163812427018,-0.21355508080352065
648,9.520459637550497,0.7229911545259954,-0.21206243322015184
649,9.540079547079083,0.7187783984691334,-0.21081592292877738
650,9.5596570331849,0.7146000591286459,-0.2097460242142674
651,9.5596570331849,0.7146000591286459,-0.2097460242142674
652,9.579131697453915,0.710481285551827,-0.20811532058070512
653,9.618177357920334,0.7023464723830286,-0.2025060192228346
654,9.637822335396715,0.6983403707704785,-0.19931376454294256
655,9.65745425427078,0.6944026985267774,-0.19686682331008656
656,9.676994327845662,0.6905349917336254,-0.19461126636884984
657,9.676994327845662,0.6905349917336254,-0.19461126636884984
658,9.696519377985197,0.6867188246826831,-0.19151555299301884
659,9.716118368274476,0.6829598807100081,-0.18762586807617496
,,,
660,9.755481233117964,0.6757147246773334,-0.17533751317138035
661,9.755481233117964,0.6757147246773334,-0.17533751317138035
662,9.422452363770187,0.8471538466486467,-0.22459855559696404
663,9.438031209978924,0.8441805078663868,-0.16258702374539652
664,9.438031209978924,0.8441805078663868,-0.16258702374539652
665,9.454610274414682,0.841598298560229,-0.15366172426381652
666,9.493977371765908,0.8348544559264552,-0.1842840692460352
667,9.493977371765908,0.8348544559264552,-0.1842840692460352
668,9.513566110361458,0.831104833073528,-0.19453683361512536
669,9.533196211028008,0.8271333596440765,-0.20509908127506818
670,9.552767064981136,0.8230400599695207,-0.20767197283604924
671,9.592025195858502,0.8146486686226152,-0.21298275563108268
672,9.592025195858502,0.8146486686226152,-0.21298275563108268
673,9.611482634900502,0.8104213502844542,-0.21536945957566636
674,9.650520091953677,0.8018270580674973,-0.2183134559780194
675,9.650520091953677,0.8018270580674973,-0.2183134559780194
676,9.67013837225263,0.7974567619295397,-0.2203064531084476
677,9.689717284316712,0.793046537787639,-0.2219477034376367
678,9.728553666318398,0.7842506898122985,-0.22322909834147195
679,9.728553666318398,0.7842506898122985,-0.22322909834147195
,,,
680,9.443424945623674,0.9449370799433421,-0.2248812409907781
681,9.443424945623674,0.9449370799433421,-0.2248812409907781
682,9.449179915110358,0.9435414235197674,-0.23252608931502822
683,9.449179915110358,0.9435414235197674,-0.23252608931502822
684,9.47131711755366,0.9379358078561995,-0.2638069568279271
685,9.490716280889744,0.9325019728568105,-0.28231470903049294
686,9.510074292044363,0.9267113419389941,-0.2986142800795714
687,9.529062698142207,0.9207191057036193,-0.3110832056476851
688,9.529062698142207,0.9207191057036193,-0.3110832056476851
689,9.547882927847256,0.9145769364689769,-0.32072882686677273
690,9.585853535395405,0.9015911134687865,-0.3366644964002385
691,9.585853535395405,0.9015911134687865,-0.3366644964002385
692,9.623624061015532,0.8882518313036228,-0.3396619729730666
693,9.623624061015532,0.8882518313036228,-0.3396619729730666
694,9.642361002155853,0.8816413948894821,-0.3397757835350131
695,9.680052217720363,0.8683857568930115,-0.3359606436408828
696,9.698957126552376,0.8618163872716385,-0.33348421737215855
697,9.698957126552376,0.8618163872716385,-0.33348421737215855
698,9.717817648830158,0.8553224504326336,-0.32883352743137034
699,9.736626214084065,0.8489766192468299,-0.32336668239416144
,,,
700,9.354226893388864,0.5550096472173861,-0.22488144820158842
701,9.357293391169806,0.5543193304128297,-0.21232412796357233
702,9.364787434820927,0.5528951817367198,-0.16740170315145977
703,9.364787434820927,0.5528951817367198,-0.16740170315145977
704,9.391241203959428,0.549430141268011,-0.11510369453618396
705,9.391241203959428,0.549430141268011,-0.11510369453618396
706,9.410718957010749,0.5474362201886308,-0.08765682235434258
707,9.450375136732946,0.5450678334397641,-0.03418858509217808
708,9.450375136732946,0.5450678334397641,-0.03418858509217808
709,9.489856686895175,0.5445692733765267,0.00536627193761791
710,9.489856686895175,0.5445692733765267,0.00536627193761791
711,9.529656154811446,0.5453793766866853,0.03418879303585758
712,9.529656154811446,0.5453793766866853,0.03418879303585758
713,9.549574053731904,0.5461710579540016,0.04402368603407069
714,9.569505776515804,0.5471191106538384,0.05023288566771553
715,9.589390749682979,0.5481919021117532,0.05727509817536747
716,9.629129906399267,0.5509179856249399,0.07936031180495914
717,9.629129906399267,0.5509179856249399,0.07936031180495914
718,9.668870208601602,0.5544103056349519,0.09205006423800172
719,9.668870208601602,0.5544103056349519,0.09205006423800172
,,,
720,9.331927813691893,0.4575275922294647,-0.22488144820158842
721,9.331927813691893,0.4575275922294647,-0.22488144820158842
722,9.334925257794108,0.4568318467564754,-0.2302369551915426
723,9.342748032885018,0.45490174939063804,-0.26104554808065494
724,9.354014232149535,0.4517699178833482,-0.2773885055405999
725,9.369727743082333,0.44743486270848676,-0.25527688524268277
726,9.388787484586842,0.44291438162979696,-0.2083414455468305
727,9.407960992313523,0.4392950225315979,-0.1599851681409209
728,9.427276280377903,0.4366144176224695,-0.11617176852461576
729,9.446819033692591,0.4346813187936658,-0.08076717669378966
730,9.466501595188493,0.43344106892808687,-0.044724995108065144
731,9.486244656708516,0.43287154513251613,-0.01365032076485479
732,9.506013020950904,0.4328838603754757,0.01506211903182041
733,9.525782079262477,0.4335198299684364,0.050179685036361985
734,9.54511949387622,0.4347670243067495,0.07689983398120695
735,9.564727879681723,0.43652268024028523,0.10088195435027272
736,9.584363460387259,0.4387138854959215,0.12093375892351871
737,9.623719066023126,0.4443071559923682,0.1563270733860116
738,9.623719066023126,0.4443071559923682,0.1563270733860116
739,9.662903315402882,0.45107171496729,0.18618522717469627
,,,
740,9.309629484269955,0.360045262222998,-0.2248812314575037
741,9.313683420737924,0.35910822408716103,-0.22630523798196983
742,9.313683420737924,0.35910822408716103,-0.22630523798196983
743,9.324889263938656,0.3565260947462084,-0.22374565979366548
744,9.338111615504836,0.35366470101472774,-0.2031116706976581
745,9.353491205907654,0.3507389677288425,-0.17003319142149673
746,9.391946484009633,0.3462184944922469,-0.06570694683046671
747,9.391946484009633,0.3462184944922469,-0.06570694683046671
748,9.411441177780489,0.3454106007293213,-0.019632356741165584
749,9.430997808520305,0.34545800538101196,0.025732283597270176
750,9.45053860177706,0.3464437980921277,0.07556782322595944
751,9.470053465710112,0.3484018063623059,0.12497449596128173
752,9.489762893860584,0.3512498575244504,0.15965660605431126
753,9.528639603220958,0.3585562489420679,0.20884760471226807
754,9.528639603220958,0.3585562489420679,0.20884760471226807
755,9.567532492002272,0.36757759288079106,0.24065341067376378
756,9.567532492002272,0.36757759288079106,0.24065341067376378
757,9.606015343277942,0.3774426159465343,0.2694871672931616
758,9.606015343277942,0.3774426159465343,0.2694871672931616
759,9.62518942129589,0.38293062862271615,0.2867674548960629
,,,
760,9.803416484272455,0.6752763969059262,-0.02042022469710997
761,9.806626063200026,0.675211580270504,-0.02075805926858841
762,9.81786028866311,0.6749810530235993,-0.02217426993138302
763,9.81786028866311,0.6749810530235993,-0.02217426993138302
764,9.836565240908573,0.674559326828546,-0.02079904892634896
765,9.856548508742017,0.6741926755761354,-0.015302542443993568
766,9.876471403026748,0.6739454934224222,-0.010176562978778515
767,9.89631913256419,0.6738375198139265,-0.0005994324455802724
768,9.936252438171625,0.6741797602876559,0.015521222619540302
769,9.936252438171625,0.6741797602876559,0.015521222619540302
770,9.95629978210269,0.6745314710850342,0.01878778015014838
771,9.976270834942744,0.6748852718098257,0.016231879927031467
772,10.01612424011167,0.6755580004477959,0.018999041253545807
773,10.01612424011167,0.6755580004477959,0.018999041253545807
774,10.036150420261036,0.6759641221250378,0.02183880110664537
775,10.07595861554334,0.6771464334148425,0.0384069229212869
776,10.07595861554334,0.6771464334148425,0.0384069229212869
777,10.115662924787475,0.6791098626533929,0.06359112936893495
778,10.115662924787475,0.6791098626533929,0.06359112936893495
779,10.135485401483205,0.680543357091882,0.08153275304858502
,,,
780,9.805458158962072,0.7752551113845141,-0.020417226202196416
781,9.805458158962072,0.7752551113845141,-0.020417226202196416
782,9.808466112100723,0.7752047250003381,-0.009106627183799966
783,9.816520013930884,0.7753448488112381,0.03962257698483143
784,9.829041179480177,0.77618063695795,0.08386252555416047
785,9.865894341725374,0.7792430864834858,0.07410862983045392
786,9.88579636993772,0.7806389443653877,0.0637612746380842
787,9.88579636993772,0.7806389443653877,0.0637612746380842
788,9.90572464562576,0.7817787506947597,0.048257657199169586
789,9.925817255399913,0.7826176558112863,0.03519187752137659
790,9.945907054412487,0.7832413626897099,0.027958119555269088
791,9.965780102114522,0.7837850733739246,0.027743016675476018
792,10.005591518448151,0.7850329896154894,0.03609193614042769
793,10.005591518448151,0.7850329896154894,0.03609193614042769
794,10.025499428578728,0.7858311083086988,0.045290595718143555
795,10.065830765264785,0.787340042851611,0.02465916419188096
796,10.086033756589543,0.7877034726315805,0.013182413393385141
797,10.086033756589543,0.7877034726315805,0.013182413393385141
798,10.106465594092134,0.7880309724397991,0.018528298089528675
799,10.14635811141981,0.7890186518369853,0.03425250836604717
,,,
800,9.807499545502857,0.8752347781814767,-0.02042027075481858
801,9.807499545502857,0.8752347781814767,-0.02042027075481858
802,9.809901430259076,0.8751831845138083,-0.019962516645025893
803,9.816745975807269,0.8751485664153966,0.005896914553657664
804,9.828373092731821,0.8754457684989047,0.03752582386414689
805,9.846144418393873,0.8762217548206894,0.04596347785538371
806,9.86654271901847,0.8770360742710669,0.029178955955016652
807,9.906868380101523,0.8772632249831398,-0.008046523034638476
808,9.906868380101523,0.8772632249831398,-0.008046523034638476
809,9.926892441851347,0.8770166340698655,-0.02152927687518377
810,9.947111414336293,0.8763506472147535,-0.0448675237659883
811,9.967243289827842,0.875367335396722,-0.05059481125748479
812,9.987175547501467,0.8742656167051771,-0.06287540456348459
813,10.007259698121057,0.8727673094566806,-0.0890084072120505
814,10.027197248782457,0.870813220081533,-0.10567501546000363
815,10.047290640441313,0.868489998745958,-0.1281116993486106
816,10.087507122172507,0.8625995459753726,-0.1555667814623002
817,10.107348928504495,0.8594495137920067,-0.16140212325123912
818,10.107348928504495,0.8594495137920067,-0.16140212325123912
819,10.146948752330228,0.8523279359690977,-0.19296687984908928
,,,
820,10.146948752330228,0.8523279359690977,-0.19296687984908928
821,9.799335289434733,0.47531719962558167,-0.02040088089077264
822,9.80205050342099,0.47528224716047723,-0.004975942158086329
823,9.81046975412685,0.47535298049680696,0.009089201460530905
824,9.823469474646629,0.4754049509501538,-0.0038134658511726747
825,9.840210097350734,0.475349991869313,0.0011373323877106622
826,9.859941116605548,0.47565039043963786,0.03022503709031003
827,9.899346284395824,0.47812348366434737,0.09414064338101856
828,9.899346284395824,0.47812348366434737,0.09414064338101856
829,9.918847429059229,0.4802716301532899,0.1265547047829262
830,9.958003745483168,0.4863973547367763,0.17190424396511084
831,9.958003745483168,0.4863973547367763,0.17190424396511084
832,9.977556643585219,0.4898844931815042,0.1822574596234401
833,9.996903980228288,0.4936339985456869,0.20105886377656712
834,10.016171616409313,0.49776781908270196,0.22123646736895605
835,10.035398646511707,0.5023203866017881,0.2454239244650871
836,10.054475995748836,0.5074102897225486,0.27665740561071495
837,10.073692372340782,0.5131116906066246,0.29860649770049424
838,10.092555015836012,0.5191488001221763,0.3211444312965261
839,10.111238372915414,0.5256342361211727,0.3494789119244035
,,,
840,9.797290738103175,0.3753389838881138,-0.02042122838474674
841,9.797290738103175,0.3753389838881138,-0.02042122838474674
842,9.809519639045142,0.3750342446031113,-0.02927427816473798
843,9.809519639045142,0.3750342446031113,-0.02927427816473798
844,9.845409052913894,0.37470364225381825,0.02248751231464908
845,9.865045999656493,0.3755127388807781,0.05978850674618401
846,9.865045999656493,0.3755127388807781,0.05978850674618401
847,9.884607510432915,0.377044679535868,0.09632024309527058
848,9.904123828713596,0.3792951728417519,0.13353615613512798
849,9.923603006044898,0.3822244841478778,0.16427183102255158
850,9.94278211901475,0.38572581712993526,0.1972540250647746
851,9.981468240975477,0.3944546277775949,0.24398621421322172
852,9.981468240975477,0.3944546277775949,0.24398621421322172
853,10.019977470948396,0.4051855548392299,0.30566999970699094
854,10.019977470948396,0.4051855548392299,0.30566999970699094
855,10.038598704170383,0.41138468543914347,0.3355878179378846
856,10.057161089215114,0.41813560562090907,0.36204195695262265
857,10.075682084299066,0.425372309317821,0.382709716890137
858,10.093612122959602,0.43292387820883244,0.4156167178759705
859,10.111559822677034,0.4411674410846018,0.4455594255687592
,,,
860,9.79525494848456,0.2753586055812947,-0.0204197806562077
861,9.79525494848456,0.2753586055812947,-0.0204197806562077
862,9.797898124459845,0.27530090331478296,-0.027411903106966267
863,9.80528213197142,0.2749821245318003,-0.06382486988552469
864,9.817609814510469,0.2740395652690034,-0.08285355641852452
865,9.853468680655546,0.27229459855554566,-0.00433449470619993
866,9.8728839396269,0.27267257836157444,0.04170131700220713
867,9.892538919206967,0.27396019920723674,0.09198490192240365
868,9.892538919206967,0.27396019920723674,0.09198490192240365
869,9.911877058594035,0.27628617398449273,0.15061504887199906
870,9.950076433237335,0.2842881573428119,0.24980928363121976
871,9.950076433237335,0.2842881573428119,0.24980928363121976
872,9.969100497315784,0.28949292991517944,0.28450068225352937
873,9.988167139567526,0.2952750419759875,0.3021484731488565
874,10.02564550603017,0.3079026005733884,0.3488010943901072
875,10.02564550603017,0.3079026005733884,0.3488010943901072
876,10.043984060168137,0.31493626488975696,0.38572818352967825
877,10.080105184079464,0.33097362438984423,0.44648299191034435
878,10.080105184079464,0.33097362438984423,0.44648299191034435
879,10.097823164048155,0.3397362541935085,0.4714659907809452
,,,
880,10.13246269112863,0.3586675523578657,0.5275162274435183
881,10.13246269112863,0.3586675523578657,0.5275162274435183
882,10.44170166874181,0.7016773420046352,0.05703957376901362
883,10.459619756143972,0.7024101240757824,0.014420837865283365
884,10.459619756143972,0.7024101240757824,0.014420837865283365
885,10.476458109560566,0.7025319403184428,0.006636049219792502
886,10.496413723643817,0.7028065130421758,0.020358131715094322
887,10.536077551867178,0.7040675302674596,0.043795086451135355
888,10.555848292493977,0.7050799364175788,0.059296464478271596
889,10.575716714145369,0.7063915212072628,0.07039122066113976
890,10.595697463724374,0.7078577072202573,0.07371744119270562
891,10.595697463724374,0.7078577072202573,0.07371744119270562
892,10.635528411354723,0.7108446052897485,0.0767168816956966
893,10.635528411354723,0.7108446052897485,0.0767168816956966
894,10.675337603814338,0.7138817938135201,0.07438242852733049
895,10.675337603814338,0.7138817938135201,0.07438242852733049
896,10.715443576947296,0.7167363434021712,0.06805541940175641
897,10.715443576947296,0.7167363434021712,0.06805541940175641
898,10.735346049556362,0.7180706068511521,0.0650918942471171
899,10.775219853582508,0.7204493153889471,0.05480715399829284
,,,
900,10.775219853582508,0.7204493153889471,0.05480715399829284
901,10.437504685196854,0.8015625085017811,0.0548934229099339
902,10.437504685196854,0.8015625085017811,0.0548934229099339
903,10.443367663956332,0.8019593905342075,0.06675506269528629
904,10.46732977341776,0.8033625438835891,0.04499867222611557
905,10.46732977341776,0.8033625438835891,0.04499867222611557
906,10.487392167958484,0.8040797792425642,0.02382337343657461
907,10.507510286928007,0.804447437850195,0.01343212577129491
908,10.527509577723093,0.8046842043845099,0.010369584050465737
909,10.567641131817078,0.8047523185773087,-0.012483777271727269
910,10.587794588487698,0.8043372515542498,-0.028861446656243003
911,10.587794588487698,0.8043372515542498,-0.028861446656243003
912,10.608030845880169,0.8036208766139795,-0.03999249959759293
913,10.628001747490423,0.8028134588153919,-0.040882492289617454
914,10.648051520959488,0.8019323387942552,-0.04739236245221762
915,10.668091339018996,0.800899528872106,-0.05631185526456379
916,10.688152664773162,0.7996571371996902,-0.06753403364003804
917,10.708110020987514,0.7982006415956393,-0.07829477314122374
918,10.728063615667532,0.796548666248466,-0.08582002347774687
919,10.74810430819813,0.7947053412447511,-0.09796477219014334
,,,
920,10.768008823165426,0.7926865381756494,-0.10442591949629719
921,10.431518315436069,0.9014283575426085,0.06570952654327847
922,10.439037171251332,0.9021207400740383,0.10965600290043602
923,10.439037171251332,0.9021207400740383,0.10965600290043602
924,10.47138727218039,0.9064481639074277,0.13108641218733702
925,10.47138727218039,0.9064481639074277,0.13108641218733702
926,10.511203014633939,0.9108766936329626,0.0808928037788608
927,10.511203014633939,0.9108766936329626,0.0808928037788608
928,10.531370173039296,0.9121742528447606,0.04802024538637144
929,10.551584385721567,0.9128909665031932,0.02266734255897846
930,10.571922300724221,0.9130002338341705,-0.0118342327638947
931,10.612557569833625,0.9115626830810611,-0.06217246933496466
932,10.632721182398063,0.9099932037084851,-0.09429358403474604
933,10.65280458979369,0.9077965648060793,-0.12108472812251347
934,10.65280458979369,0.9077965648060793,-0.12108472812251347
935,10.69257188640453,0.9019918549688246,-0.16932857306749194
936,10.71246748710976,0.8983513304596553,-0.19309543783077818
937,10.732121877980616,0.8942833750875266,-0.21341213814699603
938,10.771172773102899,0.8850215090428406,-0.252709560639177
939,10.771172773102899,0.8850215090428406,-0.252709560639177
,,,
940,10.790517867633913,0.8798818035800885,-0.2630146996116517
941,10.790517867633913,0.8798818035800885,-0.2630146996116517
942,10.465254028938661,0.5025785331495222,0.04750215939624594
943,10.465254028938661,0.5025785331495222,0.04750215939624594
944,10.479502997479095,0.503278559753858,0.0496413864832175
945,10.496400199821013,0.5042720737635761,0.07125776496140829
946,10.515816305085728,0.5061369853092882,0.12121797187595248
947,10.554766986439844,0.5123324102351561,0.18567458220257477
948,10.574107011717519,0.516221224669244,0.21268041662862935
949,10.593469849155387,0.5206591745834344,0.23558846586326052
950,10.593469849155387,0.5206591745834344,0.23558846586326052
951,10.631968720017035,0.530758757913176,0.280097796204129
952,10.631968720017035,0.530758757913176,0.280097796204129
953,10.650835037516998,0.5364065086863207,0.30129850189578333
954,10.669593086941804,0.5424970031001163,0.32685990292675765
955,10.707213208856638,0.5557347003718558,0.3529359554045612
956,10.707213208856638,0.5557347003718558,0.3529359554045612
957,10.725850238771653,0.5627674540759898,0.36807592988626675
958,10.74405994265089,0.5698668647394707,0.37392944474672374
959,10.762542033685458,0.5771197537485939,0.3729539848807553
,,,
960,10.781218023787712,0.5843797289167431,0.36815471943886
961,10.456465182870007,0.4019925700376219,0.03619980245789355
962,10.456465182870007,0.4019925700376219,0.03619980245789355
963,10.470152621863594,0.40249651120246455,0.04725895884718993
964,10.470152621863594,0.40249651120246455,0.04725895884718993
965,10.504193721812594,0.40547968425737957,0.12449864623599402
966,10.523547337840538,0.40829493720740695,0.16132249054670927
967,10.523547337840538,0.40829493720740695,0.16132249054670927
968,10.542979473162903,0.4117899727108768,0.19480032430324976
969,10.562237007906077,0.41604102619439204,0.24295957911272287
970,10.581198456487252,0.42114685087746717,0.28422527066189485
971,10.599751033915943,0.4269086255572634,0.3156810419801282
972,10.618362490195716,0.433289044668838,0.34502283391559474
973,10.63686181943781,0.4402412650801731,0.3740491185336017
974,10.655102791538539,0.4477703238738503,0.4095968749931121
975,10.691220663990208,0.4644906223287424,0.4596762745841272
976,10.691220663990208,0.4644906223287424,0.4596762745841272
977,10.708434620020087,0.4732904442682462,0.4829538322711236
978,10.72583629532613,0.48256094174530306,0.4950785045500962
979,10.743398714650391,0.492098308357604,0.49824551850597554
,,,
980,10.45956469381573,0.3020599685308729,0.0501864886797368
981,10.46243022119863,0.30222027763161485,0.06685446680126743
982,10.46996454867403,0.3029285453150661,0.11260607099279174
983,10.46996454867403,0.3029285453150661,0.11260607099279174
984,10.481582650186501,0.30448129558360404,0.14235471925095902
985,10.516927609068217,0.3103321461759659,0.19451505645239386
986,10.516927609068217,0.3103321461759659,0.19451505645239386
987,10.555087926739773,0.3192702333552471,0.270702895274565
988,10.555087926739773,0.3192702333552471,0.270702895274565
989,10.573726693057107,0.3248933006456696,0.31364305597208225
990,10.59221011799538,0.33132535104707816,0.3563414723748845
991,10.62844977512899,0.3464327082752667,0.4291188247945295
992,10.62844977512899,0.3464327082752667,0.4291188247945295
993,10.646195847416985,0.3549105900196312,0.46288299648308084
994,10.663831097134372,0.363979084067291,0.48628572275430776
995,10.69847197215772,0.38337500911031785,0.5358529833854209
996,10.69847197215772,0.38337500911031785,0.5358529833854209
997,10.715272131953936,0.3936244816194116,0.5592428625448691
998,10.731990696781244,0.40426550161264385,0.5736207570732892
999,10.748606905027694,0.4151942011074491,0.5900114878346816
,,,
1000,10.765256161371857,0.4263953800397826,0.5939679522415997
1001,11.088596135548578,0.7258739437086504,0.00334581485947085
1002,11.088596135548578,0.7258739437086504,0.00334581485947085
1003,11.108749996371897,0.7262972306049907,0.029567351113976424
1004,11.128639452855678,0.7269477476908616,0.03463626721640904
1005,11.128639452855678,0.7269477476908616,0.03463626721640904
1006,11.148626450970982,0.7276891306513735,0.0395147531802084
1007,11.188344286721737,0.7295351053946407,0.05429677984631261
1008,11.208275903988875,0.7306558131451782,0.05781226222734862
1009,11.208275903988875,0.7306558131451782,0.05781226222734862
1010,11.22828407151979,0.7318411457610314,0.06111491216762944
1011,11.268181103112934,0.7343816109798368,0.06473971629294942
1012,11.288021388533584,0.7356791521630252,0.06490535274252757
1013,11.288021388533584,0.7356791521630252,0.06490535274252757
1014,11.30795698808752,0.736973672664061,0.06471334834609568
1015,11.327960067384852,0.7382773749783254,0.06543624625122386
1016,11.347959355740285,0.7396241015096734,0.0698745131421084
1017,11.387651180642006,0.7424692553969918,0.07247874559297152
1018,11.387651180642006,0.7424692553969918,0.07247874559297152
1019,11.407555327219258,0.7439229502303442,0.07285478077602942
,,,
1020,11.427565435252642,0.7453512729939519,0.06927398191345559
1021,11.087747070282557,0.8258418261982512,-0.0021574527646467593
1022,11.089254197669431,0.8258188549360357,-0.008790586431541923
1023,11.093875578760603,0.8258301157605619,0.0024965228156637806
1024,11.104268469308787,0.8260141226059058,0.029395407627629634
1025,11.14062158456858,0.8268700542208458,0.0021731070843679086
1026,11.14062158456858,0.8268700542208458,0.0021731070843679086
1027,11.160910856380626,0.8266399231298011,-0.023743285316753182
1028,11.20080585499428,0.8250652799194671,-0.05449203022773855
1029,11.20080585499428,0.8250652799194671,-0.05449203022773855
1030,11.220876166807184,0.8238397688927641,-0.06627541404694143
1031,11.240933727583684,0.8224693178690868,-0.0699372873121048
1032,11.28075405422811,0.8197114259868703,-0.06809431685291281
1033,11.28075405422811,0.8197114259868703,-0.06809431685291281
1034,11.32057853367263,0.8170585173243845,-0.06484722287275048
1035,11.340616708156015,0.8157545497797368,-0.06669602088762548
1036,11.340616708156015,0.8157545497797368,-0.06669602088762548
1037,11.360698600356354,0.8143817275833597,-0.06936770697794442
1038,11.380527333615316,0.8130344902239951,-0.06670893267839345
1039,11.42034163720808,0.8104153555981852,-0.06808833355441947
,,,
1040,11.44038116092371,0.8090099850456999,-0.07247161295172211
1041,11.44038116092371,0.8090099850456999,-0.07247161295172211
1042,11.090354971713936,0.9258325920198666,0.00986527971337969
1043,11.096176074550089,0.9260043524672454,0.03287031944475371
1044,11.121325631461831,0.9264273957184715,-0.011440696937668846
1045,11.121325631461831,0.9264273957184715,-0.011440696937668846
1046,11.161519891118687,0.9246402091299883,-0.07159590739793631
1047,11.161519891118687,0.9246402091299883,-0.07159590739793631
1048,11.201678897616949,0.9209351908556783,-0.10582439217522085
1049,11.201678897616949,0.9209351908556783,-0.10582439217522085
1050,11.241674774845036,0.9161376984356506,-0.13546983852470584
1051,11.261501223828754,0.9132739686222582,-0.15156347288200087
1052,11.301252904023402,0.9065390864784939,-0.18470165009332465
1053,11.301252904023402,0.9065390864784939,-0.18470165009332465
1054,11.301252904023402,0.9065390864784939,-0.18470165009332465
1055,11.321090657135782,0.9026822620959627,-0.19738130032984758
1056,11.340655208943408,0.8986505636635164,-0.21040732268001794
1057,11.360175526602239,0.8943519956568419,-0.22294900715761945
1058,11.37973749947992,0.8897676165436528,-0.23804405452122107
1059,11.399283501085973,0.8849077799570839,-0.24943760296254802
,,,
1060,11.0871049943586,0.5258413600954125,-0.0021723948295449425
1061,11.0871049943586,0.5258413600954125,-0.0021723948295449425
1062,11.097025473359691,0.5256038220340565,-0.042380046699464116
1063,11.097025473359691,0.5256038220340565,-0.042380046699464116
1064,11.130547173083336,0.5242318983533556,-0.017959730839262437
1065,11.130547173083336,0.5242318983533556,-0.017959730839262437
1066,11.169840137607263,0.5248865667993045,0.05017125110026505
1067,11.189477333578521,0.5261764048976575,0.07964023334243608
1068,11.209205198695999,0.5280027907153204,0.10391565017689318
1069,11.209205198695999,0.5280027907153204,0.10391565017689318
1070,11.228939792617277,0.5302611931299294,0.12242417645600145
1071,11.248638371572396,0.532832297041652,0.13687064677605038
1072,11.268316343862695,0.5356985383887105,0.15251508313167986
1073,11.287727978879404,0.5388287310243297,0.16633043448562967
1074,11.3072946136294,0.5422641958446835,0.18156721060061354
1075,11.326871567196257,0.5459608156131772,0.1905721622946656
1076,11.36588650093834,0.5539596739638906,0.21247020074216563
1077,11.36588650093834,0.5539596739638906,0.21247020074216563
1078,11.385350223394157,0.5582526815331391,0.22102236348147888
1079,11.423999880356533,0.5673296269934185,0.24179500506501256
,,,
1080,11.08688606668239,0.42584231724149924,-0.0021511311752558924
1081,11.08688606668239,0.42584231724149924,-0.0021511311752558924
1082,11.091091461205853,0.4258226460182364,-0.001839946328429419
1083,11.11880324059834,0.4261025026480703,0.026101652862860255
1084,11.136140290141274,0.42674341900787977,0.04734888607531258
1085,11.155651484924535,0.42798831339793203,0.0800961605562927
1086,11.155651484924535,0.42798831339793203,0.0800961605562927
1087,11.17530004201744,0.42988134832555674,0.11212318128066444
1088,11.194984309972561,0.4323572510286505,0.13815704257973838
1089,11.233900797272346,0.4387996920650069,0.18591895456530014
1090,11.233900797272346,0.4387996920650069,0.18591895456530014
1091,11.253303276925594,0.44266596565721666,0.20742985961353616
1092,11.29198797555691,0.451478709226914,0.24033825766706834
1093,11.29198797555691,0.451478709226914,0.24033825766706834
1094,11.311224316536384,0.45634807013759976,0.2547000105528102
1095,11.330502703605742,0.4614730933054796,0.26500440419062593
1096,11.368685292933653,0.4724178786847751,0.29288611115017626
1097,11.368685292933653,0.4724178786847751,0.29288611115017626
1098,11.40651248374185,0.48433779873223237,0.3167107960711674
1099,11.40651248374185,0.48433779873223237,0.3167107960711674
,,,
1100,11.42531931334503,0.49067065132754745,0.33539989173716733
1101,11.086679821469914,0.3258395227927199,-0.0021412948524460046
1102,11.088551475146998,0.32576567107070753,-0.0017038985900679868
1103,11.091957061426324,0.32580361329620183,0.0007832906497074336
1104,11.099920906984671,0.3258670322888773,0.013562803621526046
1105,11.115193989368171,0.326239768310374,0.03399698608184099
1106,11.154346456790885,0.32885984025293635,0.09673536829340251
1107,11.174008734731286,0.33104484364548054,0.12566401625951276
1108,11.174008734731286,0.33104484364548054,0.12566401625951276
1109,11.1935970411015,0.33382878435872454,0.15579772859587201
1110,11.213036465458337,0.3371720411263468,0.18479070484283786
1111,11.251656957478511,0.34535320887135784,0.2342902712487791
1112,11.251656957478511,0.34535320887135784,0.2342902712487791
1113,11.290095875302411,0.3554236822671396,0.27786197875253055
1114,11.290095875302411,0.3554236822671396,0.27786197875253055
1115,11.309209218140893,0.3610728958446553,0.29803857684304
1116,11.346733121291843,0.37328410760844893,0.3296915253760669
1117,11.346733121291843,0.37328410760844893,0.3296915253760669
1118,11.365500303856706,0.3798601567021259,0.3441012504541864
1119,11.384229144542418,0.3867328576931821,0.359631212953141
,,,
1120,11.402802329410138,0.3939087946321642,0.37800094433895876
1121,11.73875525545485,0.7167335278007803,-0.019123019576283637
1122,11.741207228279537,0.7167141254879602,-0.003537045022526839
1123,11.750116673886271,0.7168544118001724,0.02741379685324655
1124,11.785669703386619,0.7183470740065514,0.043764434672758624
1125,11.785669703386619,0.7183470740065514,0.043764434672758624
1126,11.805640458848368,0.7192314858142157,0.044570993675401474
1127,11.825500312823047,0.7201366518033508,0.04574058788870561
1128,11.84544044203849,0.7210587941436292,0.04651612900143146
1129,11.865475325877604,0.7219600228880454,0.04300032684403782
1130,11.885473159821839,0.7227893138906363,0.039601013083343205
1131,11.90546541081101,0.7235651073346753,0.0380445662393797
1132,11.94535059124544,0.7249128497037126,0.02653591391498807
1133,11.94535059124544,0.7249128497037126,0.02653591391498807
1134,11.965451928768625,0.7253572610882584,0.01717893042659418
1135,12.005390747696604,0.7258213185877351,0.010547710081511575
1136,12.005390747696604,0.7258213185877351,0.010547710081511575
1137,12.025328990102988,0.7260656244953664,0.013544489738129826
1138,12.085326422717502,0.727069512816284,0.013819573465550785
1139,12.085326422717502,0.727069512816284,0.013819573465550785
,,,
1140,11.740667652036306,0.8167150862726225,-0.019124255432466073
1141,11.742561320023412,0.8166941698035698,-0.008638646709947472
1142,11.742561320023412,0.8166941698035698,-0.008638646709947472
1143,11.749321667173925,0.8167961874973512,0.03061193289887974
1144,11.779027166792286,0.8181638224836835,0.037113077747888766
1145,11.779027166792286,0.8181638224836835,0.037113077747888766
1146,11.799345757210064,0.818601115889729,0.005688769918157552
1147,11.819538470014033,0.8183975651656124,-0.02798997033524382
1148,11.839680071909346,0.8175328015138115,-0.05787312887398247
1149,11.859914226322486,0.816016041083551,-0.09271282061806911
1150,11.88011322867733,0.8139685028071659,-0.10658162319013664
1151,11.900065502913662,0.811726027806006,-0.11785956144820087
1152,11.919944435070827,0.8092982164466084,-0.12477495248403293
1153,11.959139320602386,0.8043747201728937,-0.12339028370745304
1154,11.979014724079718,0.8019373078255068,-0.1205027356179876
1155,11.998883243072804,0.7995716709764136,-0.1162592918357608
1156,11.998883243072804,0.7995716709764136,-0.1162592918357608
1157,12.038493622477795,0.795183414991951,-0.10613308498118504
1158,12.058328614768914,0.7931031770852155,-0.10255668069975617
1159,12.058328614768914,0.7931031770852155,-0.10255668069975617
,,,
1160,12.098205520070904,0.7890652349712184,-0.10138199364932096
1161,12.098205520070904,0.7890652349712184,-0.10138199364932096
1162,11.749810569532496,0.9165801900468217,-0.032766082639757825
1163,11.760744577293492,0.9159782609588027,-0.07820802991504927
1164,11.760744577293492,0.9159782609588027,-0.07820802991504927
1165,11.778099044795553,0.9141743832355337,-0.12444576250084272
1166,11.817964855707684,0.9079713319178744,-0.1819196960971585
1167,11.817964855707684,0.9079713319178744,-0.1819196960971585
1168,11.837844812529324,0.9040700270800296,-0.20598237190768412
1169,11.857466953841328,0.8997628302975416,-0.22555631923832622
1170,11.89626244517021,0.89031866351909,-0.247662805170596
1171,11.89626244517021,0.89031866351909,-0.247662805170596
1172,11.91563404041353,0.8853830035948491,-0.2514953919323892
1173,11.935048752052408,0.8803902490351574,-0.25203654467311276
1174,11.954526782567395,0.8753486938690268,-0.2557111435700454
1175,11.973839937533894,0.8702536869353603,-0.2608865116207262
1176,11.993066345063744,0.8650450546668266,-0.26821090436248396
1177,12.012317067932726,0.8597148440358279,-0.27197446254830926
1178,12.050984743951359,0.8491743004208445,-0.25934924530851844
1179,12.050984743951359,0.8491743004208445,-0.25934924530851844
,,,
1180,11.73492988239044,0.5167701186360415,-0.019125008476025364
1181,11.750014000130282,0.5164967295114177,-0.019420183811936383
1182,11.750014000130282,0.5164967295114177,-0.019420183811936383
1183,11.750014000130282,0.5164967295114177,-0.019420183811936383
1184,11.76842283779214,0.5161701628816061,-0.010621923028003575
1185,11.788062517231157,0.5161900737676074,0.012695466624324477
1186,11.807882819469498,0.5166578422467492,0.033473159498731316
1187,11.827694290995666,0.5175231526423347,0.05157653124380435
1188,11.867527777850404,0.5200198442118947,0.07038735082744366
1189,11.867527777850404,0.5200198442118947,0.07038735082744366
1190,11.88733780507205,0.5214880447158406,0.07894730275148729
1191,11.92703756410845,0.5248668008270404,0.09141056769172298
1192,11.92703756410845,0.5248668008270404,0.09141056769172298
1193,11.966840836378891,0.528602116893583,0.09379000942080673
1194,11.986731409097759,0.5304738848821413,0.09381074686403192
1195,11.986731409097759,0.5304738848821413,0.09381074686403192
1196,12.006640784730205,0.5323550285288656,0.09472861638242647
1197,12.026445371095738,0.534262999606768,0.09712780460231496
1198,12.066214598907859,0.5382066407700974,0.10103729706115552
1199,12.066214598907859,0.5382066407700974,0.10103729706115552
,,,
1200,11.733018004198561,0.41678794989847656,-0.019121987370831053
1201,11.733018004198561,0.41678794989847656,-0.019121987370831053
1202,11.735603000575175,0.416760802117474,-0.002576023108305948
1203,11.74333400413604,0.4169684209120487,0.04990636117446406
1204,11.75628059472873,0.41801061812750545,0.10068733438495042
1205,11.793347290677852,0.4224996093253755,0.14013279618403762
1206,11.793347290677852,0.4224996093253755,0.14013279618403762
1207,11.813009312401896,0.4254976731680778,0.16165567729957447
1208,11.83268076609472,0.42886547477952025,0.17853352866681488
1209,11.871532346433835,0.43644096180325814,0.2053514373641842
1210,11.890977741277469,0.4406174266241731,0.21637568823621856
1211,11.890977741277469,0.4406174266241731,0.21637568823621856
1212,11.91050105987994,0.44498250084208874,0.22419001755222367
1213,11.949425482363598,0.4541651906923342,0.23981203201941162
1214,11.949425482363598,0.4541651906923342,0.23981203201941162
1215,11.988070049314665,0.4638439710189157,0.24651712558565347
1216,12.007507651840882,0.46873388831947876,0.24621838558570425
1217,12.007507651840882,0.46873388831947876,0.24621838558570425
1218,12.027016502992495,0.47362282419955626,0.24429426091656556
1219,12.0657915166212,0.48311967743502515,0.2361293576654055
,,,
1220,12.0657915166212,0.48311967743502515,0.2361293576654055
1221,11.731114470112724,0.3168045770616303,-0.019127062032706057
1222,11.735852884923476,0.31670292254270166,-0.019623534509273077
1223,11.7634011728791,0.3161821559661246,-0.017130585272698
1224,11.7634011728791,0.3161821559661246,-0.017130585272698
1225,11.78027953499049,0.31604112422162517,0.004235426050595378
1226,11.799739607850917,0.3165070048078928,0.04310908566865869
1227,11.819385597423022,0.3177069809684871,0.07901718270528621
1228,11.858498915623311,0.3220107081058249,0.1394071791657997
1229,11.878085000837306,0.3250307286898065,0.16665606539467104
1230,11.878085000837306,0.3250307286898065,0.16665606539467104
1231,11.897658497502963,0.3285827425870424,0.19254225819549298
1232,11.916990512143308,0.3325731004649098,0.21514322837766428
1233,11.936274250324857,0.33695479895215064,0.2306538735340057
1234,11.974823403999356,0.3466188669152422,0.2605998498716604
1235,11.974823403999356,0.3466188669152422,0.2605998498716604
1236,11.994100656955437,0.3519075706346938,0.2754673032866321
1237,12.01335865111692,0.35744478048952144,0.2845817238761428
1238,12.032306111050739,0.3630557408442279,0.2902438494534272
1239,12.051409237534026,0.36875324509222884,0.28880807785455465
,,,
1240,12.387355056810756,0.7073843272113325,-0.010599994004168311
1241,12.38893317604227,0.7072967184145121,-0.014226134783630322
1242,12.38893317604227,0.7072967184145121,-0.014226134783630322
1243,12.39220286496678,0.707284777120034,-0.012371888372293227
1244,12.400207847062383,0.7072514994864821,0.002240726296802411
1245,12.415670908391917,0.7074630859031679,0.023313341126614647
1246,12.455504372089228,0.7088495917492256,0.0413991115319607
1247,12.475656012520213,0.7097698694002631,0.05340870788207015
1248,12.475656012520213,0.7097698694002631,0.05340870788207015
1249,12.495732832236941,0.7110827156835626,0.0787716829691829
1250,12.515412799658934,0.7127613858430366,0.08578811147057458
1251,12.535309394369909,0.7145349180854692,0.09274255502925417
1252,12.555140961756841,0.7164462142823157,0.09917434938027729
1253,12.574931378465955,0.7185544682576531,0.11401839038663983
1254,12.594694065526499,0.7209311530477943,0.12489671818296635
1255,12.614229085697287,0.7234334266245014,0.1268622040765241
1256,12.653932177878113,0.7283962860468577,0.11937681945873822
1257,12.653932177878113,0.7283962860468577,0.11937681945873822
1258,12.673829410740408,0.7307356316835033,0.11586263227301143
1259,12.693692700580652,0.7330718146449204,0.11875303985591937
,,,
1260,12.733241272210966,0.7378077158731632,0.11785386156599832
1261,12.733241272210966,0.7378077158731632,0.11785386156599832
1262,12.399092181094986,0.8069187106052969,-0.06740374609563307
1263,12.399092181094986,0.8069187106052969,-0.06740374609563307
1264,12.414143536557443,0.8057229344521291,-0.08576164136670537
1265,12.433040170529662,0.8041828890904765,-0.07790090530692216
1266,12.452921970999501,0.8026969286782052,-0.07154016560389925
1267,12.472521033043629,0.8013814531182805,-0.06282992115304323
1268,12.492364705952749,0.8002777511442964,-0.046377956337158736
1269,12.512338917831922,0.7994119038094932,-0.041951489397455057
1270,12.532286627917642,0.7985347834738121,-0.047255174162368845
1271,12.552292276170283,0.7975029381118802,-0.05577358489427437
1272,12.571786971348287,0.7963948466429279,-0.05814200674896375
1273,12.591701288918305,0.7952556698027476,-0.056219060707854096
1274,12.611640581816488,0.7942157384923314,-0.04743608751587323
1275,12.651570877200163,0.7925809610761039,-0.035860249078736965
1276,12.651570877200163,0.7925809610761039,-0.035860249078736965
1277,12.671440444351717,0.7918979472365545,-0.03545105659831417
1278,12.691411428714128,0.7911413261886324,-0.040387556929646906
1279,12.711443635881373,0.7903030745509402,-0.043371442081642876
,,,
1280,12.731524523425387,0.7893831943635575,-0.04854114916120443
1281,12.391635994275246,0.907340103646098,-0.02312305525660212
1282,12.391635994275246,0.907340103646098,-0.02312305525660212
1283,12.398774358449204,0.9070204810314264,-0.07039082633458903
1284,12.429702483625926,0.9035781895085713,-0.12569113279166652
1285,12.429702483625926,0.9035781895085713,-0.12569113279166652
1286,12.44947618628884,0.9010742560408938,-0.12686648744297788
1287,12.469316513222116,0.8985202667548448,-0.12956955646006904
1288,12.489050476565916,0.8959147572659438,-0.13365530463758196
1289,12.508862360408207,0.8932612870400879,-0.13170606688305309
1290,12.528708260960133,0.8906642469550489,-0.1289978825649735
1291,12.548465961979256,0.8881024389158801,-0.12961241030887838
1292,12.568312770539652,0.8854844579480263,-0.1327521876905454
1293,12.60780537631857,0.880095149507244,-0.13970374378866077
1294,12.62765599949554,0.877262488044011,-0.14464425682975346
1295,12.647447392552145,0.8743095955476284,-0.1524162817875472
1296,12.647447392552145,0.8743095955476284,-0.1524162817875472
1297,12.686994959371896,0.867860663515518,-0.16972910886112516
1298,12.706748548919528,0.8643586363550144,-0.18159595244788287
1299,12.7266400124486,0.8606210393350752,-0.18795556669292846
,,,
1300,12.385234914829054,0.5073955921010497,-0.010596166490709318
1301,12.388673464210093,0.5073598524456298,-0.009002154334567794
1302,12.388673464210093,0.5073598524456298,-0.009002154334567794
1303,12.398553172556403,0.5072362695178683,-0.025636360950067574
1304,12.411431291953742,0.5067377843135579,-0.05038078252566641
1305,12.4464052270552,0.5056037661594652,-0.0021184971208926093
1306,12.4464052270552,0.5056037661594652,-0.0021184971208926093
1307,12.46607708376085,0.5059336122348059,0.03632738549495448
1308,12.485603916702605,0.5070098714119682,0.07339994825690864
1309,12.505156570500302,0.5087934264010313,0.10854423310397274
1310,12.544307899046466,0.5143477852427987,0.17324969779612387
1311,12.544307899046466,0.5143477852427987,0.17324969779612387
1312,12.582902381025658,0.5223502702750422,0.23220852446608262
1313,12.582902381025658,0.5223502702750422,0.23220852446608262
1314,12.60201403045356,0.5271391763928205,0.258660240381081
1315,12.639945803324435,0.5382254782023744,0.3097013216077852
1316,12.639945803324435,0.5382254782023744,0.3097013216077852
1317,12.67733497684057,0.5512351742830618,0.3560187173809829
1318,12.67733497684057,0.5512351742830618,0.3560187173809829
1319,12.696013194260932,0.5583205470762458,0.3703309523603688
,,,
1320,12.732639410657287,0.5729424517778052,0.3861737184991353
1321,12.732639410657287,0.5729424517778052,0.3861737184991353
1322,12.398954682418353,0.4071928382992674,-0.015173527040358781
1323,12.416128017669937,0.4070874282930011,0.007873273416224309
1324,12.416128017669937,0.4070874282930011,0.007873273416224309
1325,12.435358543351619,0.4075742220296639,0.04187072913183243
1326,12.474669000403797,0.4107647444489992,0.13019125457263278
1327,12.474669000403797,0.4107647444489992,0.13019125457263278
1328,12.513250797693146,0.41757469803155245,0.2130820797324796
1329,12.53246868228431,0.4220693586823098,0.2438083997247762
1330,12.551628286853367,0.42711150913460805,0.27129455976030703
1331,12.570708940499282,0.43268253529493644,0.29601751391961023
1332,12.589545270685,0.4386823588513323,0.3226294247076012
1333,12.608094619754722,0.4451679270849463,0.34858424653356507
1334,12.626579799538383,0.45213152347867663,0.371544980332956
1335,12.626579799538383,0.45213152347867663,0.371544980332956
1336,12.64500412486547,0.45954005492090877,0.392648755579629
1337,12.681732566218484,0.4752994056530298,0.41710372403336493
1338,12.681732566218484,0.4752994056530298,0.41710372403336493
1339,12.699762106455507,0.4834207468995197,0.4282564326304492
,,,
1340,12.717914641204032,0.49173520113245833,0.4264963431286432
1341,12.383119611400629,0.30740600562182563,-0.010601211447649013
1342,12.386829362587786,0.3073352937726361,-0.018745804062661613
1343,12.4070850821068,0.30635603024448765,-0.06659279773698534
1344,12.423391550669036,0.30543385828882674,-0.04238272689575327
1345,12.442978366787282,0.30492330318594324,-0.010825501274079266
1346,12.442978366787282,0.30492330318594324,-0.010825501274079266
1347,12.462429489654005,0.30501534818819276,0.020480551347707127
1348,12.482026317728309,0.3057807364052842,0.057878461150901325
1349,12.521138071088297,0.3097976492872882,0.15061517129539823
1350,12.521138071088297,0.3097976492872882,0.15061517129539823
1351,12.559709310941708,0.3174444294039178,0.239824888404103
1352,12.578598317121262,0.3225109420104831,0.2846239285041267
1353,12.59735854276871,0.32839806257490184,0.32357324862352865
1354,12.615880344377967,0.3349948948956567,0.3599296909025452
1355,12.63415723286034,0.3422487751493909,0.3946255575820091
1356,12.63415723286034,0.3422487751493909,0.3946255575820091
1357,12.652393726566201,0.3501057822279303,0.4175027855152524
1358,12.688356315746285,0.36686208044679103,0.4535439356558013
1359,12.688356315746285,0.36686208044679103,0.4535439356558013
,,,
1360,12.723815603619022,0.38472384029367546,0.4742000077603097
1361,12.723815603619022,0.38472384029367546,0.4742000077603097
1362,13.040408329328494,0.703473872694186,-0.0029535354464730592
1363,13.052160476789691,0.703454071961477,-0.0003837894028504743
1364,13.067321352652193,0.7035272370860922,0.007665017619342876
1365,13.10456512125201,0.7038305252479498,0.007264667849411992
1366,13.124592082507121,0.7039744466903682,0.006984596173759406
1367,13.124592082507121,0.7039744466903682,0.006984596173759406
1368,13.144677171039662,0.7041192027791832,0.007696958377639863
1369,13.184564847728359,0.7045142642723545,0.011763419723571956
1370,13.184564847728359,0.7045142642723545,0.011763419723571956
1371,13.224407226862995,0.7052494462262903,0.024720553143101492
1372,13.224407226862995,0.7052494462262903,0.024720553143101492
1373,13.24445560889633,0.7057940813669795,0.03038723924085299
1374,13.26448922541597,0.7064693549032105,0.0392098254460249
1375,13.304056795214123,0.708359895975271,0.049940641940211694
1376,13.304056795214123,0.708359895975271,0.049940641940211694
1377,13.324027060217174,0.7093602822949583,0.050744960609688895
1378,13.344054060690253,0.7104071167802154,0.0544433898320524
1379,13.364078226626962,0.7115542928113723,0.061741611506106096
,,,
1380,13.383931196635602,0.7128808683961827,0.07183753576215343
1381,13.053128750693903,0.8034510151134616,-0.00410176019769376
1382,13.053128750693903,0.8034510151134616,-0.00410176019769376
1383,13.071872609646894,0.8033205132654533,-0.010307142615206877
1384,13.071872609646894,0.8033205132654533,-0.010307142615206877
1385,13.091688868960128,0.8030528168977723,-0.017854674676274204
1386,13.111588690106915,0.8025924297920434,-0.028975337632523444
1387,13.131629719381866,0.801900913028926,-0.040439899707314896
1388,13.17184726885905,0.7999609004134869,-0.05513904073880464
1389,13.191838732987701,0.7987824683476508,-0.06251374801217596
1390,13.191838732987701,0.7987824683476508,-0.06251374801217596
1391,13.211723618830582,0.7974518373215329,-0.07070799258272255
1392,13.23170555379781,0.7959238053880063,-0.08247284303676206
1393,13.251657945105618,0.7942820821812995,-0.0828123857591279
1394,13.291624577988312,0.7908682261819013,-0.08603071279230164
1395,13.31142302824373,0.789160247414787,-0.08632952930345775
1396,13.31142302824373,0.789160247414787,-0.08632952930345775
1397,13.351224978337159,0.7857581459789095,-0.0838285412779535
1398,13.371224159419379,0.7841019015566107,-0.07962539232129451
1399,13.371224159419379,0.7841019015566107,-0.07962539232129451
,,,
1400,13.39119857277245,0.7825554816698754,-0.07363926213252614
1401,13.036719219105152,0.9034981330254193,-0.0029075780132712874
1402,13.039911916754338,0.9034888447708515,-0.002947401187397516
1403,13.051120576501134,0.9034668683695439,-0.0031291763258903533
1404,13.089114986689255,0.9027688115798227,-0.04083385706836805
1405,13.10922886891585,0.9017132575829284,-0.063027055545511
1406,13.10922886891585,0.9017132575829284,-0.063027055545511
1407,13.129263602460655,0.9002483709821714,-0.08343905676228207
1408,13.149366147788461,0.8983303955905554,-0.10740880068328994
1409,13.169397621877007,0.8959950804405787,-0.12313353439006726
1410,13.18898690507634,0.8933885509660943,-0.143561768965861
1411,13.208862396137022,0.8904008335912003,-0.1536271281568881
1412,13.22863508539489,0.8872720230231713,-0.1612525134610733
1413,13.248291278169344,0.8840142054568654,-0.16700713759101607
1414,13.287719388774926,0.8771351492760824,-0.1766554780663911
1415,13.307414358311377,0.8736116419027109,-0.17749660775628304
1416,13.307414358311377,0.8736116419027109,-0.17749660775628304
1417,13.32714024876518,0.8700647453742404,-0.17905211577026275
1418,13.346720872797029,0.8664916921090031,-0.18226428620587212
1419,13.36639640302516,0.8628404190630419,-0.18485354772795143
,,,
1420,13.405595994133865,0.855272210662559,-0.19659647470825425
1421,13.405595994133865,0.855272210662559,-0.19659647470825425
1422,13.038970819063797,0.5034600050199437,-0.009721628694961924
1423,13.047938869803671,0.503241412168846,-0.047539127472880624
1424,13.059763479802738,0.5024994598976561,-0.07401847951278569
1425,13.075764894798846,0.5013748520008461,-0.06037511782541229
1426,13.09507986286112,0.5005231244969522,-0.02953106251039579
1427,13.11472293909108,0.5002544950024185,0.0017289118130854948
1428,13.13443384552819,0.5005375427760721,0.026356977981444683
1429,13.174213927078645,0.5022986504430956,0.058351587053166044
1430,13.174213927078645,0.5022986504430956,0.058351587053166044
1431,13.194405168607268,0.5036174600984772,0.07409201067532524
1432,13.21415569095356,0.5053029245850007,0.09577290993083278
1433,13.233889818104087,0.5072949140313513,0.10317218243859805
1434,13.253620450809965,0.509499455920386,0.1200809141005932
1435,13.293156714299707,0.5150927765120611,0.15639876087881568
1436,13.293156714299707,0.5150927765120611,0.15639876087881568
1437,13.31269434538889,0.5182978423354899,0.16839021761754563
1438,13.332128187897922,0.5217807757122215,0.18731327833826966
1439,13.371226097762051,0.5296276473867392,0.20521894107180103
,,,
1440,13.390748947993213,0.5337644357720263,0.21362899909917477
1441,13.390748947993213,0.5337644357720263,0.21362899909917477
1442,13.037015787478632,0.4034987939197794,-0.003069629048781055
1443,13.042575191347227,0.4035679011379771,0.021800021236854546
1444,13.053833423751056,0.4041202275640345,0.07297514466823865
1445,13.070741464076953,0.4057290469200449,0.10785391592577909
1446,13.09040981137205,0.40802102112478394,0.12344698193891371
1447,13.11012144332303,0.4106139364776898,0.13750301595263018
1448,13.1298233815486,0.4135264473148069,0.15615029942651057
1449,13.149472573216249,0.4168313890167428,0.1775378767507047
1450,13.16896739931837,0.42051157968428793,0.19524022089918586
1451,13.18827431166838,0.4245306817143134,0.2153402530508057
1452,13.22719123800678,0.43344777053245004,0.23306584099997965
1453,13.22719123800678,0.43344777053245004,0.23306584099997965
1454,13.246657428568025,0.4381529983419375,0.24393153491302688
1455,13.265807163133276,0.44304908898372425,0.2562354653084365
1456,13.284930916851158,0.4481784093719869,0.2677511806474555
1457,13.304076658160643,0.45354270714276124,0.278409712029712
1458,13.342497508709737,0.4648496167177193,0.288852371614094
1459,13.342497508709737,0.4648496167177193,0.288852371614094
,,,
1460,13.034972581933266,0.3035008550646146,-0.0029079403539090075
1461,13.034972581933266,0.3035008550646146,-0.0029079403539090075
1462,13.038671803263828,0.30348533490435664,-0.0030511857978249286
1463,13.050885200905215,0.30345874838642994,-0.002941104396484853
1464,13.06881450632421,0.30352793660438815,0.01436265295162222
1465,13.088064403120748,0.30407988737173464,0.043582744090138084
1466,13.127244761039838,0.3069694450702794,0.1020222726270955
1467,13.127244761039838,0.3069694450702794,0.1020222726270955
1468,13.146913809937404,0.3092264943788079,0.12408399344849583
1469,13.18608007732369,0.3149558740011508,0.16502432087433538
1470,13.18608007732369,0.3149558740011508,0.16502432087433538
1471,13.205647207839089,0.3184046900592375,0.1841930563813146
1472,13.263679897716804,0.33071622879102763,0.23416355337141043
1473,13.263679897716804,0.33071622879102763,0.23416355337141043
1474,13.263679897716804,0.33071622879102763,0.23416355337141043
1475,13.282933501651915,0.3354695912715916,0.2476922931728713
1476,13.302300073215815,0.3404256262714508,0.2538304374342599
1477,13.321586894348707,0.3455548530558661,0.26685417508467185
1478,13.359503540367653,0.35653560376822935,0.29989538537374516
1479,13.359503540367653,0.35653560376822935,0.29989538537374516
,,,
1480,13.378395704486922,0.362544116394779,0.31218937049052314
1481,13.680007414370252,0.7182793036741729,0.05030026356585736
1482,13.683854713966516,0.7184531906333286,0.0513171131433376
1483,13.702237581753074,0.7194281971485925,0.05731774918091732
1484,13.702237581753074,0.7194281971485925,0.05731774918091732
1485,13.737038164095207,0.7216235593618118,0.06671575910122954
1486,13.757079423970332,0.7229725050640473,0.06650448916894278
1487,13.777157021741486,0.7242643764832292,0.06162652516603541
1488,13.797044955960455,0.725441362669176,0.05687107658768039
1489,13.816936612301019,0.7265532946625581,0.055914408535931256
1490,13.816936612301019,0.7265532946625581,0.055914408535931256
1491,13.836882912892674,0.7276862507518198,0.05863923663317182
1492,13.876964747116402,0.7301402724354423,0.06129910658843538
1493,13.876964747116402,0.7301402724354423,0.06129910658843538
1494,13.896856782428584,0.7313274272637683,0.05696770828439987
1495,13.936695195245834,0.7334825629109817,0.054606367985468966
1496,13.936695195245834,0.7334825629109817,0.054606367985468966
1497,13.956702736771543,0.7346013267235698,0.05803844000299763
1498,13.976776950240009,0.7357424277792725,0.05487147627184515
1499,13.996698749864114,0.7368072623177631,0.05274803614878168
,,,
1500,13.674982778364134,0.8181523117187858,0.05029753458313311
1501,13.674982778364134,0.8181523117187858,0.05029753458313311
1502,13.69170901079786,0.8190269232051546,0.05540777506145766
1503,13.70711142509171,0.8199275934340048,0.0606699223247501
1504,13.70711142509171,0.8199275934340048,0.0606699223247501
1505,13.744400298031554,0.8221155382863811,0.04778372712185363
1506,13.744400298031554,0.8221155382863811,0.04778372712185363
1507,13.764515263677355,0.8229447021937332,0.034961192997820245
1508,13.784660235669335,0.8235585749869714,0.02619844363469274
1509,13.824660972616616,0.8241475253310958,0.0013273019161145403
1510,13.824660972616616,0.8241475253310958,0.0013273019161145403
1511,13.864849735948912,0.8235900278090375,-0.02809619291480968
1512,13.864849735948912,0.8235900278090375,-0.02809619291480968
1513,13.905020109146383,0.8218321366471247,-0.06143499523499714
1514,13.905020109146383,0.8218321366471247,-0.06143499523499714
1515,13.925115277554807,0.8204241355317603,-0.07776996455825662
1516,13.945209272368393,0.8186937220048653,-0.09505710343270442
1517,13.985078195046588,0.8145016313618465,-0.11419422119435041
1518,13.985078195046588,0.8145016313618465,-0.11419422119435041
1519,14.004947263685544,0.8121406195162633,-0.12208697705158526
,,,
1520,14.024882112990127,0.8095983875717987,-0.13199861159056567
1521,13.669951286500098,0.9180261471718875,0.05029182771367172
1522,13.678735634594213,0.9184095124554381,0.04473575305589195
1523,13.678735634594213,0.9184095124554381,0.04473575305589195
1524,13.690289245312371,0.9190980600837867,0.07140775896486358
1525,13.726571911905388,0.9213708146434108,0.042106543656083
1526,13.746829964539476,0.9219704424621996,0.0174296865095433
1527,13.746829964539476,0.9219704424621996,0.0174296865095433
1528,13.786811474351815,0.9218357661999829,-0.025971454890168957
1529,13.807016396725786,0.9210710691279104,-0.048169044565493535
1530,13.807016396725786,0.9210710691279104,-0.048169044565493535
1531,13.847410678264838,0.9181335115871126,-0.09861886699335067
1532,13.847410678264838,0.9181335115871126,-0.09861886699335067
1533,13.867525580766726,0.915877562523057,-0.12573911384502173
1534,13.887361490189303,0.9131405548832042,-0.14849353791431022
1535,13.927018367496723,0.9067241454912252,-0.16651369806893157
1536,13.927018367496723,0.9067241454912252,-0.16651369806893157
1537,13.9664709641484,0.8998881480630776,-0.17906893599024776
1538,13.9664709641484,0.8998881480630776,-0.17906893599024776
1539,13.98620530402078,0.8962345955352714,-0.1877782413842432
,,,
1540,13.690061387838021,0.5185318662821952,0.05030255564381792
1541,13.692644714994026,0.5186885644008317,0.06775941937732888
1542,13.692644714994026,0.5186885644008317,0.06775941937732888
1543,13.701543639190863,0.5194666016665089,0.0976560133860738
1544,13.716248703491665,0.5210254710403435,0.10712970388389237
1545,13.733723269423852,0.5229569572389698,0.11470766077394004
1546,13.753427940827946,0.5254000502443462,0.13204960322187403
1547,13.773245187337011,0.5283098131057116,0.15985996636901542
1548,13.792522424176502,0.5316151399227356,0.1779865341863352
1549,13.831358319369405,0.5392330578804149,0.20153841540434178
1550,13.831358319369405,0.5392330578804149,0.20153841540434178
1551,13.870616303778528,0.5473384462060861,0.20514283322605614
1552,13.870616303778528,0.5473384462060861,0.20514283322605614
1553,13.890177067863771,0.551427146487568,0.2079102066046163
1554,13.9290915617611,0.5598201437512497,0.21396395229195095
1555,13.948639518221718,0.5640760646126447,0.2148508997204752
1556,13.948639518221718,0.5640760646126447,0.2148508997204752
1557,13.968243289141538,0.5683677244685121,0.21650473185404165
1558,13.987788814459803,0.5727084808483319,0.22213228066785853
1559,14.00716480632897,0.5771419221494102,0.22682664255420817
,,,
1560,13.695089473393152,0.41865875299361816,0.05029984084024556
1561,13.695089473393152,0.41865875299361816,0.05029984084024556
1562,13.709526982527965,0.4194020247405794,0.05655555631330661
1563,13.721657754899166,0.42014237915847075,0.06257452215617584
1564,13.721657754899166,0.42014237915847075,0.06257452215617584
1565,13.756366179428575,0.42314472222306193,0.11602566978908621
1566,13.775958971356602,0.42575510244339326,0.14751550899875326
1567,13.79535376404076,0.42892019347852267,0.17587175245423445
1568,13.79535376404076,0.42892019347852267,0.17587175245423445
1569,13.814778804649228,0.43265144065287914,0.2029285126712506
1570,13.853514477332784,0.4414129527343814,0.2437083791959878
1571,13.872868616809374,0.44643948063500516,0.2620919691721438
1572,13.892038718634453,0.4516862203088262,0.2700518412414031
1573,13.892038718634453,0.4516862203088262,0.2700518412414031
1574,13.911144133079889,0.4570914903130034,0.28688565874507727
1575,13.930079154401662,0.46297494571208353,0.3161318347049847
1576,13.967705755242562,0.4759950869153725,0.3447137254581277
1577,13.967705755242562,0.4759950869153725,0.3447137254581277
1578,13.98648239151623,0.48271447279382423,0.340339889848959
1579,14.005337569026416,0.489393756756656,0.34075962346114846
,,,
1580,14.024324570943126,0.49607688456164034,0.33520575123945656
1581,13.70083392101518,0.31883890582484375,0.04953052438551514
1582,13.70083392101518,0.31883890582484375,0.04953052438551514
1583,13.715558509360982,0.3193212974388686,0.019498950773067437
1584,13.732731567333348,0.31967787159454064,0.030752877458670266
1585,13.732731567333348,0.31967787159454064,0.030752877458670266
1586,13.752300917051466,0.3206840302070606,0.07553830437171971
1587,13.772172428326082,0.3225647666485918,0.1087653775606925
1588,13.791974413918224,0.32501943715237686,0.1388971058890234
1589,13.811352249709676,0.3281297894976832,0.18226816736495147
1590,13.830674575336268,0.33203164396432294,0.21439035587913555
1591,13.850122067986398,0.33650221107403233,0.2361946965259039
1592,13.869117031851651,0.3414134263126872,0.27233285900759224
1593,13.907250796246808,0.35288974449782196,0.31562633633757425
1594,13.907250796246808,0.35288974449782196,0.31562633633757425
1595,13.926085720989713,0.3593226898783437,0.3394948132731827
1596,13.944376597827917,0.3661096828630957,0.37826970079280237
1597,13.962601231995272,0.373647084175607,0.39719400352090756
1598,13.980877559135397,0.3815035282702995,0.4164678077002837
1599,13.998863923526867,0.38978213006737,0.4480486043509084
,,,
1600,14.333631281335792,0.7414101894334868,0.00992464189855904
1601,14.333631281335792,0.7414101894334868,0.00992464189855904
1602,14.335843098347183,0.7414389010677241,0.024952759851756014
1603,14.342023093134422,0.7416854471063458,0.03811910003072889
1604,14.352710207041104,0.7420519589217552,0.02607989203331989
1605,14.389743456729502,0.7428467449231744,0.0313922368381544
1606,14.429590889489145,0.7445596613762887,0.052592638397804335
1607,14.429590889489145,0.7445596613762887,0.052592638397804335
1608,14.429590889489145,0.7445596613762887,0.052592638397804335
1609,14.449403685462693,0.7456880385036855,0.060463343494773496
1610,14.469224735351398,0.7470209956893185,0.07402977763066906
1611,14.508947791442582,0.7506624442481679,0.10927302409624928
1612,14.528496221238639,0.7529530728968721,0.12242279608287222
1613,14.528496221238639,0.7529530728968721,0.12242279608287222
1614,14.547944165403013,0.7554027113215968,0.12893822008990005
1615,14.567711450382934,0.757988285739321,0.13076740979573437
1616,14.587595287787632,0.7605834136222827,0.12829783793205307
1617,14.60755169177012,0.7631285353474664,0.1254744798683165
1618,14.627490117366857,0.7655814467373805,0.11913159479651943
1619,14.647267860078669,0.7678802977043321,0.11241934243387279
,,,
1620,14.332639608778674,0.8414051243840974,0.00992466501123394
1621,14.332639608778674,0.8414051243840974,0.00992466501123394
1622,14.344160557142088,0.8414569131072756,0.009966745079863957
1623,14.344160557142088,0.8414569131072756,0.009966745079863957
1624,14.368541656861797,0.8417940668605451,0.014526963190581305
1625,14.388385181409669,0.8421423382515686,0.021369286010541493
1626,14.408352803659554,0.8427052137384092,0.03554865312094197
1627,14.408352803659554,0.8427052137384092,0.03554865312094197
1628,14.467350338595711,0.8461181382114843,0.07788224915641836
1629,14.467350338595711,0.8461181382114843,0.07788224915641836
1630,14.467350338595711,0.8461181382114843,0.07788224915641836
1631,14.487222126043509,0.8477494870752306,0.08111784124553194
1632,14.507281331943032,0.849310674715084,0.07393065392578675
1633,14.52736041069823,0.8507205898367831,0.06587135404840086
1634,14.567217508983525,0.8529478467981962,0.04375611918378187
1635,14.567217508983525,0.8529478467981962,0.04375611918378187
1636,14.607344600021486,0.8544297977778035,0.031013980583885787
1637,14.62749897130591,0.8549801586708162,0.023497621956755133
1638,14.62749897130591,0.8549801586708162,0.023497621956755133
1639,14.687453615384245,0.8559179052520266,0.007250188070622335
,,,
1640,14.687453615384245,0.8559179052520266,0.007250188070622335
1641,14.687453615384245,0.8559179052520266,0.007250188070622335
1642,14.345511018358058,0.9415316416322637,0.010733429086704677
1643,14.345511018358058,0.9415316416322637,0.010733429086704677
1644,14.359051035653737,0.9417000887881909,0.011591532474413734
1645,14.374937646010158,0.9418798145054389,0.009239765319956215
1646,14.414968320275937,0.9417801344040879,-0.021548207244066538
1647,14.414968320275937,0.9417801344040879,-0.021548207244066538
1648,14.43519680627614,0.9411424108149697,-0.04030094003599561
1649,14.455326940166758,0.9402281555422106,-0.04982692898148949
1650,14.475434533130299,0.9391046565001449,-0.06298440074036836
1651,14.495515485449507,0.9376318384144645,-0.0844065962292449
1652,14.53564699844808,0.9333088490337043,-0.1283882064845511
1653,14.53564699844808,0.9333088490337043,-0.1283882064845511
1654,14.575494459833473,0.9274856513990984,-0.16318760590727946
1655,14.575494459833473,0.9274856513990984,-0.16318760590727946
1656,14.614997743348614,0.9202441606993634,-0.19736254056631436
1657,14.634591587669501,0.9161669326829177,-0.21380312804752408
1658,14.634591587669501,0.9161669326829177,-0.21380312804752408
1659,14.654161743565995,0.9117681513158835,-0.2275716554997426
,,,
1660,14.67375249872756,0.907094714502765,-0.2412626437202782
1661,14.335621454888205,0.5414185424535146,0.009905256636248114
1662,14.336906164641999,0.5413922211269584,0.0023253562787594463
1663,14.340581898895449,0.5414423415340534,0.007362556350925394
1664,14.365940712636407,0.542325492130966,0.0561817782305206
1665,14.365940712636407,0.542325492130966,0.0561817782305206
1666,14.384618182668689,0.5437309237403593,0.09448336189768963
1667,14.404144398807897,0.5458480120047555,0.11921077118449856
1668,14.423702271928445,0.5485515118624177,0.15845445649706125
1669,14.443168217781363,0.5520208888827688,0.1936145661250131
1670,14.48126023523858,0.560484812846678,0.24657435162543587
1671,14.48126023523858,0.560484812846678,0.24657435162543587
1672,14.519212386896148,0.5713226544238512,0.3050628759440084
1673,14.519212386896148,0.5713226544238512,0.3050628759440084
1674,14.556776102988628,0.5838712772789257,0.3402998577400483
1675,14.556776102988628,0.5838712772789257,0.3402998577400483
1676,14.575089387110513,0.5905926426512684,0.36061045775095646
1677,14.593285293376193,0.5976867324706381,0.3853662030726031
1678,14.611695057697597,0.6052461643216512,0.3883461593839498
1679,14.630391226873062,0.6127767030871921,0.3763285451751324
,,,
1680,14.667844927482104,0.6269606118769147,0.3497248163036359
1681,14.667844927482104,0.6269606118769147,0.3497248163036359
1682,14.350210543613528,0.4417435833658495,0.02776021739421005
1683,14.350210543613528,0.4417435833658495,0.02776021739421005
1684,14.36554129690989,0.4423253237848,0.048780355868110234
1685,14.382514922053437,0.44333803606313,0.07033877800042114
1686,14.40147237252288,0.4451253865475623,0.12184084738900981
1687,14.440091566490974,0.4518464916284521,0.22084539695758781
1688,14.45904480103283,0.45652846877121844,0.2616548057913008
1689,14.47793830450426,0.461935334546989,0.2959451651029023
1690,14.47793830450426,0.461935334546989,0.2959451651029023
1691,14.496700578703114,0.4679924758759586,0.3335008433914088
1692,14.533014595972535,0.4825922129289611,0.43185236527097604
1693,14.533014595972535,0.4825922129289611,0.43185236527097604
1694,14.550530085689072,0.49113372784781073,0.4704670328486662
1695,14.56804290355355,0.5003378640555705,0.49803147294352124
1696,14.585382578177688,0.5100612161283359,0.5195224710701327
1697,14.619121875302609,0.5303516006819041,0.5536321669727717
1698,14.619121875302609,0.5303516006819041,0.5536321669727717
1699,14.636172631172167,0.5408870083348858,0.555497115557006
,,,
1700,14.337601072924702,0.341429888975151,0.00992464189855904
1701,14.337601072924702,0.341429888975151,0.00992464189855904
1702,14.347037399730157,0.34144595471583916,-0.008052842530007365
1703,14.347037399730157,0.34144595471583916,-0.008052842530007365
1704,14.361847007189319,0.34134714710301584,-0.003042846203549085
1705,14.381070414992772,0.34152582152305616,0.024438045790306732
1706,14.40009116559733,0.34236700702448664,0.06785460644965514
1707,14.41956521678899,0.34419204883617416,0.11895437075504044
1708,14.457962219265811,0.35074111223394505,0.22989770749364521
1709,14.457962219265811,0.35074111223394505,0.22989770749364521
1710,14.476669261752722,0.3557576083040496,0.29052903490892695
1711,14.495405246900843,0.3617316895007692,0.3236536031954774
1712,14.514001652867949,0.36836182903509435,0.3619680952087839
1713,14.532147617433305,0.3757489254796254,0.413102431875744
1714,14.549529127923156,0.3840140443908554,0.47774312833203375
1715,14.581647873092967,0.40243171769055214,0.5529548302206811
1716,14.598345170936996,0.4129527484349401,0.5700783518321728
1717,14.598345170936996,0.4129527484349401,0.5700783518321728
1718,14.614460934773753,0.4235172074437751,0.5975657232891411
1719,14.630482545847999,0.434841762220549,0.6308570570717824
,,,
1720,14.987649129473782,0.7281242895562164,-0.03277504268824887
1721,14.987649129473782,0.7281242895562164,-0.03277504268824887
1722,14.99183271806631,0.7280210086857671,-0.02054418814732867
1723,14.99183271806631,0.7280210086857671,-0.02054418814732867
1724,15.020902932893796,0.7279780756021236,0.005734928168745266
1725,15.020902932893796,0.7279780756021236,0.005734928168745266
1726,15.041016512162768,0.7280834641950388,0.0037438623576021247
1727,15.061030602582825,0.72812182006333,-0.0001029854615760419
1728,15.080944507159902,0.7280920569302484,-0.002826193407328939
1729,15.120931254710673,0.7280196247624424,-0.00012641855602046884
1730,15.120931254710673,0.7280196247624424,-0.00012641855602046884
1731,15.14101230094941,0.7280255362231912,0.0008502518408376282
1732,15.161046813274908,0.7280394420315308,0.0006564523751232367
1733,15.180936669428318,0.7280605972657506,0.0009083046604636588
1734,15.200882143745174,0.7280917565319305,0.001972906428491491
1735,15.220898929851128,0.7281440804834782,0.0031731524448696392
1736,15.24099732606913,0.728193990006333,0.0017696339301354286
1737,15.280921733578404,0.7283043147764778,0.0038308748023467374
1738,15.280921733578404,0.7283043147764778,0.0038308748023467374
1739,15.320839294313329,0.7285544456482398,0.00804423231241155
,,,
1740,14.990925064349154,0.8280706538901299,-0.03277466826909418
1741,14.992727845341308,0.8279616332876532,-0.0396046903760827
1742,14.996400802689541,0.8278325163965189,-0.043967673398067224
1743,14.996400802689541,0.8278325163965189,-0.043967673398067224
1744,15.004437751609649,0.8274982299600722,-0.04203537982106985
1745,15.020070990346948,0.826838919116949,-0.04399078955677938
1746,15.060306584885444,0.8244232012011329,-0.07442246658509996
1747,15.060306584885444,0.8244232012011329,-0.07442246658509996
1748,15.100117001051439,0.8209907889530287,-0.09653020709638314
1749,15.100117001051439,0.8209907889530287,-0.09653020709638314
1750,15.140132422009087,0.8165302646138625,-0.12385877747041675
1751,15.140132422009087,0.8165302646138625,-0.12385877747041675
1752,15.179925260615008,0.81117215964881,-0.14368988170851313
1753,15.179925260615008,0.81117215964881,-0.14368988170851313
1754,15.199549536974878,0.8082426465225251,-0.15288603133872916
1755,15.219293723956454,0.8051696780685518,-0.15589197978402364
1756,15.239108639149853,0.8020164873559296,-0.15989856876974645
1757,15.258874738298209,0.7988116283912992,-0.1618299268137874
1758,15.278602508169243,0.795591937027958,-0.16189850765114813
1759,15.298228494781586,0.7924025455506795,-0.16125982332311947
,,,
1760,15.317919412210278,0.7892098528255164,-0.16055000706328681
1761,14.994201944443303,0.9280169497537014,-0.03277466826909418
1762,15.004655695678562,0.9280175155199785,0.029603320276218977
1763,15.004655695678562,0.9280175155199785,0.029603320276218977
1764,15.017062041956216,0.9286467388287714,0.05950700516836102
1765,15.034244913927845,0.9295782500600391,0.04316454938861986
1766,15.074298700268038,0.930370836357683,-0.005899963232990904
1767,15.074298700268038,0.930370836357683,-0.005899963232990904
1768,15.094485488313452,0.9300084325164455,-0.02761128467910346
1769,15.11479446693172,0.9291619047177888,-0.05770190973637555
1770,15.13511589981876,0.9276583150908896,-0.09029824719017555
1771,15.155246421395729,0.9255095114902981,-0.12256124263977437
1772,15.175164873522824,0.9227944838841333,-0.1477869162999459
1773,15.214927453770992,0.916058695829654,-0.19007835366008832
1774,15.234773132558123,0.9120271591762117,-0.20978641927329017
1775,15.273838062770142,0.9031650906639697,-0.2356751504535047
1776,15.273838062770142,0.9031650906639697,-0.2356751504535047
1777,15.273838062770142,0.9031650906639697,-0.2356751504535047
1778,15.293280241493369,0.898377376862308,-0.2467487777285107
1779,15.312868170335685,0.8933470131904966,-0.2530617842036725
,,,
1780,14.9810950733164,0.5282317170284145,-0.03277507879549083
1781,14.9810950733164,0.5282317170284145,-0.03277507879549083
1782,14.983201809784152,0.5281586760697179,-0.04163771404288107
1783,14.990194273073412,0.5277425796408184,-0.08190282136389838
1784,15.00268109836057,0.5265000457947935,-0.10948471959274908
1785,15.020197329037428,0.5246349800676879,-0.09697175978822482
1786,15.059671280884544,0.5219686827432107,-0.03905094451353387
1787,15.079335431064294,0.5214700126049635,-0.011216578995526211
1788,15.079335431064294,0.5214700126049635,-0.011216578995526211
1789,15.099081996904285,0.5215289958119904,0.01723460535059604
1790,15.138728644362084,0.5231685039960822,0.061029649462646024
1791,15.15852431300059,0.5245704148399399,0.08152483074563001
1792,15.178112623900617,0.5263703459638853,0.09908464158062281
1793,15.178112623900617,0.5263703459638853,0.09908464158062281
1794,15.217653755274906,0.530804675975033,0.12515096517997823
1795,15.237550699249939,0.5334120655618747,0.13220993670960537
1796,15.257366302627515,0.5360660065969275,0.1334251506978509
1797,15.257366302627515,0.5360660065969275,0.1334251506978509
1798,15.296883875540551,0.5414539346856088,0.13872456784171672
1799,15.31667661218695,0.5442459832126438,0.14066590504408027
,,,
1800,15.31667661218695,0.5442459832126438,0.14066590504408027
1801,14.97782446950531,0.4282834715147172,-0.032796614580964244
1802,14.98120189925092,0.42815808743497696,-0.03825721633202104
1803,14.990931913118219,0.4278341415822304,-0.029070031207968736
1804,15.005517480610441,0.4277121643466855,0.015949920206462163
1805,15.0226557763065,0.4284362544279123,0.06117655278253812
1806,15.042007569480223,0.4298832070660583,0.08800810744010287
1807,15.081378765186255,0.43435317516414845,0.1373321681268511
1808,15.081378765186255,0.43435317516414845,0.1373321681268511
1809,15.100941625133169,0.43732164964329306,0.16719769581805127
1810,15.120438407727514,0.4408605235169226,0.18820746789948953
1811,15.139753813305127,0.44469084502981765,0.20265736232113157
1812,15.1592024481364,0.4487885531124142,0.2122337593370258
1813,15.198169038411294,0.4576428172568098,0.23142265252048716
1814,15.198169038411294,0.4576428172568098,0.23142265252048716
1815,15.217575347841109,0.4622669367798155,0.23670280381278624
1816,15.256082376393618,0.4716610092475392,0.24179801520548405
1817,15.256082376393618,0.4716610092475392,0.24179801520548405
1818,15.275440724378488,0.4765136152387723,0.24975045378725766
1819,15.314053882578202,0.48672376027264147,0.26372274106917154
,,,
1820,14.974546519544667,0.32833768112756784,-0.03274322708491889
1821,14.974546519544667,0.32833768112756784,-0.03274322708491889
1822,14.977585490443392,0.3282662994872013,-0.018432531656077094
1823,14.987688306363761,0.32821958248334016,0.0017858484942086075
1824,15.002309273433104,0.32836146973675817,0.016017813260553165
1825,15.019160804529228,0.32874827080291186,0.03095007796566052
1826,15.038719212166436,0.3296816517643807,0.06550452518715236
1827,15.058492276764609,0.33127921243217284,0.09523769199356451
1828,15.078605668754195,0.3335566005477935,0.13293205664489074
1829,15.098073221097932,0.3364645350172034,0.15920495300968796
1830,15.117541365349407,0.33982042149550035,0.18234148759132437
1831,15.156379394467367,0.34798802630718473,0.23332185340838923
1832,15.156379394467367,0.34798802630718473,0.23332185340838923
1833,15.175571724292556,0.3528072873717679,0.2567174332594102
1834,15.21376868429814,0.36338932828830606,0.28314726739935575
1835,15.21376868429814,0.36338932828830606,0.28314726739935575
1836,15.251944219623422,0.37495736036294286,0.3030254246531651
1837,15.251944219623422,0.37495736036294286,0.3030254246531651
1838,15.271014535342514,0.38094160326009585,0.3042581533019415
1839,15.30902493658416,0.39288371624773144,0.30369384639664393
,,,
1840,15.30902493658416,0.39288371624773144,0.30369384639664393
1841,15.62883215613986,0.7178964931360458,0.014722106184476669
1842,15.64050904025503,0.7177446256194274,-0.04833766416411605
1843,15.64050904025503,0.7177446256194274,-0.04833766416411605
1844,15.65353855304245,0.7167883210886474,-0.09309454983591997
1845,15.670925800277974,0.7150967353021358,-0.09535222123406843
1846,15.690728829234025,0.7132687045255299,-0.08892063972939793
1847,15.730368016336932,0.7099316132177678,-0.07966259150060159
1848,15.750279149381006,0.7083972851107939,-0.07444245617283328
1849,15.750279149381006,0.7083972851107939,-0.07444245617283328
1850,15.770223111683432,0.7069759102020146,-0.06812092884764148
1851,15.80998468325284,0.7045658807156138,-0.05122159435892618
1852,15.829749778676357,0.7036507509338208,-0.041178763264628014
1853,15.829749778676357,0.7036507509338208,-0.041178763264628014
1854,15.84966119939522,0.7028772567269743,-0.03749345506144116
1855,15.889660858946362,0.7013260914218771,-0.04111714589689713
1856,15.889660858946362,0.7013260914218771,-0.04111714589689713
1857,15.909646886713027,0.7004785675724883,-0.04353744149871062
1858,15.929460511258918,0.6996022150307081,-0.04549111972086674
1859,15.949424540460365,0.6986994841273674,-0.044947041761930616
,,,
1860,15.627355539305894,0.8178857674378898,0.01473024324905929
1861,15.627355539305894,0.8178857674378898,0.01473024324905929
1862,15.637208348716623,0.8179539296315317,-0.017618670147007066
1863,15.637208348716623,0.8179539296315317,-0.017618670147007066
1864,15.667684024289962,0.8158102846877349,-0.09781763487480027
1865,15.667684024289962,0.8158102846877349,-0.09781763487480027
1866,15.6874285512244,0.8137975819544262,-0.10527379563697102
1867,15.707362703033592,0.8116190385738886,-0.11330878408530352
1868,15.746930774388842,0.8069327721532613,-0.12115714183167185
1869,15.746930774388842,0.8069327721532613,-0.12115714183167185
1870,15.78661020152099,0.8021535688094606,-0.11714218649595384
1871,15.78661020152099,0.8021535688094606,-0.11714218649595384
1872,15.80643968097324,0.7998528666604007,-0.11379969672884307
1873,15.846145572469124,0.7953925026603864,-0.11249111887026061
1874,15.846145572469124,0.7953925026603864,-0.11249111887026061
1875,15.866037934783508,0.7931293110554491,-0.11414901980875992
1876,15.8859295712371,0.7908718504274468,-0.11169577657282646
1877,15.925647665750297,0.7865882577779914,-0.1051686372469498
1878,15.94548860542474,0.7844872933389433,-0.10752278129048412
1879,15.94548860542474,0.7844872933389433,-0.10752278129048412
,,,
1880,15.625882835042667,0.917874987966279,0.014730840015034743
1881,15.625882835042667,0.917874987966279,0.014730840015034743
1882,15.637995307771822,0.918264291215868,0.03443965356489581
1883,15.652837493588047,0.9186500054023479,0.010061358825083522
1884,15.652837493588047,0.9186500054023479,0.010061358825083522
1885,15.671430201347073,0.9184856557960962,-0.025310214837270806
1886,15.711350280198017,0.9163650452197877,-0.07836342595768625
1887,15.711350280198017,0.9163650452197877,-0.07836342595768625
1888,15.751716099407242,0.9119710130520774,-0.13874066123636727
1889,15.771827097164257,0.9088825372781189,-0.1639914767583087
1890,15.771827097164257,0.9088825372781189,-0.1639914767583087
1891,15.791458003831108,0.905456876633966,-0.18036304403583195
1892,15.81117174333352,0.9016927932029952,-0.19761328482419
1893,15.8308737326066,0.8976085842463423,-0.2114235376604213
1894,15.850564407674408,0.8932703383944222,-0.2222639262655398
1895,15.889513365343626,0.8841777917139183,-0.2361014995760428
1896,15.889513365343626,0.8841777917139183,-0.2361014995760428
1897,15.908881006149185,0.8794702701965244,-0.23999758348885666
1898,15.928315287464915,0.8746899774695265,-0.24258647293979424
1899,15.967217532892366,0.8649933508766497,-0.24559229883873976
,,,
1900,15.967217532892366,0.8649933508766497,-0.24559229883873976
1901,15.631773853123066,0.5179188202608477,0.01472629929501286
1902,15.643384540048658,0.5178349542831959,-0.02366947183280111
1903,15.643384540048658,0.5178349542831959,-0.02366947183280111
1904,15.678643671849809,0.5172327635311594,0.005291459220517988
1905,15.678643671849809,0.5172327635311594,0.005291459220517988
1906,15.717974581622105,0.5185958232426978,0.06608371451718592
1907,15.717974581622105,0.5185958232426978,0.06608371451718592
1908,15.757315744669626,0.5223774925530787,0.1209387405583507
1909,15.757315744669626,0.5223774925530787,0.1209387405583507
1910,15.777155616404832,0.5249888290386144,0.13936610905924565
1911,15.796700158695375,0.5279341902845913,0.16083314567737977
1912,15.835537438312901,0.5349652771726536,0.19225787617422033
1913,15.835537438312901,0.5349652771726536,0.19225787617422033
1914,15.855098982023422,0.5388614886739551,0.20138977770082372
1915,15.874599477076751,0.5429447162862917,0.2105161230979903
1916,15.894088573689583,0.54717461103375,0.2170801830232437
1917,15.91348823842846,0.5515953510397787,0.23086847479295702
1918,15.932407488216434,0.5561337710687594,0.23818193303304822
1919,15.951808103068348,0.5608541000147799,0.23881388801810274
,,,
1920,15.633246723982268,0.4179296201791676,0.014728302330576998
1921,15.633246723982268,0.4179296201791676,0.014728302330576998
1922,15.636645912679386,0.4179776953272144,0.019698895698906295
1923,15.658465144224447,0.41948864575268524,0.11817299276058094
1924,15.658465144224447,0.41948864575268524,0.11817299276058094
1925,15.674841634931013,0.4218124940085779,0.15612848785534514
1926,15.713881087221448,0.4286404838732051,0.19174573783275026
1927,15.733459119395668,0.43261571007471944,0.20819350509732668
1928,15.752935219455011,0.4368444556335712,0.224498181188628
1929,15.752935219455011,0.4368444556335712,0.224498181188628
1930,15.772044164480521,0.44131874899777346,0.23207322019476742
1931,15.79150709692001,0.4458724173249109,0.2258981435940043
1932,15.811098171627771,0.45029090664923477,0.21737321819556113
1933,15.83070624367326,0.4546438368240484,0.2207823399629221
1934,15.869563233474334,0.463545838153362,0.2313334138276494
1935,15.869563233474334,0.463545838153362,0.2313334138276494
1936,15.888955445008964,0.4681527048193705,0.23294163431071857
1937,15.908395871018207,0.47282908330263074,0.239542432706766
1938,15.927830302347525,0.47765698202214824,0.2481307496175937
1939,15.94726559714753,0.48261998934513667,0.25261984636800033
,,,
1940,15.966468807835055,0.4876273968754931,0.25709274149962835
1941,15.634719516847722,0.3179405296019192,0.014728256343328998
1942,15.651271173231537,0.31819534765930624,0.016638936865999432
1943,15.651271173231537,0.31819534765930624,0.016638936865999432
1944,15.66636098193405,0.3185224768514378,0.02613395846245831
1945,15.682974036339933,0.31913504754471467,0.05021097450448937
1946,15.702407578980775,0.32053422263879533,0.09326136136023036
1947,15.741166076278201,0.32586896701925994,0.17731626329980882
1948,15.741166076278201,0.32586896701925994,0.17731626329980882
1949,15.779857861609937,0.33383707408530566,0.2327417098876822
1950,15.779857861609937,0.33383707408530566,0.2327417098876822
1951,15.818446748339003,0.34384367143451283,0.269722980550154
1952,15.818446748339003,0.34384367143451283,0.269722980550154
1953,15.837406715862212,0.349202856849181,0.279506949843541
1954,15.87552237849349,0.3605196535292278,0.29732083311002794
1955,15.87552237849349,0.3605196535292278,0.29732083311002794
1956,15.894653171064363,0.3664503379343381,0.3035519242228909
1957,15.913759430999498,0.37247716899862054,0.30815444911109785
1958,15.932714762815886,0.378524273268105,0.3088757463377334
1959,15.951664030762949,0.38457212002971247,0.3084574185770374
,,,
1960,15.97070337093744,0.39063573430244963,0.30795801036497006
1961,16.278987840470272,0.7203594378142364,-0.01238788923805313
1962,16.28164960869704,0.7202892254796378,-0.022932582900727083
1963,16.28738302083936,0.7201162359966037,-0.045125584650710815
1964,16.296309974730505,0.7197216072205536,-0.04369114335079724
1965,16.311554097330355,0.7191801625522987,-0.028478888602462497
1966,16.331425554703532,0.7186581964566913,-0.02475102559603901
1967,16.371376557001277,0.7178639078403575,-0.016214798638802916
1968,16.371376557001277,0.7178639078403575,-0.016214798638802916
1969,16.411215718553414,0.7173891154760792,-0.00856543811940932
1970,16.411215718553414,0.7173891154760792,-0.00856543811940932
1971,16.431224920078975,0.7172448210189512,-0.005578268821044262
1972,16.451229962788442,0.7172066957034197,0.0018835501347510618
1973,16.471088358422698,0.7173149178749691,0.00969386944656617
1974,16.491053408573162,0.7175585093997668,0.013403473932573724
1975,16.51097401977319,0.7178168875247004,0.010820464737051467
1976,16.551058226335186,0.7180302015397312,0.004160440098359849
1977,16.551058226335186,0.7180302015397312,0.004160440098359849
1978,16.57095507086862,0.7181318084022438,0.007742644321948329
1979,16.59091353102298,0.7183294782835796,0.011247106560393507
,,,
1980,16.610798596070165,0.7185478911151161,0.008993897320736436
1981,16.280226591078165,0.8203518014199597,-0.012387705866922305
1982,16.283825128582244,0.8202746483533706,-0.020652517293675825
1983,16.305431303112655,0.8188772461188855,-0.10422904361657406
1984,16.305431303112655,0.8188772461188855,-0.10422904361657406
1985,16.341855670861726,0.8147689278248184,-0.10595021207050129
1986,16.341855670861726,0.8147689278248184,-0.10595021207050129
1987,16.381867680924636,0.8107708001782863,-0.10500275556153506
1988,16.381867680924636,0.8107708001782863,-0.10500275556153506
1989,16.401789900131014,0.8085684893252568,-0.11460304657840818
1990,16.421754209612658,0.8062954978608479,-0.10877597483554373
1991,16.44153389865145,0.8042435834571152,-0.0981373571396578
1992,16.481495622644818,0.8000825027083897,-0.11234623325707627
1993,16.481495622644818,0.8000825027083897,-0.11234623325707627
1994,16.50132304731476,0.7977785845494365,-0.11659515885802507
1995,16.540905163353735,0.7934492971786469,-0.10024146483384506
1996,16.540905163353735,0.7934492971786469,-0.10024146483384506
1997,16.56081033234476,0.7915001264549294,-0.0979874973348586
1998,16.600660910481096,0.7873361588995393,-0.1110832787154334
1999,16.600660910481096,0.7873361588995393,-0.1110832787154334
,,,
2000,16.62056455674559,0.7850813518582377,-0.11299751586618914
2001,16.281473230492114,0.9203419722097923,-0.012379198835480151
2002,16.28578110897761,0.9202788612712126,-0.013046985490985671
2003,16.297435385418414,0.9200647343347876,-0.028637587446106835
2004,16.313505468116727,0.9193174945366734,-0.06834936773013424
2005,16.331736253250256,0.9177823394424365,-0.09750268315243744
2006,16.37159800863355,0.9134313025308919,-0.1304369082060032
2007,16.37159800863355,0.9134313025308919,-0.1304369082060032
2008,16.391737328640883,0.9104684319039977,-0.16199752279436272
2009,16.41170657038271,0.9069055347780447,-0.1909300974219683
2010,16.430634498677154,0.9030674278228837,-0.2065431352559508
2011,16.45001889574599,0.8988271749634664,-0.2261930042009548
2012,16.46959098735178,0.8941398119690386,-0.24165298827445186
2013,16.489108344000044,0.8892424948369504,-0.2500947143237103
2014,16.50852015265094,0.8842261643021726,-0.25608656803867375
2015,16.527860217076352,0.8791017412441998,-0.26175719564092864
2016,16.54716511063007,0.8738234362605561,-0.27302636016988496
2017,16.566285978159655,0.868488692434726,-0.26866980965656784
2018,16.585595105788165,0.8632222997252512,-0.2635754498397836
2019,16.60491880451006,0.8580339340084313,-0.26137911851323475
,,,
2020,16.276509761176097,0.5203749625072162,-0.01238718895503633
2021,16.27996031484849,0.5203130728874562,-0.019472238358374798
2022,16.27996031484849,0.5203130728874562,-0.019472238358374798
2023,16.291042683009202,0.5200816279642282,-0.022141462639808863
2024,16.308528104220848,0.5198294557035208,-0.004303690979688239
2025,16.327990952143296,0.5200164462757224,0.02175420355713449
2026,16.367435380378293,0.5217358477448257,0.06168329007085345
2027,16.367435380378293,0.5217358477448257,0.06168329007085345
2028,16.387279155748754,0.5231303068110682,0.07899875872447903
2029,16.407098091957543,0.5249355803389281,0.10349697445816898
2030,16.427046887894157,0.5271577641768566,0.11769112547096941
2031,16.44668179496356,0.5296298468430585,0.13258818765743477
2032,16.466330457482552,0.5323547929372304,0.14255400160073645
2033,16.486083788076353,0.5352575754916873,0.14906195156775207
2034,16.505918172915976,0.5382586316384042,0.15139053754195977
2035,16.525715626089653,0.5413131358505494,0.1550046834543122
2036,16.565027037905693,0.5475506000323357,0.15920193941356042
2037,16.565027037905693,0.5475506000323357,0.15920193941356042
2038,16.584762573853954,0.5507332832685147,0.16041029550363634
2039,16.604543561554348,0.55396725210136,0.16429291602819482
,,,
2040,16.275271681315637,0.42038263329863335,-0.012385432753429036
2041,16.277736663964884,0.4203781421863638,0.00041813722434735825
2042,16.277736663964884,0.4203781421863638,0.00041813722434735825
2043,16.286947750880458,0.4205256690224443,0.025156553003650044
2044,16.320987249612255,0.4219759289195267,0.05748046968167767
2045,16.320987249612255,0.4219759289195267,0.05748046968167767
2046,16.360194986663643,0.4253510785294691,0.11323361690257136
2047,16.360194986663643,0.4253510785294691,0.11323361690257136
2048,16.379877735294215,0.427874663692384,0.14375557973023897
2049,16.418953083192257,0.4344274608724854,0.18159001093746177
2050,16.438527095638282,0.43813702141426636,0.1921495819706312
2051,16.438527095638282,0.43813702141426636,0.1921495819706312
2052,16.458095196158,0.44208719599802904,0.21023403325613954
2053,16.496656737732213,0.45118348128139685,0.25277100157809773
2054,16.515784204097347,0.45626512537339076,0.26693372629676265
2055,16.515784204097347,0.45626512537339076,0.26693372629676265
2056,16.534922311986683,0.46164511190488894,0.27821588431906724
2057,16.554266997584854,0.467117590714055,0.2727130701559706
2058,16.573671342290904,0.47248807687974376,0.26772795831130614
2059,16.612182539766263,0.4828599173923249,0.25877524035580085
,,,
2060,16.274032386741958,0.32039030655603307,-0.01238718895503633
2061,16.274032386741958,0.32039030655603307,-0.01238718895503633
2062,16.278343004805052,0.32032135613434004,-0.012722704616797358
2063,16.304127891886825,0.3199404756791884,-0.02020146508201336
2064,16.321150741013525,0.3196967891727954,-0.00489933730686924
2065,16.321150741013525,0.3196967891727954,-0.00489933730686924
2066,16.340831967502634,0.31990069908046614,0.025770511541972102
2067,16.360483856671745,0.32075748189875447,0.06381140803157628
2068,16.38036376163781,0.3223437548495384,0.0931936410264116
2069,16.419626433055456,0.32713598094830704,0.15149331434839
2070,16.419626433055456,0.32713598094830704,0.15149331434839
2071,16.43920333022875,0.3304358982460404,0.18253711793205354
2072,16.45843284245736,0.3343222327102751,0.2160356401068772
2073,16.47764347897379,0.33877327525694795,0.2380782098018655
2074,16.49689750492946,0.3436025990161434,0.25289280447866175
2075,16.53529028645128,0.3544010506179389,0.289887446733644
2076,16.554265443420697,0.36016156858777604,0.29896109819991273
2077,16.554265443420697,0.36016156858777604,0.29896109819991273
2078,16.573167543903967,0.36605697160670697,0.30608548478655206
2079,16.592135074216984,0.3721179954765529,0.31206358390264893
,,,
2080,16.928642659553056,0.7105339263184132,-0.01404117962605499
2081,16.928642659553056,0.7105339263184132,-0.01404117962605499
2082,16.929626461000456,0.7104812599458197,-0.01851520525915386
2083,16.942293336393046,0.7104421945215772,0.004583727875967374
2084,16.95960384847274,0.7106704843960528,0.017892676173660922
2085,16.95960384847274,0.7106704843960528,0.017892676173660922
2086,16.979632285080584,0.7110572626702747,0.019623274630102234
2087,16.999705621272046,0.7114063450224706,0.014962326384179674
2088,17.019473687617648,0.7116364673064112,0.007098823221911868
2089,17.039456609641544,0.7117034954821344,-0.0003913343585927145
2090,17.07964301975418,0.7114419094666791,-0.012061220672555063
2091,17.099752486471974,0.7111368838620322,-0.016790715872615946
2092,17.119648330812723,0.7107848417691741,-0.019120829600960024
2093,17.119648330812723,0.7107848417691741,-0.019120829600960024
2094,17.13957701018879,0.710392024627801,-0.019974682471535287
2095,17.15957036815716,0.7100008149988809,-0.01935752983440358
2096,17.17963155156784,0.7096211668023914,-0.01841180147873757
2097,17.219617436427125,0.7088932615845592,-0.018244168711910928
2098,17.239534038817222,0.7085292200299996,-0.018537027165193697
2099,17.239534038817222,0.7085292200299996,-0.018537027165193697
,,,
2100,17.25951890221577,0.708157885893342,-0.018907364456670555
2101,16.93282704774993,0.8104423842533861,-0.01448402728705562
2102,16.93282704774993,0.8104423842533861,-0.01448402728705562
2103,16.937837067813074,0.8103382931041292,-0.015131731276871712
2104,16.945870203437316,0.8102264823685791,-0.015824557948274188
2105,16.960629220797063,0.8099822089240737,-0.018772846433735293
2106,16.980444279739913,0.8093956766132373,-0.04267335935245964
2107,17.020631734406145,0.8070212514770841,-0.07524362070992097
2108,17.020631734406145,0.8070212514770841,-0.07524362070992097
2109,17.060614099838517,0.8033434853473194,-0.10705817252640958
2110,17.060614099838517,0.8033434853473194,-0.10705817252640958
2111,17.08061708591143,0.8010633212276744,-0.11991211384248353
2112,17.10054658284627,0.7985523420866076,-0.1310774754332534
2113,17.120435399213576,0.7957786920415051,-0.14665092970674223
2114,17.140254366109318,0.7927606573412765,-0.15487282827103893
2115,17.159991193358273,0.7895943215623038,-0.1639167600756741
2116,17.199494131218568,0.7826935758900554,-0.1817195163360692
2117,17.199494131218568,0.7826935758900554,-0.1817195163360692
2118,17.219177982128233,0.7789930739271465,-0.18996867870095815
2119,17.238903995724232,0.7751101171951315,-0.19907018364185755
,,,
2120,16.931451359875528,0.9105132180111747,-0.014033446776885328
2121,16.931451359875528,0.9105132180111747,-0.014033446776885328
2122,16.933479237519908,0.9105072567870821,0.002570758114306068
2123,16.955589469167435,0.9114457577314926,0.056280187940226704
2124,16.955589469167435,0.9114457577314926,0.056280187940226704
2125,16.97477298183183,0.9123860859890297,0.0341217377328626
2126,16.995107952206254,0.9127012340130324,-0.0034695044942874586
2127,17.015078992610086,0.912352265067002,-0.029569640515520697
2128,17.035186465718795,0.9115407111354817,-0.05156689076192219
2129,17.055441898326748,0.9101676015963848,-0.08536390700519876
2130,17.075620491040205,0.9082431927262794,-0.10237903664605974
2131,17.095198455743823,0.9060359082677377,-0.12541878053817063
2132,17.13519873887135,0.9000522283897177,-0.17429944634808114
2133,17.13519873887135,0.9000522283897177,-0.17429944634808114
2134,17.174754308966328,0.8920050806167659,-0.22637343329074694
2135,17.194328789878437,0.8872629315059879,-0.24843795232001492
2136,17.233300544706562,0.8766215738326322,-0.2840880223967547
2137,17.233300544706562,0.8766215738326322,-0.2840880223967547
2138,17.233300544706562,0.8766215738326322,-0.2840880223967547
2139,17.271562969255367,0.8647591440190815,-0.31427692341288244
,,,
2140,17.271562969255367,0.8647591440190815,-0.31427692341288244
2141,16.925836986498666,0.5105528847463356,-0.01404000680509117
2142,16.930371532637473,0.5104764094344272,-0.01433639205918519
2143,16.942934983999358,0.5102897873402832,-0.016896492329598497
2144,16.95932268509363,0.5099827235075096,-0.02139192061529088
2145,16.997101935397033,0.5096540038606049,0.009995347102548303
2146,16.997101935397033,0.5096540038606049,0.009995347102548303
2147,17.01690749541136,0.5100711455650423,0.03277821276237123
2148,17.03685763545249,0.5108509614469714,0.04456141202615208
2149,17.07628320195107,0.513294694007589,0.08261238659790111
2150,17.07628320195107,0.513294694007589,0.08261238659790111
2151,17.096004108255226,0.5151375721642759,0.10212293046915437
2152,17.11562626395189,0.5172257653111565,0.11003576350410879
2153,17.135424074216807,0.5195072572892058,0.1187659555719639
2154,17.155253142482582,0.521890756301403,0.11948060116826499
2155,17.195048357880655,0.5263937742828729,0.10991519749266224
2156,17.195048357880655,0.5263937742828729,0.10991519749266224
2157,17.23473371911234,0.530839847429737,0.1118478796312625
2158,17.254577298173295,0.5330587481611636,0.11015207112124409
2159,17.254577298173295,0.5330587481611636,0.11015207112124409
,,,
2160,17.27448647755439,0.535237717629898,0.10767667370471959
2161,16.92443234012057,0.41056312745192314,-0.014031774559132595
2162,16.927094393271894,0.41054271271351717,-0.0008207733458072893
2163,16.947511065585314,0.41063424479313276,0.007048504661735994
2164,16.9635673438601,0.4106221293543864,0.008210051648234356
2165,16.9635673438601,0.4106221293543864,0.008210051648234356
2166,17.0029111535317,0.412423442465628,0.08156890509464812
2167,17.0029111535317,0.412423442465628,0.08156890509464812
2168,17.042002574312168,0.4168525191243962,0.14161799575575737
2169,17.042002574312168,0.4168525191243962,0.14161799575575737
2170,17.081134022815174,0.42342708502251936,0.1844163150872209
2171,17.081134022815174,0.42342708502251936,0.1844163150872209
2172,17.100851104529887,0.4271799109006648,0.18988846002769166
2173,17.14002149379254,0.43468355144543724,0.18855324765181639
2174,17.14002149379254,0.43468355144543724,0.18855324765181639
2175,17.159631903183044,0.43842441049236613,0.18826379679121166
2176,17.179307678839233,0.4421783935219377,0.18868927712592787
2177,17.19896007902397,0.4459424760523347,0.18933797296297694
2178,17.21856635891431,0.44972711071173344,0.19228223415729875
2179,17.23805098330717,0.4535752046722964,0.19746230666636094
,,,
2180,17.257542326198227,0.4575587991456761,0.2056803917167499
2181,16.925788643371238,0.31050220165765874,-0.033393811202726345
2182,16.925788643371238,0.31050220165765874,-0.033393811202726345
2183,16.93323862528662,0.3100941834684167,-0.07733372535399158
2184,16.962141313262624,0.3076214723619985,-0.06951713842146484
2185,16.962141313262624,0.3076214723619985,-0.06951713842146484
2186,16.981560085442613,0.30657583777118486,-0.03924279041512738
2187,17.000975611239973,0.3061379572105695,-0.005287498795218762
2188,17.0402690639777,0.30750677124017434,0.07869152754372222
2189,17.0402690639777,0.30750677124017434,0.07869152754372222
2190,17.07943591395453,0.31225356356314105,0.15853469904243098
2191,17.098804177914904,0.3156905156428657,0.19138280212820669
2192,17.098804177914904,0.3156905156428657,0.19138280212820669
2193,17.118078367474205,0.31974380493425647,0.22200676018638932
2194,17.13751529158363,0.32422332137669874,0.22918495697285382
2195,17.156947530027768,0.3287799886312817,0.23066574516082827
2196,17.176381406275237,0.3333718220853981,0.23363664986227053
2197,17.195806012190932,0.338040927800917,0.2379160239716422
2198,17.234445346087373,0.3477535186563049,0.25332886595711396
2199,17.234445346087373,0.3477535186563049,0.25332886595711396
,,,
2200,17.253692192901376,0.352805685333737,0.25944067453975345
2201,17.577315008064744,0.7047748539590998,-0.005466883090324412
2202,17.59015457287906,0.7049248815391499,0.0364315984386268
2203,17.59015457287906,0.7049248815391499,0.0364315984386268
2204,17.602924360447446,0.7056998293324789,0.0765529899253761
2205,17.639834371272848,0.7086134031042923,0.06823421678436715
2206,17.639834371272848,0.7086134031042923,0.06823421678436715
2207,17.659916071633777,0.7098583364599925,0.055592191078807605
2208,17.699970664220103,0.7118737451146399,0.04571156941255819
2209,17.699970664220103,0.7118737451146399,0.04571156941255819
2210,17.7200322010862,0.7127330126676393,0.03948369740624742
2211,17.740076559964905,0.7134463553146503,0.031150042752411775
2212,17.78007885179809,0.7143230485137869,0.012470585188471382
2213,17.78007885179809,0.7143230485137869,0.012470585188471382
2214,17.80010549688334,0.7144885329119858,0.004951257162812558
2215,17.820125387726733,0.7146081164307229,0.007800293756550499
2216,17.840133264661826,0.7147742276630138,0.008403241116895084
2217,17.860080269227048,0.7149879800920121,0.01359875114704052
2218,17.879647747034486,0.7152606804031864,0.01308399728998137
2219,17.899605189032364,0.7154747428559693,0.007941645034795221
,,,
2220,17.577860335483994,0.8047734876897434,-0.005469044551288395
2221,17.577860335483994,0.8047734876897434,-0.005469044551288395
2222,17.58682780786624,0.8047376986291933,0.0030554428321438606
2223,17.58682780786624,0.8047376986291933,0.0030554428321438606
2224,17.59842019030495,0.8049921049395488,0.03537299166262286
2225,17.61479460598114,0.8056201721893723,0.0346539577940067
2226,17.63494440373381,0.8060393437287364,0.0053501887347946015
2227,17.67519529943123,0.8052438965563463,-0.04052255254843895
2228,17.67519529943123,0.8052438965563463,-0.04052255254843895
2229,17.695259830892635,0.8042426509738108,-0.05972849970214264
2230,17.715371760354596,0.8028659511467479,-0.07733011492081925
2231,17.755596535338537,0.7989462853118063,-0.11426917911360134
2232,17.775277918979,0.7965525176494395,-0.12653149173253372
2233,17.775277918979,0.7965525176494395,-0.12653149173253372
2234,17.79498432659496,0.7939681641424188,-0.13463830026169746
2235,17.814828964537874,0.7912266730411824,-0.13988894038430236
2236,17.834711838639343,0.788383407302481,-0.14414728847758698
2237,17.8545250155639,0.7854752125029423,-0.14789744506621558
2238,17.874314196102272,0.7824561197941665,-0.15512465803391767
2239,17.89396785732822,0.7793039278110194,-0.1634636719121514
,,,
2240,17.933495700895957,0.7725710622732752,-0.17392239662689804
2241,17.933495700895957,0.7725710622732752,-0.17392239662689804
2242,17.5806671898709,0.9047776853089721,0.013530728473753258
2243,17.601065577326047,0.9056907973994671,0.04596330257168119
2244,17.618867846282622,0.9062353349179663,0.012994011154203327
2245,17.638990515276237,0.9062157830285152,-0.01484820922237691
2246,17.659129232678318,0.9056759168503614,-0.03692962368026654
2247,17.679318876788482,0.9047093204983591,-0.06375831338111983
2248,17.679318876788482,0.9047093204983591,-0.06375831338111983
2249,17.69959520240805,0.9031101947621741,-0.09032705572713381
2250,17.719843037588916,0.9009975842085266,-0.11800873441242268
2251,17.739794446042794,0.8983647250331981,-0.14488058697118356
2252,17.759671599945072,0.895211083702593,-0.17014559651283823
2253,17.779500790125844,0.8915965191587631,-0.19082312308092353
2254,17.799365230844966,0.8874250511007713,-0.2230905379216517
2255,17.81940107940078,0.8826723490316606,-0.24140541212824954
2256,17.838885946838456,0.8776875389537028,-0.2603011433302789
2257,17.857699890360987,0.8725630131719861,-0.2723039977673409
2258,17.8769522217828,0.8670895434020229,-0.2816186916358751
2259,17.896246335384284,0.8613851825498792,-0.2936305842496367
,,,
2260,17.57622134544371,0.5047777295856738,-0.005472808395449981
2261,17.57622134544371,0.5047777295856738,-0.005472808395449981
2262,17.57898053116939,0.5047330656639624,-0.02119026889251997
2263,17.58678324060885,0.5043876732653158,-0.07010458770194126
2264,17.599227618505356,0.5033118423497985,-0.09608111221155054
2265,17.616937381353296,0.5016612560291711,-0.08447791165160291
2266,17.636589075014793,0.500276573029786,-0.056511035923596416
2267,17.695662518748147,0.4993202311366571,0.02006494811344724
2268,17.695662518748147,0.4993202311366571,0.02006494811344724
2269,17.715579749380492,0.4999369522622349,0.04104557494167871
2270,17.715579749380492,0.4999369522622349,0.04104557494167871
2271,17.735334941145652,0.5009310574586512,0.06215277864139544
2272,17.754963289721484,0.5023954201355645,0.08560595060123191
2273,17.77459874034999,0.5043121150447106,0.10905464515700972
2274,17.79431617898986,0.5066505268693821,0.126605024572892
2275,17.814078464029524,0.5093195668968146,0.14027627687994243
2276,17.853422798352064,0.5152621571272152,0.15781323767673974
2277,17.853422798352064,0.5152621571272152,0.15781323767673974
2278,17.872962054441135,0.5184514544632103,0.16447956914118875
2279,17.912404511146306,0.5250497928012248,0.1677477052358196
,,,
2280,17.912404511146306,0.5250497928012248,0.1677477052358196
2281,17.575678877651814,0.404778765746064,-0.005480898944514227
2282,17.578538407773276,0.40476796739081855,-0.0037392110124651297
2283,17.586282068340132,0.40486422731551014,0.027834315401999897
2284,17.59894751116655,0.40562896895836725,0.09023629518133067
2285,17.616071845766236,0.4076761536116646,0.13800885187996043
2286,17.63545144787604,0.4106581265084318,0.16716263417980248
2287,17.67453607517932,0.41800998882781537,0.19821585884537163
2288,17.713606367074092,0.4260160003783766,0.20559601979207565
2289,17.713606367074092,0.4260160003783766,0.20559601979207565
2290,17.713606367074092,0.4260160003783766,0.20559601979207565
2291,17.73292623183922,0.43013156501779304,0.21813066439253173
2292,17.771768731311003,0.43930496521915297,0.24159710250796296
2293,17.771768731311003,0.43930496521915297,0.24159710250796296
2294,17.791241080305365,0.44415133086292635,0.24757653989725173
2295,17.829690346665128,0.4540921276048352,0.2587565432397541
2296,17.829690346665128,0.4540921276048352,0.2587565432397541
2297,17.868174041503504,0.4646514377980488,0.27680338798022597
2298,17.868174041503504,0.4646514377980488,0.27680338798022597
2299,17.887469180884146,0.4701930837675809,0.28218903916391225
,,,
2300,17.57512648735,0.3047810325349782,-0.005467435923054887
2301,17.57512648735,0.3047810325349782,-0.005467435923054887
2302,17.57899244022221,0.30475967988305297,-0.004181814151764569
2303,17.591039032688975,0.30471267303150296,-0.005274772238234079
2304,17.606871595686375,0.3046677379307045,-0.00041325281758474846
2305,17.62383902113544,0.3047659302426518,0.014342079634637949
2306,17.643384403243257,0.30538486177733587,0.04924530533113534
2307,17.66306848107475,0.3067445766952394,0.08953576996909074
2308,17.68251758693443,0.30888527838186863,0.12953435508458475
2309,17.701899001462028,0.3117664056052524,0.16529481203601062
2310,17.72128139384251,0.31532550126851155,0.19784340775443487
2311,17.740681818218647,0.3194877352038906,0.2247716752973006
2312,17.779417031415306,0.32891813471755865,0.2508031901631997
2313,17.79857111301065,0.3339425512718249,0.26273877670515
2314,17.81772960203011,0.3392232758498512,0.27341620749603435
2315,17.81772960203011,0.3392232758498512,0.27341620749603435
2316,17.85606534357994,0.35043452718021345,0.29920109942556483
2317,17.85606534357994,0.35043452718021345,0.29920109942556483
2318,17.893870000983984,0.3625601804960898,0.31942985325195233
2319,17.912719365679248,0.36888854553938116,0.32817556643791634
,,,
2320,18.225719804199773,0.7030197462883682,0.006786910587388065
2321,18.225719804199773,0.7030197462883682,0.006786910587388065
2322,18.23617367642561,0.7027483327785978,-0.05711440030921416
2323,18.23617367642561,0.7027483327785978,-0.05711440030921416
2324,18.248595138346264,0.7018417478797419,-0.08311484427996477
2325,18.285540012110356,0.6990213950711218,-0.07292639053258998
2326,18.285540012110356,0.6990213950711218,-0.07292639053258998
2327,18.30548271403357,0.6975827759796218,-0.07259766336807712
2328,18.325379846792018,0.696127113937432,-0.07374270958703284
2329,18.345325698066343,0.6946549749987228,-0.07398922616894146
2330,18.365218583433894,0.6931885477388497,-0.07339930656338556
2331,18.40512978198774,0.6902832495025899,-0.07241372300324483
2332,18.40512978198774,0.6902832495025899,-0.07241372300324483
2333,18.42499242204665,0.6888410769945202,-0.07296487371210256
2334,18.464835915378558,0.6859776974977209,-0.07015475955379785
2335,18.484762069663017,0.6845968684474728,-0.06837753961519545
2336,18.484762069663017,0.6845968684474728,-0.06837753961519545
2337,18.524603699562938,0.6819103143153042,-0.06761238747786832
2338,18.524603699562938,0.6819103143153042,-0.06761238747786832
2339,18.544559144017306,0.6805597200865577,-0.06764660222711438
,,,
2340,18.22504237907651,0.8030167895412273,0.006789498227966817
2341,18.228497965954624,0.8030200863247924,0.0003401352882056317
2342,18.228497965954624,0.8030200863247924,0.0003401352882056317
2343,18.237499792401564,0.8028757233503985,-0.041142212487872455
2344,18.269453700518145,0.7998203189868875,-0.12566640783470084
2345,18.28935424300274,0.7971334393352628,-0.14152985171253787
2346,18.28935424300274,0.7971334393352628,-0.14152985171253787
2347,18.30924227033864,0.7941934258808966,-0.15094454649339265
2348,18.329095395788798,0.79113735525398,-0.1547760728644624
2349,18.368464616697757,0.7848972920458814,-0.15903038878092599
2350,18.388172786389216,0.7817117812488626,-0.1616797429243408
2351,18.407958452888227,0.7784496151337292,-0.1660358576405028
2352,18.42780219892759,0.7750567334739638,-0.17284146555658328
2353,18.42780219892759,0.7750567334739638,-0.17284146555658328
2354,18.46723539322933,0.7678897276379764,-0.1847807411338951
2355,18.46723539322933,0.7678897276379764,-0.1847807411338951
2356,18.506501053896972,0.7604964174208988,-0.18654584403233063
2357,18.526230984601817,0.7567693873382865,-0.18721011587823946
2358,18.526230984601817,0.7567693873382865,-0.18721011587823946
2359,18.545904203268957,0.7530290006956966,-0.18879424771845296
,,,
2360,18.224361289308128,0.9030147298591418,0.0067899569811085605
2361,18.228563072669964,0.903034460938259,0.00715558390303143
2362,18.228563072669964,0.903034460938259,0.00715558390303143
2363,18.241156812308798,0.9031271687574953,0.005623044420502822
2364,18.277266619706065,0.9027041876094787,-0.03396906433454907
2365,18.297382434681346,0.9017221733879581,-0.06458096682512533
2366,18.297382434681346,0.9017221733879581,-0.06458096682512533
2367,18.337790159667517,0.8977368465872065,-0.13256304865481497
2368,18.337790159667517,0.8977368465872065,-0.13256304865481497
2369,18.377680961550666,0.8912884835579342,-0.18459250456104173
2370,18.377680961550666,0.8912884835579342,-0.18459250456104173
2371,18.397476227979986,0.8873692655840072,-0.20713302679998422
2372,18.437040800349834,0.878038213078928,-0.253765092264846
2373,18.437040800349834,0.878038213078928,-0.253765092264846
2374,18.456493630897878,0.8728985905263421,-0.26197924026873226
2375,18.495222235627512,0.8622924664719843,-0.2748462040845047
2376,18.514478535410284,0.8567724337803564,-0.28392016901480593
2377,18.514478535410284,0.8567724337803564,-0.28392016901480593
2378,18.533743741811023,0.851082514440678,-0.2895454850205501
2379,18.552828824286465,0.8454091888340677,-0.2884710428606756
,,,
2380,18.227077947829272,0.5030237624973802,0.006789143595880998
2381,18.22956846301597,0.503002574910624,-0.005000092032648279
2382,18.22956846301597,0.503002574910624,-0.005000092032648279
2383,18.24401388957473,0.5027177304365695,-0.021971366855119058
2384,18.24401388957473,0.5027177304365695,-0.021971366855119058
2385,18.259242492418686,0.5025566363724531,0.00048442039376592297
2386,18.298666651596957,0.5036886864099277,0.05502348136302677
2387,18.298666651596957,0.5036886864099277,0.05502348136302677
2388,18.318431444303727,0.5050120036135786,0.07812651379378258
2389,18.33820117506053,0.5068084964826355,0.10331081304391086
2390,18.357717223042645,0.5090312261177941,0.12156675192096143
2391,18.396928120633312,0.5145049613321552,0.1538620018777638
2392,18.416568466308384,0.517681181591993,0.16576366893017466
2393,18.416568466308384,0.517681181591993,0.16576366893017466
2394,18.436270458243037,0.5210773273911,0.1758593899908617
2395,18.45597523759222,0.5246355013842263,0.18203473409996485
2396,18.4950323931552,0.5319555831183724,0.18642319574712976
2397,18.514651857790486,0.5356708768850666,0.18789315933324358
2398,18.514651857790486,0.5356708768850666,0.18789315933324358
2399,18.53433723116535,0.5394302459173931,0.18972790803753392
,,,
2400,18.227756241712,0.4030262556938113,0.0067899569811085605
2401,18.229709861832603,0.4030453944700423,0.0019443855843616234
2402,18.238148110402125,0.4030395961018043,-0.005452388492381948
2403,18.238148110402125,0.4030395961018043,-0.005452388492381948
2404,18.272953630403798,0.4034370224959326,0.0437007999238218
2405,18.292539512671546,0.40469581787388614,0.08308753966188526
2406,18.292539512671546,0.40469581787388614,0.08308753966188526
2407,18.3122444121426,0.40661328676531416,0.11028958496574803
2408,18.331805119557348,0.4091442816392394,0.14811663434678227
2409,18.370717873015405,0.4162765475098155,0.207668019021694
2410,18.370717873015405,0.4162765475098155,0.207668019021694
2411,18.39008539235284,0.4205453279764242,0.2254060094429655
2412,18.42867170378708,0.4302388829259132,0.26706966731880527
2413,18.42867170378708,0.4302388829259132,0.26706966731880527
2414,18.44770537264242,0.43565700173391375,0.28610830501376033
2415,18.466594887497497,0.44139558427018843,0.3038296609986529
2416,18.48556935342927,0.4474456078386054,0.31208020003481357
2417,18.523379431655258,0.4602767654277404,0.34322877255039336
2418,18.523379431655258,0.4602767654277404,0.34322877255039336
2419,18.542116865111574,0.46712299007824726,0.357766601074543
,,,
2420,18.228440292532166,0.30302800848281386,0.006791825169133688
2421,18.232905694725464,0.3030460584805608,0.006206103028307081
2422,18.232905694725464,0.3030460584805608,0.006206103028307081
2423,18.244323552173284,0.3030777981082598,-0.002989536950092372
2424,18.25773444558529,0.30302146002903835,-0.00537542248547016
2425,18.294262315735498,0.30383625469268255,0.060880666887867405
2426,18.313801665157563,0.3054481165246605,0.10115114068291672
2427,18.313801665157563,0.3054481165246605,0.10115114068291672
2428,18.333209077507426,0.30776048842180764,0.1349744014358827
2429,18.352648719311766,0.31074298599665284,0.16965776993517603
2430,18.37202997151137,0.31443559367859447,0.2072742505793392
2431,18.39130323031597,0.31885907318068624,0.24468727372823856
2432,18.42944847963302,0.3294011679764819,0.29052730155266615
2433,18.42944847963302,0.3294011679764819,0.29052730155266615
2434,18.4483510135256,0.3352499061032306,0.30959573887522873
2435,18.485857012215302,0.3481591270410299,0.35223937814409245
2436,18.50440352244919,0.3551838551807198,0.37178426582765894
2437,18.52286763523616,0.36256943932420543,0.3878012189630631
2438,18.52286763523616,0.36256943932420543,0.3878012189630631
2439,18.541151981896615,0.37022019657067184,0.4059236328672684
,,,
2440,18.570760948653557,0.7649654719738072,0.229864240087923
2441,18.57441597340821,0.7658032796141185,0.2232134639439386
2442,18.585796400449063,0.768375618863558,0.22251882112810356
2443,18.60136454763864,0.7719210698922557,0.22219537734849298
2444,18.60136454763864,0.7719210698922557,0.22219537734849298
2445,18.61804119878521,0.7756511409669958,0.21370801506436643
2446,18.657477092544056,0.7829476275936357,0.14613027591009836
2447,18.677643323398566,0.7855616781892476,0.11352768398226994
2448,18.69757416311605,0.7875599024474208,0.08693345934246512
2449,18.69757416311605,0.7875599024474208,0.08693345934246512
2450,18.717735844417,0.789048568997344,0.05824421109038905
2451,18.737976699660294,0.7899851142073505,0.034257578114278514
2452,18.758332000377095,0.7903821347103528,0.004272487060658386
2453,18.798559941086598,0.789459547125343,-0.050301588034497954
2454,18.818671186255617,0.788213749592972,-0.07149054070035829
2455,18.818671186255617,0.788213749592972,-0.07149054070035829
2456,18.838823832812153,0.7865766122972616,-0.09164414489642654
2457,18.878891856367662,0.78254084442018,-0.11049192519975905
2458,18.878891856367662,0.78254084442018,-0.11049192519975905
2459,18.918547225009057,0.7776704084409186,-0.13237699042956297
,,,
2460,18.54797185376411,0.8623347854276193,0.22987616283945647
2461,18.54797185376411,0.8623347854276193,0.22987616283945647
2462,18.550806325800043,0.8630083051908145,0.24524485470119606
2463,18.568622581705693,0.86816333417038,0.28949492011303896
2464,18.568622581705693,0.86816333417038,0.28949492011303896
2465,18.602593406561663,0.8768492201444225,0.202901672166066
2466,18.622484081706425,0.8804042848528426,0.1492816122116976
2467,18.642794118767732,0.8829060563834492,0.09655039916402494
2468,18.642794118767732,0.8829060563834492,0.09655039916402494
2469,18.683627955300558,0.8849969982783383,0.011860266334485163
2470,18.683627955300558,0.8849969982783383,0.011860266334485163
2471,18.703868737414062,0.8848121554818386,-0.03194617001006662
2472,18.724232310606155,0.8837478035225202,-0.0730593374161402
2473,18.744365095411457,0.8818922766977372,-0.11081726576813397
2474,18.78428301818016,0.8760573383415622,-0.1760120956980443
2475,18.804224281011766,0.8721869734215714,-0.20799385757608843
2476,18.823955647581972,0.8678508438567084,-0.22321736400813103
2477,18.8436114078683,0.863264130117268,-0.23542708233142126
2478,18.8436114078683,0.863264130117268,-0.23542708233142126
2479,18.862884910343578,0.8585565301716773,-0.24343644613129553
,,,
2480,18.525188061619378,0.9597044786286046,0.22987378240149417
2481,18.52939225853395,0.9606824844471094,0.23493304201230764
2482,18.52939225853395,0.9606824844471094,0.23493304201230764
2483,18.550870780289113,0.9661291045126583,0.25055818280004555
2484,18.550870780289113,0.9661291045126583,0.25055818280004555
2485,18.565976523145835,0.9698170860709748,0.2205096656248259
2486,18.585292245178508,0.9735099128238803,0.15657582029966988
2487,18.625779065855365,0.977702561201733,0.05155127380992048
2488,18.625779065855365,0.977702561201733,0.05155127380992048
2489,18.646189743436757,0.9782516990578769,0.002980524304699972
2490,18.66657971007476,0.9779308793940417,-0.03463078960376955
2491,18.686820850380737,0.9768626508110296,-0.07126329521796484
2492,18.707055500303564,0.9750504956855452,-0.10782566621517971
2493,18.747726744901545,0.9688359197714339,-0.19549299325092553
2494,18.747726744901545,0.9688359197714339,-0.19549299325092553
2495,18.767554205446174,0.9644838945321778,-0.23526660968489418
2496,18.806594561415697,0.9541697935151253,-0.27625512728254
2497,18.806594561415697,0.9541697935151253,-0.27625512728254
2498,18.825999175164178,0.9485128075231343,-0.29138528211809317
2499,18.864245526530468,0.9365431790128651,-0.31388680115898926
,,,
2500,18.88321094722286,0.9303011530507052,-0.3210393008434164
2501,18.62030771595037,0.5711492632266665,0.2319485858150027
2502,18.632432319901913,0.5740825238322569,0.24236208897401626
2503,18.632432319901913,0.5740825238322569,0.24236208897401626
2504,18.64934707255651,0.5783850372300671,0.25601712989307046
2505,18.666962476598513,0.5830852406590102,0.2618710194092793
2506,18.68618299040405,0.5881498730472616,0.25256893684660847
2507,18.705682186576123,0.5930356906370954,0.23775374106706912
2508,18.74490054191024,0.6022041127459298,0.22252124520850428
2509,18.74490054191024,0.6022041127459298,0.22252124520850428
2510,18.76440334130104,0.6065658400995554,0.21771296317682806
2511,18.7838772499972,0.6108344234308222,0.21377568165565705
2512,18.82311934343887,0.6191372273494491,0.20122223110838344
2513,18.82311934343887,0.6191372273494491,0.20122223110838344
2514,18.842803663504235,0.6230707920457319,0.192968240700221
2515,18.882102277725302,0.630446665234797,0.17817050954443367
2516,18.882102277725302,0.630446665234797,0.17817050954443367
2517,18.901822632072534,0.6339171887004156,0.16967649044353125
2518,18.921636768576803,0.637235206602594,0.1620871861901376
2519,18.961206335392014,0.6433453843905321,0.14203943434048255
,,,
2520,18.98111233049769,0.6460781448935974,0.13130218000382454
2521,18.98111233049769,0.6460781448935974,0.13130218000382454
2522,18.641586580201103,0.473410407819662,0.21515366943153344
2523,18.650088146520194,0.4751768050235577,0.1947803701637084
2524,18.66412953010346,0.4780059361040792,0.2083955829751348
2525,18.700238114725266,0.48650940879702337,0.23983355656715197
2526,18.719592671930588,0.4912725134584788,0.24207533876055798
2527,18.719592671930588,0.4912725134584788,0.24207533876055798
2528,18.73900767921238,0.4960775565152455,0.24343102632287536
2529,18.758435045140217,0.5009189551805534,0.2448921537033096
2530,18.777731498064266,0.5057669499903743,0.24680735959558964
2531,18.797113614992252,0.5106461448376557,0.24568213020716706
2532,18.816466989164176,0.5154830895511983,0.2436523772586451
2533,18.85532249961862,0.525132997266216,0.2438829219552537
2534,18.85532249961862,0.525132997266216,0.2438829219552537
2535,18.894013260534432,0.5348493267889672,0.24728720884364347
2536,18.913346676941053,0.539734983304243,0.2466986937260345
2537,18.9327508076351,0.5445963314254542,0.24386802840478544
2538,18.952226577385833,0.5494086070627864,0.2404934281665034
2539,18.971613451794703,0.5541405055926947,0.2380349947210374
,,,
2540,18.971613451794703,0.5541405055926947,0.2380349947210374
2541,18.661900524488118,0.3754878106999598,0.22986919537166114
2542,18.66423532726468,0.3760087194727728,0.21031318878852995
2543,18.685420591317097,0.3794955040345957,0.1409044210185665
2544,18.685420591317097,0.3794955040345957,0.1409044210185665
2545,18.703753769169857,0.3822281453561972,0.1592039099122317
2546,18.742537847521206,0.3894926785987511,0.2070037678997687
2547,18.761868101806755,0.39374555829570035,0.2256914963308195
2548,18.761868101806755,0.39374555829570035,0.2256914963308195
2549,18.78120835333405,0.3983714699608618,0.24389003190341427
2550,18.800538901344357,0.40335778840703246,0.2614730116718561
2551,18.819778913496435,0.408653087746415,0.27699713835311124
2552,18.838715908795763,0.4142203068162029,0.2945682009291048
2553,18.85763982942946,0.4201010967517149,0.30759252976482776
2554,18.87663250250596,0.42622250407198115,0.31567924534720443
2555,18.89564919959567,0.43250875963431995,0.32348982624352746
2556,18.91463528765315,0.43892340014447084,0.3279259721767512
2557,18.9334123827085,0.44537010556760603,0.3335922573456807
2558,18.952159837025466,0.45194558581595684,0.34155896178205647
2559,18.98966784282325,0.4656670617837165,0.3571504192874066
,,,
2560,19.24610260565184,0.7887826513052077,-0.05721750944302443
2561,19.24823259176974,0.7886756270734443,-0.05261850441336594
2562,19.24823259176974,0.7886756270734443,-0.05261850441336594
2563,19.254784840191007,0.7884683931034252,-0.016419472898639795
2564,19.26646665607493,0.7885412468506567,0.020479510466182533
2565,19.303116438615707,0.7888914938162083,-0.016171734645436822
2566,19.323304869265733,0.7882580854561287,-0.04564939791199223
2567,19.323304869265733,0.7882580854561287,-0.04564939791199223
2568,19.363484228881536,0.7854884953142434,-0.09047270902236694
2569,19.383591651850544,0.7834691073580965,-0.10880491548993344
2570,19.40370244503604,0.7811141563836416,-0.12396923059203471
2571,19.423600219239407,0.7785341958400782,-0.1322412352529423
2572,19.423600219239407,0.7785341958400782,-0.1322412352529423
2573,19.463021344871137,0.7731848675308498,-0.134147846611678
2574,19.463021344871137,0.7731848675308498,-0.134147846611678
2575,19.48286727519224,0.7705280420625821,-0.1317880684016839
2576,19.522590721914263,0.7654130324401158,-0.12329640790716838
2577,19.522590721914263,0.7654130324401158,-0.12329640790716838
2578,19.56198541512928,0.7607839480407154,-0.110038556861331
2579,19.56198541512928,0.7607839480407154,-0.110038556861331
,,,
2580,19.2518209607977,0.8886181798804434,-0.0572130974055832
2581,19.253156875615094,0.8885040720018303,-0.052394336788610545
2582,19.253156875615094,0.8885040720018303,-0.052394336788610545
2583,19.256354168175854,0.8883836254112687,-0.05479998031294555
2584,19.264711816793046,0.8878702590605906,-0.06982150055894584
2585,19.280389469703454,0.8865993939435766,-0.09144273825916491
2586,19.299871628085114,0.8845184155808685,-0.12342587816854216
2587,19.33979973308865,0.8783527274666906,-0.179828889149249
2588,19.359668726614853,0.874501264538385,-0.2034623313812217
2589,19.379330612489355,0.8702133290351254,-0.22471260596003279
2590,19.398829053343107,0.8655762436847876,-0.24136228170746127
2591,19.41824575249913,0.8606857104368691,-0.2517433504206751
2592,19.41824575249913,0.8606857104368691,-0.2517433504206751
2593,19.43766609346579,0.855615667808915,-0.25814637752223835
2594,19.456985262053667,0.8503480148259263,-0.270902816430149
2595,19.495385310234198,0.8398466478022488,-0.2639614479891913
2596,19.495385310234198,0.8398466478022488,-0.2639614479891913
2597,19.514614307298917,0.8346867987848768,-0.2602609607348359
2598,19.5339251211357,0.8296124670802711,-0.2537228057086814
2599,19.553306371248635,0.8246923048181212,-0.24298999479146008
,,,
2600,19.257540432207886,0.9884543044408973,-0.05720863113756893
2601,19.257540432207886,0.9884543044408973,-0.05720863113756893
2602,19.27048686381183,0.9879663713447521,-0.029453681272058625
2603,19.27048686381183,0.9879663713447521,-0.029453681272058625
2604,19.286909066079463,0.987439115829809,-0.042033474970611585
2605,19.32699267323932,0.9841301913437858,-0.12391297032314987
2606,19.32699267323932,0.9841301913437858,-0.12391297032314987
2607,19.366949490352372,0.9776679551962312,-0.19331520305072605
2608,19.366949490352372,0.9776679551962312,-0.19331520305072605
2609,19.386801063470326,0.9734779348518656,-0.2226157331547042
2610,19.406441444681843,0.9687628886413087,-0.24896468060859012
2611,19.425980129541546,0.963524525149577,-0.27540509398702645
2612,19.445330113345147,0.9578437686423411,-0.2960389282604948
2613,19.46431250653279,0.9518731299917995,-0.3129012977686903
2614,19.48337000832161,0.9455529016622638,-0.328024859590157
2615,19.502267256477722,0.9390257888094532,-0.3367185833326454
2616,19.539955882674487,0.9253699240270961,-0.3497844475961686
2617,19.539955882674487,0.9253699240270961,-0.3497844475961686
2618,19.558636742917194,0.9185601318445121,-0.34921627963858987
2619,19.596077028503263,0.9051880030277263,-0.3363930599560546
,,,
2620,19.234665245758293,0.5891095899782071,-0.057215476586140165
2621,19.234665245758293,0.5891095899782071,-0.057215476586140165
2622,19.24778172454587,0.5881392295592466,-0.10029245519129222
2623,19.24778172454587,0.5881392295592466,-0.10029245519129222
2624,19.277324601062258,0.5842721469812535,-0.13300217001015124
2625,19.277324601062258,0.5842721469812535,-0.13300217001015124
2626,19.316578181919557,0.5799083339883291,-0.09030586316693548
2627,19.33638195629795,0.5782516641982915,-0.0803047945368843
2628,19.33638195629795,0.5782516641982915,-0.0803047945368843
2629,19.35624380548137,0.5767610585190657,-0.06932663119403061
2630,19.37619074621567,0.5754776130405712,-0.05939461529276666
2631,19.39610009588938,0.5744065623662584,-0.048019613537085774
2632,19.435804399213684,0.5727919981577908,-0.0347108903146308
2633,19.455733459012418,0.5721635073679598,-0.027951472350717647
2634,19.455733459012418,0.5721635073679598,-0.027951472350717647
2635,19.495758605844056,0.5713297804206644,-0.013499554435556838
2636,19.495758605844056,0.5713297804206644,-0.013499554435556838
2637,19.515645223384414,0.5711437714448278,-0.006081957363715626
2638,19.55541758014026,0.571149946966644,0.006222210928922537
2639,19.575430899421182,0.5713322020709041,0.012492035635790698
,,,
2640,19.575430899421182,0.5713322020709041,0.012492035635790698
2641,19.22974472854675,0.4892212869317831,-0.05538548497833239
2642,19.22974472854675,0.4892212869317831,-0.05538548497833239
2643,19.233390309350796,0.4890335394262161,-0.06329493805380475
2644,19.260585187775817,0.4872063901197593,-0.05927930919451135
2645,19.260585187775817,0.4872063901197593,-0.05927930919451135
2646,19.280311395654124,0.4863273898705162,-0.028925936931519937
2647,19.300077844533064,0.4860254240022669,-0.0017222046983511063
2648,19.3395157550152,0.4868473514865866,0.044812713213097925
2649,19.3395157550152,0.4868473514865866,0.044812713213097925
2650,19.35928697669298,0.48798099584374816,0.06890701515620325
2651,19.37899516952838,0.4895098887463144,0.08474312436063708
2652,19.418651518978184,0.49338712909238064,0.10542893824318292
2653,19.438437379012928,0.4955745919016223,0.11486457325958843
2654,19.438437379012928,0.4955745919016223,0.11486457325958843
2655,19.478002391362004,0.5005288838302341,0.13181560364552952
2656,19.497746763252515,0.5032059891088003,0.13792616680373473
2657,19.497746763252515,0.5032059891088003,0.13792616680373473
2658,19.517545214633675,0.5060146230803223,0.14441994936011257
2659,19.53732123378282,0.5089697268695293,0.15228814407707955
,,,
2660,19.223232348896616,0.3894359382663566,-0.057225238952365566
2661,19.223232348896616,0.3894359382663566,-0.057225238952365566
2662,19.226855091297207,0.3892156182878441,-0.06276580602911026
2663,19.25615630756633,0.38741634944804637,-0.04712201355475272
2664,19.27592614731595,0.38681097992902375,-0.012606509471521149
2665,19.295572641111498,0.3868944918269414,0.020334455585411384
2666,19.295572641111498,0.3868944918269414,0.020334455585411384
2667,19.33490064994629,0.3889722905981167,0.0848668498927572
2668,19.33490064994629,0.3889722905981167,0.0848668498927572
2669,19.35452369922533,0.3909667605794744,0.11768607774496531
2670,19.374194493084495,0.3935097157777835,0.13844559055565325
2671,19.393833233577105,0.3964522497987029,0.15937755625340866
2672,19.432739264629507,0.4033997767426529,0.19227856849482977
2673,19.47153040188515,0.4115729055935673,0.22358482920674766
2674,19.47153040188515,0.4115729055935673,0.22358482920674766
2675,19.47153040188515,0.4115729055935673,0.22358482920674766
2676,19.49089699327908,0.4161441183600811,0.24007527735287063
2677,19.510299609251344,0.4210142171731171,0.2520976889862922
2678,19.548592717716808,0.4313164067523192,0.272629613800798
2679,19.548592717716808,0.4313164067523192,0.272629613800798
,,,
2680,19.89496408851789,0.7477700513254054,-0.0631427190891415
2681,19.89900378632417,0.7474983075821833,-0.06170207768013166
2682,19.89900378632417,0.7474983075821833,-0.06170207768013166
2683,19.90778372796846,0.7469586861337202,-0.05680695937543927
2684,19.918134458927984,0.7464113943940329,-0.05713164278553263
2685,19.93330600411266,0.7455066785091392,-0.06285247462783608
2686,19.97334637527317,0.7426215320304388,-0.08251203689608659
2687,19.97334637527317,0.7426215320304388,-0.08251203689608659
2688,19.993416298036088,0.7408557023778624,-0.09329916004077163
2689,20.033000905813914,0.7369434684930773,-0.10089860991504457
2690,20.05288387503701,0.7349352170619196,-0.10034143136000681
2691,20.05288387503701,0.7349352170619196,-0.10034143136000681
2692,20.07283595221273,0.7329379162496722,-0.09894733765398626
2693,20.092793767985093,0.7309701411386154,-0.09765494841179675
2694,20.132407126621334,0.727147830592827,-0.09591872620211118
2695,20.132407126621334,0.727147830592827,-0.09591872620211118
2696,20.152290656161217,0.7252388505152011,-0.09577542341982052
2697,20.172249662747742,0.7233155804685132,-0.09664050024580895
2698,20.192239772252893,0.7213678481674197,-0.09817882726570182
2699,20.212119558866004,0.719388961776986,-0.10075219846059746
,,,
2700,20.231869796472314,0.7173603499410108,-0.10396493928673226
2701,19.901268232042256,0.8475723481056394,-0.06314745971277728
2702,19.905544373063805,0.847289293107667,-0.06242774388688146
2703,19.91675854501969,0.8466796176003442,-0.04612838881629224
2704,19.947497596054532,0.8456768703215034,-0.04099167437871909
2705,19.967487972207472,0.8445189473089622,-0.07492679948358202
2706,19.967487972207472,0.8445189473089622,-0.07492679948358202
2707,19.987639761790565,0.8427104964791298,-0.10166908805832565
2708,20.02751650849159,0.8378617968938641,-0.13344869435094522
2709,20.02751650849159,0.8378617968938641,-0.13344869435094522
2710,20.047443182645637,0.8350951931774525,-0.14321542404978946
2711,20.06733969439718,0.8320874635266248,-0.15791759838993377
2712,20.087009338180057,0.8288397838468051,-0.16868004914280205
2713,20.106683486980685,0.8254192285602165,-0.17549565754241267
2714,20.12637207706546,0.8218584601649045,-0.18253466891897607
2715,20.14610225116625,0.818169538548339,-0.18734969865198192
2716,20.165853160832118,0.8143810313421077,-0.19164327676787185
2717,20.185425153727696,0.8105592126985314,-0.19504740067525428
2718,20.20497655987789,0.8066977993581602,-0.1949420769484214
2719,20.224553858455455,0.8028111999626965,-0.19734344762873396
,,,
2720,20.263875288271414,0.7949274511667216,-0.19804340491249672
2721,20.263875288271414,0.7949274511667216,-0.19804340491249672
2722,19.9088305754995,0.9472454786532107,-0.07027102065349278
2723,19.9123072286699,0.9470404172366949,-0.06926104009868
2724,19.937019997528544,0.9454401233197766,-0.07053296998520545
2725,19.937019997528544,0.9454401233197766,-0.07053296998520545
2726,19.957002116535378,0.943737606717067,-0.10086421493657213
2727,19.977033328829485,0.9413701612553191,-0.13491484797263065
2728,20.016618775731686,0.9351901284347658,-0.17125696713246225
2729,20.016618775731686,0.9351901284347658,-0.17125696713246225
2730,20.03643727443679,0.9316019747396944,-0.18824947350573856
2731,20.07582611850346,0.9235267116423485,-0.21310356973552655
2732,20.07582611850346,0.9235267116423485,-0.21310356973552655
2733,20.09543659559407,0.9191919127538418,-0.22232634140007748
2734,20.114872501523138,0.9147570047998701,-0.22664438301169326
2735,20.13434998742929,0.910234278286871,-0.2298509102372241
2736,20.15384091099784,0.9056320414252768,-0.23418568476727317
2737,20.192712811635154,0.8963101997474167,-0.2358182716660541
2738,20.192712811635154,0.8963101997474167,-0.2358182716660541
2739,20.212150710187917,0.8916553434760142,-0.23478167958585583
,,,
2740,19.8823351525087,0.5481702426040838,-0.06314278429178871
2741,19.8823351525087,0.5481702426040838,-0.06314278429178871
2742,19.884781153790325,0.5480425601062587,-0.044102812827039345
2743,19.893393560853763,0.547849542999165,-0.009739959735901124
2744,19.90821303631366,0.5478656909773258,0.0025039802939355186
2745,19.94605287355105,0.5480369251156638,0.013690758451154233
2746,19.94605287355105,0.5480369251156638,0.013690758451154233
2747,19.965880833317186,0.548427313038205,0.023565296078748032
2748,19.985791744585775,0.5489741339277926,0.031768926212872854
2749,20.025591628354864,0.5504492239751799,0.04045022954599792
2750,20.025591628354864,0.5504492239751799,0.04045022954599792
2751,20.045563690006382,0.5512882593555021,0.04396295085849939
2752,20.085460330179675,0.5532440697347463,0.05474168512701984
2753,20.085460330179675,0.5532440697347463,0.05474168512701984
2754,20.125181644808368,0.5556812887778212,0.06589895290282659
2755,20.125181644808368,0.5556812887778212,0.06589895290282659
2756,20.145083674476215,0.5570634135337221,0.07304293342439723
2757,20.165038218588624,0.5586025109578094,0.08149550633520874
2758,20.184805864621442,0.5602646254539005,0.0858749231860207
2759,20.204673607270756,0.5619750159106431,0.08441159289878505
,,,
2760,20.224549737394334,0.5636263237607877,0.08114047019362709
2761,19.876029102318412,0.44836896100041923,-0.06314330025968652
2762,19.88008117512816,0.448104310528639,-0.058592821447975514
2763,19.889932536828965,0.44766130668261517,-0.03050711904688686
2764,19.90224202059574,0.4475559725889909,0.007178262950854644
2765,19.918028311698134,0.44788604504466684,0.030672140490875757
2766,19.957566999088666,0.44997345352701723,0.07126181820978478
2767,19.957566999088666,0.44997345352701723,0.07126181820978478
2768,19.97751792075987,0.45153144298094516,0.08491024605225814
2769,19.99719250557672,0.45335593195650326,0.10045047243788771
2770,20.036566852053618,0.4578111094030484,0.12353847822908608
2771,20.036566852053618,0.4578111094030484,0.12353847822908608
2772,20.056357703430088,0.4603726093297293,0.1339357537810824
2773,20.076190963223087,0.4631178616944075,0.14120546306270107
2774,20.095929696071263,0.4659846335877996,0.14766155053488092
2775,20.115489979001456,0.46899592484672153,0.1574314901365959
2776,20.15466609267148,0.47574897995199084,0.18319827031632338
2777,20.174255484946382,0.47949328571388045,0.19368771744009866
2778,20.174255484946382,0.47949328571388045,0.19368771744009866
2779,20.193794179474956,0.48341321072340454,0.20226199045686352
,,,
2780,20.232738295475382,0.49158949479189,0.20877545403667713
2781,19.872829898644557,0.3483721825120705,-0.06292988419789869
2782,19.88195291805828,0.34774425721837365,-0.08488063417341798
2783,19.88195291805828,0.34774425721837365,-0.08488063417341798
2784,19.893616678441923,0.34660030646527806,-0.10778028852433152
2785,19.909633045482394,0.3448491572947659,-0.10512645916042512
2786,19.929056086093436,0.3431690130711073,-0.06382395348455781
2787,19.94832570525143,0.3423179545784558,-0.028058545839190846
2788,19.96777937457704,0.34209697622359797,0.005820217582828383
2789,19.987364472289563,0.34260293835249706,0.046346233690782314
2790,20.007069966996518,0.34377783510709503,0.07322691392587855
2791,20.046408931152868,0.34779007325868033,0.130404051266786
2792,20.046408931152868,0.34779007325868033,0.130404051266786
2793,20.06582812290441,0.3506098986203625,0.15613025387657567
2794,20.104764966755265,0.357655406147792,0.19925305231384055
2795,20.104764966755265,0.357655406147792,0.19925305231384055
2796,20.1241426882387,0.36175824853034905,0.21827886161895074
2797,20.143508865223282,0.36620766812436234,0.23255718856525198
2798,20.162893017705592,0.3709014317780875,0.24072961655541134
2799,20.201494085809244,0.38069262487263666,0.2581215296642639
,,,
2800,20.201494085809244,0.38069262487263666,0.2581215296642639
2801,20.542795036434654,0.7078788972246832,-0.05930109035864347
2802,20.546278449194247,0.7076553757002049,-0.06820622065900456
2803,20.574634618084513,0.7055691272396857,-0.07439210398693075
2804,20.574634618084513,0.7055691272396857,-0.07439210398693075
2805,20.593253167081006,0.704167524310305,-0.0792429802354373
2806,20.613294024794897,0.7024341657879445,-0.0940616564630491
2807,20.633189331766914,0.7004441124604104,-0.10515368861815284
2808,20.65313265353625,0.6982753282213174,-0.11117122266804288
2809,20.673081091319677,0.6959499501558382,-0.12133966464161718
2810,20.712829797416074,0.6908337782541094,-0.13342378232714378
2811,20.712829797416074,0.6908337782541094,-0.13342378232714378
2812,20.73249709444952,0.6881500005700536,-0.1379391738944338
2813,20.772132532598818,0.6825333378899963,-0.14236088022855237
2814,20.772132532598818,0.6825333378899963,-0.14236088022855237
2815,20.791890384375506,0.6797077958254979,-0.14160124456260428
2816,20.81170171810379,0.6768864400009295,-0.14161281071955542
2817,20.831423660156844,0.6740688698992783,-0.1433764369341778
2818,20.871010803022873,0.6683134540118375,-0.14524509092655533
2819,20.890753954245653,0.6654340727150264,-0.14434143980317324
,,,
2820,20.548718438659094,0.8077030784566657,-0.05929135817741052
2821,20.548718438659094,0.8077030784566657,-0.05929135817741052
2822,20.551487540537764,0.8075095792165485,-0.07734741896428475
2823,20.559392375399558,0.8067033583934021,-0.12768414758883784
2824,20.57222282059322,0.8047596705901422,-0.16799525161764578
2825,20.58924328133548,0.8018069616463808,-0.17547521563000648
2826,20.608931593986004,0.7982037391379695,-0.18692749461679836
2827,20.628705612690656,0.7943539895401077,-0.19798638269478047
2828,20.648234520516077,0.7903708029392348,-0.20494062577255998
2829,20.667950571098032,0.7862702869039199,-0.20389452731169586
2830,20.70699076348636,0.7784014097000058,-0.19139692858052157
2831,20.70699076348636,0.7784014097000058,-0.19139692858052157
2832,20.726639452703175,0.7746750372267116,-0.1831324690873751
2833,20.746371018714434,0.7710377728163751,-0.18284893377359462
2834,20.766031933747993,0.7673977017269534,-0.1834604217719167
2835,20.80526677823543,0.7600883542312257,-0.1855492472620333
2836,20.80526677823543,0.7600883542312257,-0.1855492472620333
2837,20.82497355187805,0.7563743785137148,-0.18739868132483115
2838,20.844626784473878,0.7526298659675972,-0.18986005860653038
2839,20.86414488259206,0.7488967160486004,-0.18783026187672375
,,,
2840,20.5546501273038,0.9075255434129286,-0.05928492460405628
2841,20.5546501273038,0.9075255434129286,-0.05928492460405628
2842,20.56941681428327,0.9064962672593556,-0.08847000114334884
2843,20.583902961568427,0.9048652500776518,-0.1386255452362971
2844,20.583902961568427,0.9048652500776518,-0.1386255452362971
2845,20.62081844889525,0.8984288500164261,-0.19922271616983098
2846,20.640563419800046,0.894214668946275,-0.2196055001541257
2847,20.66023782421338,0.8896720643832565,-0.23217848835524235
2848,20.66023782421338,0.8896720643832565,-0.23217848835524235
2849,20.679786710186143,0.884942080685028,-0.2424188223914193
2850,20.698832292133837,0.8801867679287189,-0.2457901060776165
2851,20.71816316599928,0.8753499904238824,-0.2449448166098357
2852,20.737549202803553,0.8705611325067532,-0.23915552022438372
2853,20.757021983405455,0.8659009579443588,-0.22987021438158964
2854,20.776550991228753,0.861369189419381,-0.22633219057198428
2855,20.79587379894431,0.8569619746715332,-0.22241776011927314
2856,20.81530267842681,0.8525816610069504,-0.22149450327290615
2857,20.834812285615094,0.8481921402240021,-0.22143625296411018
2858,20.854391328163043,0.8437819418947055,-0.22186346878994936
2859,20.893352338595324,0.8349019889897185,-0.2247498626708188
,,,
2860,20.530940636539917,0.5082304821653298,-0.05928766243049556
2861,20.530940636539917,0.5082304821653298,-0.05928766243049556
2862,20.53503977764033,0.5079774858815054,-0.06059918770413071
2863,20.547761705724987,0.5071858971494569,-0.06519784045662062
2864,20.565393027794276,0.5060653215497033,-0.057843607265172764
2865,20.584130903641213,0.5050962898380571,-0.04506531693362313
2866,20.603764186991228,0.5043668664953962,-0.032067233141074916
2867,20.64356940671012,0.503697502762023,-0.0024080872252882856
2868,20.64356940671012,0.503697502762023,-0.0024080872252882856
2869,20.683422176979512,0.5039976192426556,0.01434729977681215
2870,20.683422176979512,0.5039976192426556,0.01434729977681215
2871,20.70333809296177,0.504357039039445,0.021776221859341315
2872,20.72322568488087,0.5048711380921664,0.029718048876138707
2873,20.743177677082183,0.5055427720502762,0.03771650490065517
2874,20.76308682585756,0.5063740861309276,0.04496896658242373
2875,20.802655524869856,0.5086613889724042,0.06821902330160382
2876,20.822502626886845,0.5101140135035378,0.0775777440325707
2877,20.822502626886845,0.5101140135035378,0.0775777440325707
2878,20.842373839295735,0.5117398762583488,0.0861455065102907
2879,20.862213933338573,0.513550726700383,0.09497265163648234
,,,
2880,20.52501584363075,0.40840574192789647,-0.05928460390524261
2881,20.527500225081823,0.408281874956092,-0.03921496564009204
2882,20.527500225081823,0.408281874956092,-0.03921496564009204
2883,20.534536097851575,0.40819147853002635,0.0015938650758762305
2884,20.545698632229403,0.40835375024460774,0.017634242096533647
2885,20.58190441333951,0.4093055291484584,0.0444736551976722
2886,20.58190441333951,0.4093055291484584,0.0444736551976722
2887,20.601779730120132,0.4104211142652717,0.06829415577954179
2888,20.64126603054911,0.41391567054702927,0.10918957146364305
2889,20.64126603054911,0.41391567054702927,0.10918957146364305
2890,20.660891804693453,0.41627383468950563,0.12985126485317758
2891,20.680586159423697,0.41901439045815875,0.1465971930343825
2892,20.700313839584773,0.42208249173126927,0.16216549668619942
2893,20.720161587330693,0.42542590760839094,0.17080276579784245
2894,20.739688495448718,0.42889516329277483,0.18061271803931894
2895,20.75916084886511,0.4325878655941295,0.19418203973904713
2896,20.778621516202843,0.43657917348824926,0.21051518002674338
2897,20.798077979164972,0.44089428770913397,0.22582584196501446
2898,20.817399933266042,0.445485616735839,0.24062954167312908
2899,20.855617880037407,0.4555395168777351,0.2725172676535926
,,,
2900,20.51909058919304,0.3085823331078082,-0.05929051750020791
2901,20.51909058919304,0.3085823331078082,-0.05929051750020791
2902,20.521481950698117,0.3084241006179105,-0.07305141897502833
2903,20.52877370849249,0.30775034312104305,-0.11295971640242893
2904,20.558548303449093,0.3041715252494488,-0.10439612942825639
2905,20.59777951928436,0.3015050505947089,-0.029354608167207672
2906,20.59777951928436,0.3015050505947089,-0.029354608167207672
2907,20.59777951928436,0.3015050505947089,-0.029354608167207672
2908,20.617389388102218,0.30129254984736065,0.006222705875990363
2909,20.637093402104888,0.30175468989781606,0.041125238161133365
2910,20.676502038541933,0.30456790371737646,0.09735866484388736
2911,20.676502038541933,0.30456790371737646,0.09735866484388736
2912,20.7158792229907,0.30946792666718015,0.15044018698927342
2913,20.735348303661915,0.3126934418282364,0.17898054322359225
2914,20.735348303661915,0.3126934418282364,0.17898054322359225
2915,20.754678117817313,0.3164833031217003,0.20504314078085006
2916,20.77390548931992,0.32076300941321,0.23418798231008592
2917,20.793189453760686,0.325578739106453,0.2544303949811792
2918,20.81242956930196,0.33078926853980317,0.2749557543839492
2919,20.850337469211343,0.3422963191258596,0.3149285706404259
,,,
2920,20.850337469211343,0.3422963191258596,0.3149285706404259
2921,21.189194865504795,0.6721445620367357,-0.04026695031234916
2922,21.205789837706643,0.67140300861606,-0.05246411253881711
2923,21.205789837706643,0.67140300861606,-0.05246411253881711
2924,21.222507485320648,0.6703082417196079,-0.08053010947247927
2925,21.260534420914386,0.6668373818759739,-0.09558646680678513
2926,21.260534420914386,0.6668373818759739,-0.09558646680678513
2927,21.28045535108334,0.6649003756142559,-0.09854520967402855
2928,21.300437319828273,0.6629051722849789,-0.10067571237734262
2929,21.340149243243772,0.658828618136973,-0.10318923158248958
2930,21.359963092653057,0.6567861759983649,-0.10253027376800533
2931,21.379836516017754,0.6547582035019397,-0.10066500488547986
2932,21.379836516017754,0.6547582035019397,-0.10066500488547986
2933,21.399778677539715,0.6527693122254968,-0.0972560352953904
2934,21.41973200069655,0.6508536140968708,-0.0942040618120374
2935,21.459402934564313,0.6471869790682042,-0.09008400688368218
2936,21.459402934564313,0.6471869790682042,-0.09008400688368218
2937,21.479278273769438,0.6454223748096898,-0.0870479501831054
2938,21.519204498127344,0.642085016852767,-0.07887175931671217
2939,21.53904712206609,0.6405666298755395,-0.07384019406412973
,,,
2940,21.19321583949446,0.772064182743751,-0.04026998943629473
2941,21.19321583949446,0.772064182743751,-0.04026998943629473
2942,21.196681243526225,0.7719340830161697,-0.034774974244954376
2943,21.208092597401006,0.7715711704120803,-0.03290301643027458
2944,21.24669331649264,0.7696686421125986,-0.07279693379739875
2945,21.24669331649264,0.7696686421125986,-0.07279693379739875
2946,21.286698787054352,0.7657259381078624,-0.12167190283310865
2947,21.286698787054352,0.7657259381078624,-0.12167190283310865
2948,21.326725984044128,0.7601148210833903,-0.15159163330310654
2949,21.326725984044128,0.7601148210833903,-0.15159163330310654
2950,21.34661900489153,0.7570394780428966,-0.15415901007847366
2951,21.366143424412947,0.7540406413554451,-0.15142809035854887
2952,21.385824861789718,0.7510816746763661,-0.147406909231377
2953,21.405597119797555,0.7481796663385235,-0.14401556943655425
2954,21.42545637627743,0.7453170095996955,-0.14202143467228553
2955,21.4453093669808,0.7424791850263278,-0.14233663382339093
2956,21.48469794129453,0.7368096628328298,-0.14347875063651214
2957,21.50447639838971,0.7339643396286524,-0.14193490480122412
2958,21.50447639838971,0.7339643396286524,-0.14193490480122412
2959,21.54420400597561,0.7284024849312731,-0.13659060713501486
,,,
2960,21.563892870947043,0.7257231723379651,-0.1347652433336392
2961,21.199625427530563,0.8718889087530948,-0.044160404017205064
2962,21.199625427530563,0.8718889087530948,-0.044160404017205064
2963,21.2092599077739,0.8714479669989663,-0.04924738163314588
2964,21.245922520935636,0.8691060579050145,-0.08654390790242773
2965,21.245922520935636,0.8691060579050145,-0.08654390790242773
2966,21.28580022323995,0.8645145331678866,-0.14166986591574873
2967,21.28580022323995,0.8645145331678866,-0.14166986591574873
2968,21.325619038649176,0.8579101905287003,-0.1858990430400762
2969,21.345420131391993,0.854021339155694,-0.19969593769540833
2970,21.345420131391993,0.854021339155694,-0.19969593769540833
2971,21.36508481421045,0.8499305472473727,-0.2112012640228986
2972,21.384747752261536,0.8456006939708575,-0.22248993576224005
2973,21.40387481509842,0.8412221313768823,-0.22751055044775126
2974,21.44270644926488,0.8325535619118144,-0.21143169188493935
2975,21.462225159949828,0.8283904554171804,-0.2093158802678487
2976,21.462225159949828,0.8283904554171804,-0.2093158802678487
2977,21.48180474829941,0.8242626060165318,-0.20530670910724588
2978,21.501246278305217,0.8202670770212482,-0.20021161789052536
2979,21.52081541345743,0.8163724871230251,-0.1930894275948813
,,,
2980,21.559974622667085,0.8089368769694802,-0.18289378850109136
2981,21.559974622667085,0.8089368769694802,-0.18289378850109136
2982,21.19220321933758,0.47164198474597313,-0.09033932961636498
2983,21.204739043914778,0.47025774687517174,-0.12307598788477248
2984,21.204739043914778,0.47025774687517174,-0.12307598788477248
2985,21.222178588523054,0.46810749692717224,-0.11709267973481566
2986,21.261485610326922,0.46442571809287453,-0.07358270158595938
2987,21.261485610326922,0.46442571809287453,-0.07358270158595938
2988,21.301143324003803,0.4623234994567415,-0.031046240675783838
2989,21.301143324003803,0.4623234994567415,-0.031046240675783838
2990,21.321039241498884,0.4619193346124794,-0.009045570132251652
2991,21.360846238212012,0.4621986539846266,0.022894622952160215
2992,21.380610262750444,0.46280620562593017,0.039381884284821776
2993,21.380610262750444,0.46280620562593017,0.039381884284821776
2994,21.40042741957391,0.4637653389161587,0.05724746613063168
2995,21.4203474226594,0.4650419414644514,0.0705763458794852
2996,21.460020595333596,0.46845087873030355,0.10013694595284768
2997,21.460020595333596,0.46845087873030355,0.10013694595284768
2998,21.47972411527855,0.4705801320045858,0.11511578607257979
2999,21.499423770743398,0.4730069943092952,0.13012759229917256
,,,
3000,21.17711382149546,0.37238881643617877,-0.04027522308016529
3001,21.17711382149546,0.37238881643617877,-0.04027522308016529
3002,21.179982173523015,0.37226969469600324,-0.04299965645962907
3003,21.188382876602475,0.37198439260840055,-0.025104116977318704
3004,21.201416283493028,0.3720134980784815,0.029471565987054468
3005,21.218103321545655,0.37293463446887637,0.07208378008901911
3006,21.237426785200785,0.37454330357095417,0.09445284907079493
3007,21.27687081535239,0.3791113058540535,0.1373827973859113
3008,21.27687081535239,0.3791113058540535,0.1373827973859113
3009,21.296612239040734,0.38203621782292274,0.15733838802449104
3010,21.316125996346848,0.3853389001573438,0.1802008878601996
3011,21.33546198947348,0.3890890629745254,0.20264755881973726
3012,21.354865875475554,0.39323778734994214,0.21806489011485183
3013,21.37422444371549,0.39774376436517694,0.23989943749762124
3014,21.393534052609603,0.402673308663686,0.2602323754895946
3015,21.431763070165573,0.41345717432326,0.29088128095613736
3016,21.431763070165573,0.41345717432326,0.29088128095613736
3017,21.46975670097863,0.42536588147270127,0.31209422265277825
3018,21.46975670097863,0.42536588147270127,0.31209422265277825
3019,21.488249368976053,0.4314412094599648,0.3252032216483955
,,,
3020,21.525677120883337,0.44480509850752703,0.35815863363073486
3021,21.525677120883337,0.44480509850752703,0.35815863363073486
3022,21.17537675594392,0.2723917742835644,-0.02413848938728099
3023,21.182578873510245,0.27233844637056964,-0.004809337888474131
3024,21.194313007150026,0.2722514941468438,-0.014489965196451553
3025,21.230145136257597,0.272126671985761,0.021214775157826528
3026,21.249987367424044,0.27284276093458854,0.051066037500576505
3027,21.249987367424044,0.27284276093458854,0.051066037500576505
3028,21.269813512670282,0.27412519872503743,0.07966906448418118
3029,21.289372443281245,0.2759762579273928,0.10897785708937406
3030,21.328524120423392,0.2813944825741209,0.16488149387440298
3031,21.347795911270115,0.28487385286302974,0.19285573609114917
3032,21.347795911270115,0.28487385286302974,0.19285573609114917
3033,21.367078933179428,0.2889554217220782,0.22489809633704186
3034,21.386314266093827,0.2936488902533633,0.2536601006171732
3035,21.405186480842158,0.29881685661089635,0.28024095508998587
3036,21.424160373205087,0.30449396109568994,0.30075660149351774
3037,21.46181598282451,0.31704417916331057,0.33779381424364785
3038,21.46181598282451,0.31704417916331057,0.33779381424364785
3039,21.480558550348455,0.32378881843545454,0.3568703238934519
,,,
3040,21.833506134115456,0.6548115949446917,0.007474217192705515
3041,21.833506134115456,0.6548115949446917,0.007474217192705515
3042,21.83589993054349,0.6548404248491144,0.007623341249608264
3043,21.845338208726076,0.6549287267105809,0.008181717099522007
3044,21.863162208019894,0.6550811272603405,0.007997057036013557
3045,21.88328981012268,0.6552077986930224,0.0048159161076483615
3046,21.923157546823237,0.6553615655248852,0.0028353345410975007
3047,21.923157546823237,0.6553615655248852,0.0028353345410975007
3048,21.943126789547122,0.655406687702002,0.0014711066551463495
3049,21.983262116524884,0.6554655427949703,0.0013731762644060641
3050,21.983262116524884,0.6554655427949703,0.0013731762644060641
3051,22.043105620822214,0.6556016651475797,0.003963720317609146
3052,22.043105620822214,0.6556016651475797,0.003963720317609146
3053,22.063122043613937,0.6556946877640484,0.005256450770837828
3054,22.083195917866195,0.655822077201232,0.008017694831330496
3055,22.083195917866195,0.655822077201232,0.008017694831330496
3056,22.103210806510788,0.6560037621591261,0.010493987687996517
3057,22.123101895807885,0.6562431067369928,0.01298404931800515
3058,22.143017496842138,0.6565304179138565,0.015620077488102992
3059,22.163013919366232,0.6568621803778385,0.017595133703868508
,,,
3060,22.203096861468993,0.6576983689417369,0.024911028647869177
3061,22.203096861468993,0.6576983689417369,0.024911028647869177
3062,21.833542669348986,0.7548508817480521,0.011685938253341221
3063,21.83867462257735,0.7549752089038285,0.025519869817182135
3064,21.85150461299789,0.7554035127568052,0.0379651493227214
3065,21.870293390763454,0.7560301546639934,0.024231842470440197
3066,21.89055339699771,0.7562872956017237,0.001621107082494351
3067,21.910646040571653,0.7561280965971354,-0.01768481523376674
3068,21.950813167321236,0.7546426270414185,-0.05254822723932004
3069,21.970908063714454,0.7534820981107957,-0.062241981454795654
3070,21.970908063714454,0.7534820981107957,-0.062241981454795654
3071,21.990830464745308,0.7521577803719403,-0.07119587909104971
3072,22.010799888577424,0.7506596070410712,-0.078485791054016
3073,22.030599845067385,0.7490341172030656,-0.08598024400233703
3074,22.070503261035398,0.745393374466482,-0.09553649849040038
3075,22.090477890895436,0.7434565302209278,-0.09757377023299192
3076,22.11036981795351,0.7415149914795552,-0.09706327256716954
3077,22.11036981795351,0.7415149914795552,-0.09706327256716954
3078,22.149971394926187,0.737694053060503,-0.09552219105450735
3079,22.149971394926187,0.737694053060503,-0.09552219105450735
,,,
3080,22.189817720049387,0.7339761790150323,-0.08964968303175497
3081,22.189817720049387,0.7339761790150323,-0.08964968303175497
3082,21.834295312215833,0.8548342296743259,0.015773409173131497
3083,21.841402854335655,0.8549720213330246,0.009614472071526624
3084,21.85352298148541,0.8548541765293178,-0.033515991314567145
3085,21.870674021091208,0.8538317514659127,-0.0814012032915993
3086,21.89049712832011,0.8519767880404303,-0.10509755064619791
3087,21.91048370087455,0.8496810478515562,-0.12380488262727385
3088,21.930472608080546,0.847043214607019,-0.13895268226712026
3089,21.97011980884912,0.8408842243520465,-0.1684108906895481
3090,21.989778609298316,0.8374314040149513,-0.1781204155067777
3091,22.00945711217248,0.8338166752711256,-0.18663087777886309
3092,22.029197723353896,0.8299882624731767,-0.19673664845679542
3093,22.029197723353896,0.8299882624731767,-0.19673664845679542
3094,22.048945627567445,0.8259670665836734,-0.20403803204755055
3095,22.068556478952225,0.8218651842845278,-0.20830493771992134
3096,22.107534801727205,0.8135819397399436,-0.2089383593031313
3097,22.107534801727205,0.8135819397399436,-0.2089383593031313
3098,22.127112214648573,0.8094470978019999,-0.2070455982236008
3099,22.146754471124787,0.8053638275003914,-0.20178265839743303
,,,
3100,22.166367911639014,0.8014016476759621,-0.1959020436611687
3101,21.838208823470257,0.45484851561176415,0.010176173616740069
3102,21.838208823470257,0.45484851561176415,0.010176173616740069
3103,21.84931961921833,0.4549882759133465,0.012180162698226287
3104,21.867246208993976,0.45527596488368544,0.023306875655158977
3105,21.886892360546195,0.455969683694196,0.047107747382444845
3106,21.90672023237995,0.4571133589043215,0.06712351767974967
3107,21.92654097544999,0.4587088009742075,0.09444484534424538
3108,21.946255191680386,0.46079036183820293,0.1146795602949138
3109,21.985421053292026,0.4663333540801517,0.16033400286188607
3110,21.985421053292026,0.4663333540801517,0.16033400286188607
3111,22.005030712987963,0.4696596887372318,0.1759685061757209
3112,22.024638669637408,0.4732929481683391,0.19037696437033758
3113,22.044083228483455,0.4772315518734768,0.20967462977599144
3114,22.082529203731013,0.4863431799660526,0.25462939398085715
3115,22.082529203731013,0.4863431799660526,0.25462939398085715
3116,22.101680288654137,0.4915374526704064,0.2743880673032346
3117,22.120902418331045,0.4970575333802121,0.2847117057583505
3118,22.140126680923338,0.5027222079452092,0.289401891135056
3119,22.178009928226736,0.514325023489746,0.307524110298082
,,,
3120,21.835749620155575,0.35481952592576593,0.0074726792549048415
3121,21.835749620155575,0.35481952592576593,0.0074726792549048415
3122,21.85061240723315,0.3549100525325565,0.007961488204676962
3123,21.85061240723315,0.3549100525325565,0.007961488204676962
3124,21.863221379117416,0.35504446176999777,0.010562340446729688
3125,21.87914199660428,0.35532917093560074,0.026501960417492434
3126,21.918383397753125,0.35768720638069706,0.09665502535142476
3127,21.937802455534133,0.3599471848749843,0.13463537244485516
3128,21.937802455534133,0.3599471848749843,0.13463537244485516
3129,21.957312070836927,0.36292462542938775,0.1654994004918076
3130,21.976829491649397,0.3664577001503855,0.1925525129396805
3131,21.996304573649354,0.3705437515346193,0.22169395783882118
3132,22.01568468378681,0.37514081287283835,0.24148338314141987
3133,22.053816899622056,0.3854717693277877,0.28449697782003525
3134,22.053816899622056,0.3854717693277877,0.28449697782003525
3135,22.072884567549018,0.39123546785363034,0.30534799027996873
3136,22.091799234993466,0.39743693791928364,0.32876435124726333
3137,22.110421114426032,0.40402448802468227,0.351867999567316
3138,22.128860660951926,0.41096985661864094,0.36768955865519065
3139,22.14726821575138,0.4182769271347483,0.3883900122279044
,,,
3140,22.16558889211765,0.4259956854812996,0.40923196267199463
3141,21.83649502742517,0.2548229715320503,0.007471764114981684
3142,21.846436251575753,0.2549885208089019,0.03141200626511335
3143,21.846436251575753,0.2549885208089019,0.03141200626511335
3144,21.858529549676845,0.25574129450863764,0.09202707026965896
3145,21.874819139508563,0.2577781749864021,0.14774576461249508
3146,21.893897170075576,0.26097821415064754,0.18491578534467001
3147,21.9131805458636,0.2649471369869317,0.22109644338749268
3148,21.932413536240535,0.2696124433955446,0.2551820947748604
3149,21.95159233528184,0.2749009848535736,0.28358932458779673
3150,21.970184891239672,0.28057034871137737,0.3065380016087303
3151,22.007276266543023,0.29356397580440535,0.36288302651366416
3152,22.044023649171056,0.3084439017721416,0.4060032183339379
3153,22.044023649171056,0.3084439017721416,0.4060032183339379
3154,22.062165855345523,0.31646650923360164,0.426688613558156
3155,22.062165855345523,0.31646650923360164,0.426688613558156
3156,22.080146979957902,0.32487026897857707,0.4483091898094116
3157,22.11535877616254,0.34254752939142824,0.4816545094721955
3158,22.11535877616254,0.34254752939142824,0.4816545094721955
3159,22.150254227479795,0.3614491610223203,0.5112671303049096
,,,
3160,22.150254227479795,0.3614491610223203,0.5112671303049096
3161,22.4771722377746,0.6896623770975798,0.05639000439096874
3162,22.483295293485355,0.6900971668709696,0.07615189585958418
3163,22.483295293485355,0.6900971668709696,0.07615189585958418
3164,22.50703671462777,0.6917950577115674,0.06514443840508877
3165,22.527092312363315,0.6929875519421638,0.054518449507420734
3166,22.54718797784199,0.6940239595686354,0.049771220826444994
3167,22.54718797784199,0.6940239595686354,0.049771220826444994
3168,22.567148174811457,0.6949976633425899,0.04794081452903141
3169,22.587067825025684,0.6959222178307471,0.04444061329467727
3170,22.62719023887592,0.6974247954579289,0.027326172358527894
3171,22.62719023887592,0.6974247954579289,0.027326172358527894
3172,22.64728392385125,0.6978714133397075,0.017700679409573792
3173,22.66734012096949,0.6981374427746968,0.009238171864882036
3174,22.6873689987806,0.698241730114206,0.0006773525743342341
3175,22.727444662834117,0.6980315194966438,-0.009764861541236496
3176,22.747347144981923,0.6978010262821659,-0.013907302311501541
3177,22.747347144981923,0.6978010262821659,-0.013907302311501541
3178,22.767349833873393,0.6974647899621192,-0.02021439566905811
3179,22.78739905569942,0.6970023507534804,-0.026138769418897513
,,,
3180,22.471536533108512,0.7895033808435888,0.05639035930605674
3181,22.471536533108512,0.7895033808435888,0.05639035930605674
3182,22.47419347408338,0.7896719417549924,0.07482959319217039
3183,22.481821974692355,0.7904543298771411,0.11934142455007914
3184,22.494318980417557,0.7921055477884862,0.13457618729336607
3185,22.512020637873203,0.7943550439322253,0.11133747732850147
3186,22.5320295934818,0.7962074902355578,0.07354401263545164
3187,22.552122542501447,0.7973882452053854,0.04390751081768308
3188,22.592550805109955,0.798088895215359,-0.007957086490612233
3189,22.592550805109955,0.798088895215359,-0.007957086490612233
3190,22.612830430468417,0.7976935212341681,-0.030404901651007857
3191,22.653192304832007,0.7956714579262104,-0.07273065008519385
3192,22.653192304832007,0.7956714579262104,-0.07273065008519385
3193,22.673266677222312,0.7939685203631593,-0.09608868379421975
3194,22.693344687225984,0.791822222912047,-0.11371506669933264
3195,22.71329602055451,0.7894838495020495,-0.11955636233297337
3196,22.733152010158683,0.787096169657705,-0.11974894215852994
3197,22.752960183038034,0.7847151227008546,-0.12030502763202684
3198,22.7726932626624,0.7823263122466824,-0.12085625402834325
3199,22.81244489438236,0.7775169727859882,-0.119672518818407
,,,
3200,22.465903973837023,0.8893447205633817,0.056387585869057656
3201,22.465903973837023,0.8893447205633817,0.056387585869057656
3202,22.468359940834187,0.8894822595452813,0.04990167096215961
3203,22.48859473135461,0.8894059908250479,-0.05287285187277664
3204,22.506556771010015,0.8880656424030343,-0.08825670640385609
3205,22.506556771010015,0.8880656424030343,-0.08825670640385609
3206,22.526499122980095,0.8861198578799117,-0.10762630528105528
3207,22.54656153798193,0.8837430899263807,-0.128662375787811
3208,22.605812153263393,0.8745698046767084,-0.17200465412779756
3209,22.605812153263393,0.8745698046767084,-0.17200465412779756
3210,22.605812153263393,0.8745698046767084,-0.17200465412779756
3211,22.625508178140286,0.8710466025030889,-0.18268277164232138
3212,22.66493938952029,0.8635950575333936,-0.18823024104033742
3213,22.684619156814986,0.859840243209081,-0.18870531499105714
3214,22.704175326231184,0.8561156603170084,-0.18823278616712558
3215,22.704175326231184,0.8561156603170084,-0.18823278616712558
3216,22.723739457967945,0.8524107391261349,-0.18594088233940326
3217,22.74338144491555,0.8487537490370787,-0.1823001506548432
3218,22.76310605684043,0.8451545583542397,-0.17788299400183546
3219,22.782826825196402,0.8416543607570312,-0.17281316934942675
,,,
3220,22.48844398577102,0.4899806233011119,0.056387723443628204
3221,22.492561220529858,0.4902085723544957,0.05788640199722476
3222,22.492561220529858,0.4902085723544957,0.05788640199722476
3223,22.505046981620236,0.49094614029941896,0.05763933380236286
3224,22.52229681942994,0.49194467232486794,0.05882866732344297
3225,22.560542948288575,0.4947363538489864,0.09085576649094086
3226,22.560542948288575,0.4947363538489864,0.09085576649094086
3227,22.619468599021854,0.5019054095447134,0.15370057261313966
3228,22.619468599021854,0.5019054095447134,0.15370057261313966
3229,22.638978653524887,0.5051398942598844,0.17204014862196898
3230,22.65863649199495,0.5086499277810512,0.18218781371061543
3231,22.65863649199495,0.5086499277810512,0.18218781371061543
3232,22.678030452423997,0.5123319477163509,0.19144455178865008
3233,22.697546765499215,0.51623704052493,0.20349526415483765
3234,22.717068717329376,0.5203408965763953,0.20974342471934504
3235,22.73659576073175,0.5245265993799261,0.21253643899127442
3236,22.756181741363402,0.5287668258241692,0.21396271100266
3237,22.77566791580784,0.533020553556763,0.2159699284169784
3238,22.79517375638366,0.5373123365921035,0.21647879132385534
3239,22.81466213988935,0.5415880214484368,0.21478744155727802
,,,
3240,22.4940808552414,0.39013946082980205,0.05639232330687506
3241,22.496733944515718,0.390302219627895,0.07388834732622877
3242,22.496733944515718,0.390302219627895,0.07388834732622877
3243,22.51458546761332,0.39229969087936767,0.12011947859991462
3244,22.51458546761332,0.39229969087936767,0.12011947859991462
3245,22.55006477883062,0.3968933575168484,0.1497795648749664
3246,22.55006477883062,0.3968933575168484,0.1497795648749664
3247,22.569659897735182,0.40013306460159254,0.17899393461065538
3248,22.5891857055436,0.4038951925477979,0.20310760892620108
3249,22.627648640466226,0.4125701976458372,0.23930099945521044
3250,22.627648640466226,0.4125701976458372,0.23930099945521044
3251,22.66623900967296,0.4225975060899588,0.269456056106793
3252,22.66623900967296,0.4225975060899588,0.269456056106793
3253,22.70446686960545,0.43364656024872955,0.29159217966555856
3254,22.70446686960545,0.43364656024872955,0.29159217966555856
3255,22.742485771080947,0.4454071888917374,0.3080811613618463
3256,22.742485771080947,0.4454071888917374,0.3080811613618463
3257,22.76149887181607,0.45155694537019936,0.31795225272006455
3258,22.78050430794661,0.4578680101909833,0.32262420993220214
3259,22.799419732124274,0.4642387358547214,0.3267792157826234
,,,
3260,22.499716745292133,0.29029853571745595,0.056385633947130136
3261,22.50297070678615,0.2904596977410099,0.04528033156800787
3262,22.522881487236805,0.2906183054732702,-0.01200878391938846
3263,22.522881487236805,0.2906183054732702,-0.01200878391938846
3264,22.539874987295427,0.29055046709313814,0.010729523788172438
3265,22.539874987295427,0.29055046709313814,0.010729523788172438
3266,22.559320193802296,0.2912006256675043,0.05617809581454794
3267,22.5787760032515,0.29271558622788446,0.09856128045284582
3268,22.598211414370876,0.29503686893099423,0.13930534921120905
3269,22.617683432306265,0.298113676484617,0.17387779479381651
3270,22.637113044732985,0.30184931215147076,0.20635541894847223
3271,22.656413415354592,0.30618436894061796,0.235110920844648
3272,22.67562098218128,0.3110143870107802,0.2574509829539748
3273,22.69459837534729,0.31624435600426754,0.2798605584377581
3274,22.713446590587957,0.32194175926708757,0.30316971300279894
3275,22.732388816637155,0.3279980772037372,0.31518412183971894
3276,22.769992707799574,0.34084751924548606,0.3451692558855718
3277,22.788697598160976,0.34774793694287964,0.36135166080451564
3278,22.788697598160976,0.34774793694287964,0.36135166080451564
3279,22.807190379147528,0.3549168707171978,0.37872946999064455
,,,
3280,23.131354332820962,0.709404872551141,0.010721565348055994
3281,23.13560188626054,0.7094402791120876,0.010877800548758218
3282,23.13560188626054,0.7094402791120876,0.010877800548758218
3283,23.147883231503663,0.7096069936932391,0.016174258047444028
3284,23.182587785481246,0.7105097807611428,0.025630249615492033
3285,23.20253285669101,0.710942889058154,0.017908150282910085
3286,23.22262644404887,0.7111877782551761,0.005829161039666805
3287,23.22262644404887,0.7111877782551761,0.005829161039666805
3288,23.2427818310628,0.7111895772708459,-0.00531544192232973
3289,23.262806070530363,0.7110059386128436,-0.013056270811146312
3290,23.28281859598187,0.7107026854532769,-0.017146584327390302
3291,23.32273434174019,0.709953339456646,-0.02010882215877978
3292,23.32273434174019,0.709953339456646,-0.02010882215877978
3293,23.342788377521124,0.7095419629881672,-0.021000533183377423
3294,23.36280797541606,0.7091244709087011,-0.020949158307863477
3295,23.382785842634696,0.7086939283464415,-0.02245049983017333
3296,23.422662087670744,0.707715242767474,-0.026333993316970797
3297,23.422662087670744,0.707715242767474,-0.026333993316970797
3298,23.442696437376046,0.7071861662875173,-0.025786577198626856
3299,23.462720339438768,0.7067027648101041,-0.021983174651334276
,,,
3300,23.13028219682712,0.8093991250080234,0.010721565348055994
3301,23.13028219682712,0.8093991250080234,0.010721565348055994
3302,23.144771079260785,0.8094322252064065,-0.00045985914118888
3303,23.160699970592727,0.8094823685061888,0.004673864076470871
3304,23.160699970592727,0.8094823685061888,0.004673864076470871
3305,23.198292082466992,0.8093101427453386,-0.02496004876200993
3306,23.218489755424564,0.8085505733224766,-0.05105414289482935
3307,23.218489755424564,0.8085505733224766,-0.05105414289482935
3308,23.238612287231632,0.8072813814161515,-0.07218388795637981
3309,23.258322604726803,0.8056872487741128,-0.0908914694663147
3310,23.278317893799173,0.8037152146390776,-0.1057732241346564
3311,23.318323712476094,0.7990593119915421,-0.1256753194719692
3312,23.318323712476094,0.7990593119915421,-0.1256753194719692
3313,23.338176387589915,0.7964506339600468,-0.13593615704568432
3314,23.35792747635298,0.7936699834298273,-0.1435791715247338
3315,23.377710573409903,0.790751764564665,-0.14950758048684887
3316,23.397545194270606,0.7877243522673921,-0.15366716412913836
3317,23.417400071000287,0.7846423702935643,-0.15408511738644062
3318,23.437149603640012,0.781574309848606,-0.1546670111035398
3319,23.476528878155346,0.7753932561776443,-0.15677158358695
,,,
3320,23.129210838329836,0.9093932165517742,0.010721466672373335
3321,23.129210838329836,0.9093932165517742,0.010721466672373335
3322,23.140867641545835,0.909375924652614,0.001844561531650156
3323,23.140867641545835,0.909375924652614,0.001844561531650156
3324,23.1504999060186,0.9093789386997796,-0.0041431644243671885
3325,23.165271075295536,0.9092467880790184,-0.014578419122894424
3326,23.18513500136852,0.9086969978884939,-0.04296410160710862
3327,23.205443265411226,0.9074762452523977,-0.07770419503674733
3328,23.225686380477395,0.9056264909100638,-0.10471618364834752
3329,23.245717449274522,0.903333239070894,-0.12338124715928515
3330,23.265736899890282,0.9006478051103483,-0.14435647964224219
3331,23.285668116871467,0.8975491779458064,-0.16431176720340268
3332,23.305467690518782,0.8940965676433228,-0.18118105499555526
3333,23.32519528711753,0.8903005931462477,-0.19936973466572516
3334,23.34489913544725,0.8861809646014787,-0.21299970995013867
3335,23.38398536474204,0.8770471834602617,-0.2454120262586108
3336,23.38398536474204,0.8770471834602617,-0.2454120262586108
3337,23.42269726253272,0.8671818819299869,-0.24879806858126818
3338,23.42269726253272,0.8671818819299869,-0.24879806858126818
3339,23.442087378053355,0.8622752040158504,-0.24692897206746797
,,,
3340,23.480926658019907,0.8525388303885483,-0.24531656908940017
3341,23.480926658019907,0.8525388303885483,-0.24531656908940017
3342,23.140449036613592,0.5096568014443434,0.04422249162587541
3343,23.140449036613592,0.5096568014443434,0.04422249162587541
3344,23.172879376285003,0.5122032161602145,0.0939005731074796
3345,23.172879376285003,0.5122032161602145,0.0939005731074796
3346,23.192569626002985,0.5141720119412923,0.10600631139169091
3347,23.21235471653231,0.5163882782445165,0.11655210887685984
3348,23.251669993887553,0.5214394077549457,0.1407434400353431
3349,23.271379030180782,0.5243731921729563,0.15502724703425674
3350,23.271379030180782,0.5243731921729563,0.15502724703425674
3351,23.291013629169164,0.5275786917267423,0.1676572722245111
3352,23.31069210518002,0.5309672426639898,0.17337361366198575
3353,23.330293150070265,0.5344649523800062,0.17954862601814292
3354,23.349872848423267,0.5380818437649687,0.1858348637193759
3355,23.369477716437114,0.5418363556634684,0.19213733052018556
3356,23.40868746265636,0.5495716468282277,0.19614146876636784
3357,23.40868746265636,0.5495716468282277,0.19614146876636784
3358,23.428306983303877,0.5534875923808832,0.1976070410379012
3359,23.447805271527727,0.5574127623335385,0.1992377210006545
,,,
3360,23.134570740802484,0.4094221151804941,0.010721565348055994
3361,23.134570740802484,0.4094221151804941,0.010721565348055994
3362,23.1378999059072,0.40944091337526284,0.005327814845961121
3363,23.148136466411305,0.4095295706206854,0.011420653910237536
3364,23.1817160921202,0.41124951289745987,0.08897443047579479
3365,23.20113679669148,0.41327977883464173,0.1186788091574346
3366,23.20113679669148,0.41327977883464173,0.1186788091574346
3367,23.240337553356312,0.41898441221169863,0.16753062539517055
3368,23.240337553356312,0.41898441221169863,0.16753062539517055
3369,23.27949150269861,0.4264527222068251,0.20829983483652498
3370,23.27949150269861,0.4264527222068251,0.20829983483652498
3371,23.298715740200137,0.4307027196030198,0.22641321874378997
3372,23.318001651858197,0.43529881221440025,0.24126290220922664
3373,23.356596562987992,0.4453429572645845,0.2676035969110696
3374,23.375778798520386,0.4507109720588081,0.27755807961957873
3375,23.375778798520386,0.4507109720588081,0.27755807961957873
3376,23.39486604163784,0.45625043596139236,0.28701066947267634
3377,23.41388118037633,0.4619765398358895,0.29781871102631097
3378,23.45184125055609,0.4741742031526438,0.31820595193530415
3379,23.45184125055609,0.4741742031526438,0.31820595193530415
,,,
3380,23.135643509753606,0.30942783175271554,0.010723645485937903
3381,23.13803926136387,0.3094791579508313,0.030745403504341896
3382,23.13803926136387,0.3094791579508313,0.030745403504341896
3383,23.159278664646628,0.3109044465616265,0.07484800056995654
3384,23.159278664646628,0.3109044465616265,0.07484800056995654
3385,23.19466539613529,0.3141871688526032,0.12414476157639302
3386,23.214180800271276,0.31698746755786433,0.15744326126068697
3387,23.214180800271276,0.31698746755786433,0.15744326126068697
3388,23.233780748061555,0.3203726225777232,0.18572577340776814
3389,23.253016152868568,0.32428659267354704,0.2156256504919469
3390,23.27223475218115,0.32874113806387023,0.2395794440957558
3391,23.310690949204925,0.3389773127834421,0.2781019337289756
3392,23.329741698842916,0.34459004806839744,0.29562285747032696
3393,23.329741698842916,0.34459004806839744,0.29562285747032696
3394,23.34857264047428,0.35052450470032875,0.3147253298422995
3395,23.367234369799135,0.3567619672358209,0.3293272930574231
3396,23.3860382378099,0.3633132580821352,0.34031091954009857
3397,23.42352986258778,0.37693862342976614,0.3553385430092199
3398,23.442237628452403,0.3839380681242328,0.36045694877881024
3399,23.442237628452403,0.3839380681242328,0.36045694877881024
,,,
3400,23.479393943439455,0.39821049509399886,0.37336131020295354
3401,23.759946688153217,0.712126070526427,0.08710826773587242
3402,23.759946688153217,0.712126070526427,0.08710826773587242
3403,23.7816445876046,0.7127033721459104,-0.018383402234325365
3404,23.7816445876046,0.7127033721459104,-0.018383402234325365
3405,23.800314884829834,0.7121533784601979,-0.034486155031941
3406,23.84027300983205,0.7108535975104177,-0.0313267233162897
3407,23.84027300983205,0.7108535975104177,-0.0313267233162897
3408,23.86016587815208,0.710236655408465,-0.0314842508566928
3409,23.880153092430284,0.7096143341203152,-0.03079149433982146
3410,23.900114916951974,0.7090325952571999,-0.027848464535903665
3411,23.920035983790505,0.7085393786017945,-0.02152765306545681
3412,23.960016162854068,0.7078372815610724,-0.017096712627413
3413,23.960016162854068,0.7078372815610724,-0.017096712627413
3414,23.980018789295098,0.7074885940038925,-0.017597962260467486
3415,24.000028991950792,0.707150989522751,-0.016254415629135523
3416,24.019981204382027,0.7068455769683095,-0.014459393962271099
3417,24.039975261384075,0.7065718984251484,-0.012992914330250517
3418,24.059844384519433,0.7063469800087276,-0.010601618375636841
3419,24.079803293455864,0.7061722417790548,-0.006697916129895512
,,,
3420,23.74738675385514,0.8113817698589677,0.10101655525913696
3421,23.74738675385514,0.8113817698589677,0.10101655525913696
3422,23.750152320292386,0.8116678098286352,0.10085115146540098
3423,23.770921347209114,0.8129614515011696,0.013661900074255722
3424,23.78832005830402,0.8127637550983473,-0.030335366272875367
3425,23.78832005830402,0.8127637550983473,-0.030335366272875367
3426,23.808134228553552,0.8119479981509815,-0.05332097256189211
3427,23.828265029435627,0.8106627291941082,-0.07453905770668648
3428,23.84842364989813,0.8089722291592242,-0.09298294774869809
3429,23.86854139114551,0.8069376917387664,-0.10833604871552811
3430,23.908267122064725,0.8021668769871536,-0.12800998871241728
3431,23.928151173686445,0.7995218174658287,-0.1378931102419918
3432,23.928151173686445,0.7995218174658287,-0.1378931102419918
3433,23.948097232372145,0.7966467291939542,-0.14868244881340714
3434,23.96803875294664,0.793549712356326,-0.15900758031684692
3435,23.98766058652306,0.7903147133600439,-0.16755990301661605
3436,24.007330512832368,0.7868840819806894,-0.17822965565192772
3437,24.02705151945313,0.7832002112327004,-0.18659641234489382
3438,24.04676015021205,0.7794649584381201,-0.18840336953113718
3439,24.086061969759527,0.7720460786909276,-0.18493808575284051
,,,
3440,24.086061969759527,0.7720460786909276,-0.18493808575284051
3441,23.73730271752187,0.9108724651467109,0.10101404629856686
3442,23.741104231745485,0.9112512560967873,0.1013364917723811
3443,23.75324003294552,0.9125301894189907,0.10688229679795427
3444,23.788145739045664,0.9159742602145967,0.084650637836868
3445,23.788145739045664,0.9159742602145967,0.084650637836868
3446,23.807936612415453,0.9174170404080719,0.060011038269857535
3447,23.828212810525695,0.9183134988872975,0.027191662201329483
3448,23.848505389120437,0.9185307226267457,-0.006175703533815721
3449,23.86871938652531,0.9181236733410814,-0.033252963400027216
3450,23.888894354493893,0.917185436112947,-0.06037107835680688
3451,23.929326167747494,0.9136955265907952,-0.11276123589009655
3452,23.929326167747494,0.9136955265907952,-0.11276123589009655
3453,23.949387290228234,0.911164411636327,-0.13677623394292862
3454,23.989020398533142,0.9050505664034602,-0.16949865502650335
3455,23.989020398533142,0.9050505664034602,-0.16949865502650335
3456,24.02876378320136,0.8975239758218708,-0.20745651248086722
3457,24.02876378320136,0.8975239758218708,-0.20745651248086722
3458,24.048444725337504,0.8931844256362712,-0.2261912156270975
3459,24.06776923685059,0.8885764021401991,-0.24186645523448558
,,,
3460,24.087233891022727,0.8836483118364884,-0.25061466356943
3461,23.77764107519285,0.5129114714302483,0.10101668128562205
3462,23.78112967210075,0.5132616268098938,0.10896087694196842
3463,23.788822119355647,0.5142368515883081,0.13902393165808238
3464,23.799071116707854,0.5158170174632275,0.15752570045119593
3465,23.83416820553945,0.5215104946607193,0.16339157501181767
3466,23.85396530583993,0.5248002132560019,0.16596082520714478
3467,23.85396530583993,0.5248002132560019,0.16596082520714478
3468,23.893307828238896,0.5314651498360987,0.16804573925924868
3469,23.893307828238896,0.5314651498360987,0.16804573925924868
3470,23.93268592579472,0.538122516986481,0.16612939564902632
3471,23.952486662352165,0.5414302585012288,0.16503119624475018
3472,23.952486662352165,0.5414302585012288,0.16503119624475018
3473,23.99186507885539,0.5480327111302749,0.16721229557004544
3474,24.011503514256454,0.5513549083675774,0.1674668038060359
3475,24.011503514256454,0.5513549083675774,0.1674668038060359
3476,24.031204155641174,0.5546926608698177,0.16829788208524277
3477,24.05096916995939,0.558063550844409,0.16972347573059782
3478,24.070750331606323,0.5614612514550268,0.1708167441684937
3479,24.090365258018455,0.5648894099060654,0.17476472371353458
,,,
3480,24.109880136721728,0.5684078353045311,0.18194304595812147
3481,23.78773273015839,0.4134204817769708,0.10101123220809868
3482,23.79237926614358,0.41388481967902907,0.10348950108627343
3483,23.804217042337985,0.4151606542377658,0.11108648534727203
3484,23.81900001239416,0.41688925898074364,0.12122861652277608
3485,23.836047417759517,0.41912018888924685,0.13932833777692882
3486,23.85559594458909,0.4220755401516101,0.16073791473139626
3487,23.875202456650253,0.42542412706838373,0.17741815521072182
3488,23.89482939607381,0.42909074715926293,0.1917586662859407
3489,23.93371538224871,0.4371849117951736,0.21880400588987692
3490,23.953025885991124,0.4416291051707391,0.23373683237587747
3491,23.953025885991124,0.4416291051707391,0.23373683237587747
3492,23.97233804064326,0.44639183537517396,0.24885215403452826
3493,23.991631939152793,0.4513969524056505,0.2583357278510983
3494,24.010884322253126,0.4565625785223125,0.265150254410307
3495,24.03016483455055,0.4618378046068961,0.2687740087377346
3496,24.049315366528838,0.46716248607502303,0.2730661873647578
3497,24.068533911252786,0.47256954423380715,0.27555812235425675
3498,24.08771399937163,0.4780481243388387,0.2800317998351846
3499,24.1068663616569,0.4835985791998803,0.2841358961317439
,,,
3500,23.797807389957672,0.3139310887542336,0.10101411378970601
3501,23.797807389957672,0.3139310887542336,0.10101411378970601
3502,23.800303140788785,0.31420075841774947,0.10726503167206577
3503,23.81909816906898,0.31597167413256333,0.07592626183488609
3504,23.835446513470846,0.31727006029907184,0.08744489399948138
3505,23.835446513470846,0.31727006029907184,0.08744489399948138
3506,23.855089647094193,0.31932197688182634,0.1215172009228371
3507,23.8746796081377,0.32204247193311825,0.1560585101166828
3508,23.913285114214894,0.32945401265860824,0.22194904499276266
3509,23.932486565316026,0.33409012767203505,0.25106597278450526
3510,23.951650244517445,0.3392680793970008,0.27495070076600153
3511,23.951650244517445,0.3392680793970008,0.27495070076600153
3512,23.970685445512135,0.344833411237996,0.2941766905953301
3513,23.98967365491718,0.35075305034882237,0.31051963616533507
3514,24.027234346256062,0.36349923631319514,0.3422961253315374
3515,24.027234346256062,0.36349923631319514,0.3422961253315374
3516,24.045782781022417,0.37026250972558444,0.3571455381685216
3517,24.082919486231454,0.3845996776294169,0.37815379050740916
3518,24.101471201650487,0.3920750964209333,0.38869254521136515
3519,24.101471201650487,0.3920750964209333,0.38869254521136515
,,,
3520,24.119814366362267,0.39971991619899994,0.4014226381145933
3521,24.10543364455783,0.7787112009366148,0.07478264496004455
3522,24.10543364455783,0.7787112009366148,0.07478264496004455
3523,24.11658965112443,0.7795263684629717,0.07072593379127388
3524,24.15426154190421,0.781933692001374,0.05099832594380951
3525,24.15426154190421,0.781933692001374,0.05099832594380951
3526,24.17432374076189,0.7827971810028472,0.03437162515525269
3527,24.19434535719759,0.7833370048141695,0.01950671477314179
3528,24.214402872286254,0.7836411776089232,0.011020897918126979
3529,24.23452119082635,0.7837694774616285,0.004554453615672687
3530,24.274413938004155,0.783901963239074,0.0015653547050027185
3531,24.294329900046762,0.783929554719964,0.0012629935875924818
3532,24.294329900046762,0.783929554719964,0.0012629935875924818
3533,24.334306456752163,0.7841027536210581,0.008679223609312678
3534,24.334306456752163,0.7841027536210581,0.008679223609312678
3535,24.35444281694581,0.7843494329027926,0.01682505077733519
3536,24.374299938249926,0.7848163140820562,0.03039235887255334
3537,24.39406596546523,0.7855463245807653,0.04266078763342773
3538,24.41395667418442,0.7864734042750857,0.05012536385164991
3539,24.433922078057428,0.7875447507029242,0.05754982458844976
,,,
3540,24.094260642697026,0.8781443820677635,0.07988918245038538
3541,24.094260642697026,0.8781443820677635,0.07988918245038538
3542,24.103730630672814,0.8787593214674652,0.05020988364428035
3543,24.103730630672814,0.8787593214674652,0.05020988364428035
3544,24.138846828961604,0.8798222041726305,0.010101710453533324
3545,24.138846828961604,0.8798222041726305,0.010101710453533324
3546,24.15888862101335,0.8798552552517616,-0.007095365883895361
3547,24.17901890111101,0.8795655789332184,-0.022214255834725687
3548,24.219026666780717,0.8783056636653558,-0.03940771323154964
3549,24.219026666780717,0.8783056636653558,-0.03940771323154964
3550,24.239055965249957,0.8774578805115252,-0.04510763514667701
3551,24.279048859858044,0.8754999844856756,-0.051909435364210194
3552,24.279048859858044,0.8754999844856756,-0.051909435364210194
3553,24.29906129398123,0.8744166886472905,-0.058006099647717385
3554,24.319031249677266,0.8732254916292391,-0.06088451975413216
3555,24.35887417484712,0.8708746556960506,-0.053555329585717404
3556,24.35887417484712,0.8708746556960506,-0.053555329585717404
3557,24.378815155306672,0.8698763869159837,-0.04677120311032805
3558,24.39871008300288,0.868946487480468,-0.048534581823221755
3559,24.41866936803752,0.8679705412468419,-0.04932411181738742
,,,
3560,24.086274607151758,0.9778255019801108,0.07990707544141966
3561,24.086274607151758,0.9778255019801108,0.07990707544141966
3562,24.08944495382767,0.978076760785252,0.07957197209935923
3563,24.098307357157,0.9787109724109158,0.05299763739804508
3564,24.11193861288039,0.9790320582056006,-0.008024095858110156
3565,24.128921549658916,0.9784464038270301,-0.056512033402488546
3566,24.148636754908278,0.9771325318526088,-0.07511869081879435
3567,24.168694805215864,0.9754726475722677,-0.09038733213041768
3568,24.18879081072148,0.9735116687966807,-0.10375779462413366
3569,24.208760054279963,0.9713705607126352,-0.10853130766168663
3570,24.228480852104386,0.9691518961669622,-0.11722541093270726
3571,24.248285236602182,0.9667488268557121,-0.12384688685249175
3572,24.268155774447127,0.9642163948103953,-0.13007951048807576
3573,24.288118202883517,0.9615102212285371,-0.13984536658620386
3574,24.30807373933031,0.9586054052784309,-0.14892818782612788
3575,24.327784339565273,0.9555542001739117,-0.15875937177563804
3576,24.347480929524554,0.9523122684652606,-0.16748539143398636
3577,24.367252100656835,0.9488455805036612,-0.18034519365874435
3578,24.38708420778543,0.9450621952404545,-0.19721653458350008
3579,24.426449595558196,0.936961064206042,-0.20567852114807533
,,,
3580,24.44582022060294,0.9329139656048697,-0.20576329848267577
3581,24.44582022060294,0.9329139656048697,-0.20576329848267577
3582,24.132504533846785,0.5802026453836624,0.07778454437586184
3583,24.132504533846785,0.5802026453836624,0.07778454437586184
3584,24.170581783221056,0.5837355341141387,0.10832544220726653
3585,24.170581783221056,0.5837355341141387,0.10832544220726653
3586,24.209975217003727,0.5884258940378712,0.12802304023159544
3587,24.209975217003727,0.5884258940378712,0.12802304023159544
3588,24.229739318555076,0.5910737981342196,0.1394005639916476
3589,24.249504483875462,0.5939974261153688,0.15475876699046417
3590,24.288744756266695,0.6005312581408667,0.17721293410082864
3591,24.288744756266695,0.6005312581408667,0.17721293410082864
3592,24.308239981083336,0.6041503755315033,0.1891499705963908
3593,24.347329140666325,0.6121922865322559,0.21277398233078446
3594,24.347329140666325,0.6121922865322559,0.21277398233078446
3595,24.3668459951276,0.6164825795673645,0.2205168905856014
3596,24.38617992713822,0.6209379828444653,0.23234387197169906
3597,24.424639495141136,0.6306414535918194,0.2619971372255616
3598,24.424639495141136,0.6306414535918194,0.2619971372255616
3599,24.443876064194786,0.6359403849600707,0.27497887450688047
,,,
3600,24.462974929011583,0.6414535262571698,0.28675191715381737
3601,24.126189148046734,0.47942082381184475,0.0799220868594613
3602,24.128662894391283,0.4796507478641122,0.10080528286334478
3603,24.13669349521053,0.4806840219077928,0.1471724478992824
3604,24.150411782112624,0.48301873177293064,0.17985331432832669
3605,24.168325753707723,0.4863281914022033,0.1852937628688776
3606,24.187798485662707,0.49016041201391775,0.20379755303292593
3607,24.226596365890238,0.49882449246825805,0.23597026970886562
3608,24.226596365890238,0.49882449246825805,0.23597026970886562
3609,24.245851464105993,0.5035905852536611,0.2482683464550862
3610,24.265033931183154,0.5085862889924724,0.2610559103669329
3611,24.28426653638666,0.5138204886308103,0.2700613073505698
3612,24.303534153068416,0.519239863990069,0.2788380145597594
3613,24.322758330704733,0.5248354525272596,0.289357583936556
3614,24.34167655706028,0.5306217873706318,0.3038544155777001
3615,24.360518660654144,0.5366733763249724,0.3175779766988816
3616,24.379366928196134,0.543002434959295,0.33016258957430406
3617,24.398218723463174,0.5495929593138452,0.34252384126566043
3618,24.417057794276204,0.5564182123850671,0.3543483986630526
3619,24.435583541278497,0.5634118083936003,0.3681216907611028
,,,
3620,24.134170299901697,0.37974002728050194,0.07990568474832264
3621,24.138383574592154,0.38005820251878786,0.07762311291643569
3622,24.138383574592154,0.38005820251878786,0.07762311291643569
3623,24.148847639789636,0.3807951405041092,0.05727233424414973
3624,24.161331383843034,0.38143128873761584,0.04638283367268535
3625,24.177687393402604,0.382344727802618,0.07006077483391658
3626,24.216073667301867,0.3868327068381906,0.16144055053360817
3627,24.235411878865666,0.3903205783427178,0.194218375343649
3628,24.235411878865666,0.3903205783427178,0.194218375343649
3629,24.254749492117224,0.3944196324329948,0.22127620913499213
3630,24.274073988054543,0.39901575683946716,0.246016440022313
3631,24.29338679476258,0.4040663646145021,0.2665306031886989
3632,24.312394742206312,0.40944989468712795,0.28541007942597624
3633,24.33127497435646,0.41517875118006864,0.30352968358205645
3634,24.36895791946371,0.4277079047181523,0.3396652861019409
3635,24.36895791946371,0.4277079047181523,0.3396652861019409
3636,24.38775578129293,0.43453682773735053,0.355917130688757
3637,24.40638387248778,0.4415766737818999,0.36732731390833884
3638,24.424787208501552,0.448824712152603,0.3828860708905869
3639,24.461468273716104,0.4641877709428004,0.408452056125587
,,,
3640,24.479560519461785,0.47213777395437373,0.42001577087203296
3641,24.479560519461785,0.47213777395437373,0.42001577087203296
3642,24.7638246694517,0.7726651151217636,-0.04005989509594452
3643,24.773573999150212,0.772315655218686,-0.03245731336805431
3644,24.78843963615417,0.7721054592637612,0.007828938248984953
3645,24.825656955829864,0.7740945726747356,0.08312859816329782
3646,24.825656955829864,0.7740945726747356,0.08312859816329782
3647,24.865088254707505,0.7783459435670399,0.12795460464452368
3648,24.865088254707505,0.7783459435670399,0.12795460464452368
3649,24.884902488389226,0.7810549832140674,0.14407447367958975
3650,24.90470760330126,0.7840269012990458,0.15328471152676967
3651,24.924229488713767,0.7871823977946408,0.16760388153781997
3652,24.96333341453405,0.7943538451233609,0.19711045489966406
3653,24.96333341453405,0.7943538451233609,0.19711045489966406
3654,24.98280681824335,0.798454699917613,0.21847114516807292
3655,25.00226514198423,0.8029041949072255,0.23020338372414262
3656,25.021502367387367,0.8074814924348308,0.2357280283415098
3657,25.040914514144724,0.8121698211349783,0.2359020617669966
3658,25.06026025999332,0.8169354201328396,0.24921245204234777
3659,25.098825084305624,0.8272575793855652,0.26689609169954626
,,,
3660,24.76422769337239,0.8727254687622967,-0.03525033688915432
3661,24.76422769337239,0.8727254687622967,-0.03525033688915432
3662,24.77509709460051,0.8726723491790915,0.010493601661348259
3663,24.788490865903047,0.8728647891309814,0.01002051996326328
3664,24.788490865903047,0.8728647891309814,0.01002051996326328
3665,24.805819565386788,0.8730019422159595,0.009892360927884722
3666,24.82568903619837,0.8733507755395684,0.02519056763085909
3667,24.845606851426826,0.8740868220216754,0.049539714745752354
3668,24.885212780571262,0.8768156873929364,0.0827930079147329
3669,24.885212780571262,0.8768156873929364,0.0827930079147329
3670,24.924914121107125,0.8803961053458432,0.09716882798639243
3671,24.924914121107125,0.8803961053458432,0.09716882798639243
3672,24.94485988529323,0.8824184909742169,0.1060141114457961
3673,24.964729714902752,0.8846002096665408,0.11655431471159007
3674,24.984374121257424,0.8870115833574223,0.12695454871514486
3675,25.00410673475646,0.8895784526031784,0.13106065892594085
3676,25.023943545348054,0.8922069875563671,0.13219027711222384
3677,25.04383484896542,0.8948799785188354,0.1357594394964984
3678,25.083307983300177,0.9005208272265568,0.14925840712036503
3679,25.083307983300177,0.9005208272265568,0.14925840712036503
,,,
3680,24.76775278829641,0.9726631866044303,-0.03525041862223371
3681,24.771774303941093,0.9724960953486863,-0.03831169270363321
3682,24.771774303941093,0.9724960953486863,-0.03831169270363321
3683,24.78138801642602,0.9720705838970725,-0.055060881607488836
3684,24.793527098151408,0.9713056191874773,-0.07057288028437206
3685,24.809480315046283,0.9702416854955284,-0.0602056072911869
3686,24.82922035596989,0.9692393383781567,-0.04108684471647273
3687,24.849042816968467,0.9686600739043046,-0.017038851972462955
3688,24.868905339347865,0.9685231986821987,0.0023740927829150483
3689,24.888810090836,0.9687088532989778,0.01654718956966521
3690,24.90872733969314,0.9691879113860455,0.031078032601525887
3691,24.928548607752063,0.9698753339244377,0.03641299716469594
3692,24.94853199537001,0.9706197468469044,0.037583429756418665
3693,24.96852033012378,0.9713657747660862,0.03611133928227421
3694,24.988523168279762,0.9720749964243919,0.03481977477221648
3695,25.02841322472155,0.9735188160118953,0.03845105587904367
3696,25.02841322472155,0.9735188160118953,0.03845105587904367
3697,25.048379096109606,0.974313611643287,0.040689839440304874
3698,25.068394077575114,0.9751314159360092,0.03990987919116099
3699,25.08840456848531,0.9758909342646783,0.035967323449031745
,,,
3700,25.10841196083816,0.9766118517546893,0.03660804501230306
3701,24.753656791332382,0.5729112949161091,-0.03524719868261544
3702,24.756573039426797,0.5728121954480806,-0.03698319130552542
3703,24.76456571519929,0.5724453349156177,-0.06517773132216163
3704,24.776369024785517,0.5715207254703651,-0.08677356890346533
3705,24.812372848944026,0.5692088949421917,-0.028434737305672635
3706,24.83197161587,0.5690186109153254,0.011334563991413964
3707,24.83197161587,0.5690186109153254,0.011334563991413964
3708,24.85152413495226,0.5696239116438896,0.051018557319831674
3709,24.871057985775476,0.5710388643534762,0.09397489644131063
3710,24.89057234815163,0.5733088282857782,0.13804070243960295
3711,24.92938860104405,0.5801487678875518,0.20436503182042354
3712,24.92938860104405,0.5801487678875518,0.20436503182042354
3713,24.967588423755526,0.5893187480836507,0.2658019784414488
3714,24.967588423755526,0.5893187480836507,0.2658019784414488
3715,24.986405389694276,0.5947300353643187,0.2949326154648015
3716,25.005100503932486,0.6007316758927992,0.3259815846753137
3717,25.02364133583101,0.60734599486018,0.35961438326569245
3718,25.042109217019085,0.6145323768634072,0.38290802905442944
3719,25.06030470078233,0.6221498640831711,0.4128651404704524
,,,
3720,24.75013047854091,0.4729739602798458,-0.03525033688915432
3721,24.75013047854091,0.4729739602798458,-0.03525033688915432
3722,24.753167741645107,0.47288456517637134,-0.025194650718829235
3723,24.76206096069056,0.47272833741062903,-0.02102533858726368
3724,24.774180063614605,0.47244119748887803,-0.025780321936072277
3725,24.789970542221607,0.4721590492357396,-0.005440608414895273
3726,24.82903241408932,0.47380524921494205,0.08871342723364524
3727,24.82903241408932,0.47380524921494205,0.08871342723364524
3728,24.867753825548725,0.4789760146318164,0.1766957467166298
3729,24.88696234683374,0.48284072957414603,0.22042277079887346
3730,24.88696234683374,0.48284072957414603,0.22042277079887346
3731,24.906033293144418,0.487488127683896,0.25711750803381545
3732,24.92495453317219,0.49280513151690425,0.29038952795821366
3733,24.943777071320984,0.49870270666768496,0.31468904829997835
3734,24.962606931831697,0.5050812244564248,0.33912161524164564
3735,24.99938049990248,0.5192889677496284,0.3974786822079476
3736,24.99938049990248,0.5192889677496284,0.3974786822079476
3737,25.017420106102907,0.5271102461727736,0.4232415883033229
3738,25.035190255574864,0.5355028197936623,0.4603719933362995
3739,25.052612441258226,0.5446284071860551,0.5056382120850479
,,,
3740,24.746607900458493,0.3730356100507622,-0.03524422423084706
3741,24.746607900458493,0.3730356100507622,-0.03524422423084706
3742,24.756289712564357,0.3730285642026295,0.03182256185555466
3743,24.76614978596491,0.37357604933708166,0.06904809583109923
3744,24.76614978596491,0.37357604933708166,0.06904809583109923
3745,24.781346730602863,0.3748423018327578,0.09609618270660818
3746,24.80055954962651,0.37714666690572013,0.14418011659269472
3747,24.83911635268714,0.38450687160632985,0.23264436059271398
3748,24.83911635268714,0.38450687160632985,0.23264436059271398
3749,24.85813799240741,0.38944524054182184,0.2756041848519613
3750,24.8769938926017,0.39517526524299496,0.3138180200197118
3751,24.89556642933915,0.4015637981866315,0.34682299781448156
3752,24.91398603345976,0.40851263516871616,0.373383194251229
3753,24.932307215298597,0.4159273391833162,0.3955754686966297
3754,24.950410211936294,0.4238321714686737,0.4279906507494701
3755,24.96839366971366,0.43231968502305584,0.4540219096645656
3756,25.00329298798399,0.45064369318135766,0.5140545134610413
3757,25.00329298798399,0.45064369318135766,0.5140545134610413
3758,25.020269898041636,0.4605761785105215,0.5448637330765084
3759,25.03687270482948,0.4711040792758773,0.585482434923517
,,,
3760,25.36512216146885,0.8322798892938962,0.2752964611178994
3761,25.36512216146885,0.8322798892938962,0.2752964611178994
3762,25.368566838809322,0.8332524391249786,0.28096945319659744
3763,25.389990110588084,0.8402746500715472,0.3539450220818298
3764,25.389990110588084,0.8402746500715472,0.3539450220818298
3765,25.422220124217453,0.8537688830651469,0.44267787380235973
3766,25.422220124217453,0.8537688830651469,0.44267787380235973
3767,25.43965865074295,0.8626394615325544,0.4970255490705482
3768,25.456579868985212,0.8723977436539755,0.5497041159125422
3769,25.473097490345697,0.8830176018703563,0.5927883440557224
3770,25.489075275678815,0.8943824630969139,0.6455492698953919
3771,25.50447594161676,0.906567659463574,0.6942587245565953
3772,25.533339241146578,0.9327032642626111,0.7738637779525246
3773,25.533339241146578,0.9327032642626111,0.7738637779525246
3774,25.572947537062635,0.9761966407057171,0.8976129996570148
3775,25.572947537062635,0.9761966407057171,0.8976129996570148
3776,25.572947537062635,0.9761966407057171,0.8976129996570148
3777,25.58486880150877,0.9918099443323077,0.9392894804079238
3778,25.596255471843822,1.0079472028608307,0.9734173457059718
3779,25.60702911046985,1.0243626576425564,1.0064659175619417
,,,
3780,25.617324141067783,1.0412582715264125,1.0372200515834986
3781,25.337944104930777,0.9285148605150964,0.27529288216028286
3782,25.342203092410475,0.9297123147062842,0.2769093708907515
3783,25.371398373298216,0.9382736350778017,0.2979537831565397
3784,25.389157070356738,0.9439845178092816,0.3262325776043604
3785,25.407510859165047,0.9505607782546971,0.3610565266322428
3786,25.407510859165047,0.9505607782546971,0.3610565266322428
3787,25.42570909918955,0.9578930489774032,0.40699211540179914
3788,25.460676320554274,0.974993808707801,0.5074105888968237
3789,25.460676320554274,0.974993808707801,0.5074105888968237
3790,25.494005095540118,0.9958194732552407,0.5941791880035276
3791,25.494005095540118,0.9958194732552407,0.5941791880035276
3792,25.525562206014186,1.0186972469502775,0.6587479778422162
3793,25.525562206014186,1.0186972469502775,0.6587479778422162
3794,25.555984508607903,1.043596058167403,0.7242659608569565
3795,25.555984508607903,1.043596058167403,0.7242659608569565
3796,25.570576291732905,1.0570550076928005,0.761349621883316
3797,25.584702057257037,1.070879633636017,0.7879142662163088
3798,25.59826230576405,1.0850648326327355,0.8307301964532708
3799,25.611239466113705,1.0998788911716815,0.8725961081191789
,,,
3800,25.62349707915566,1.1151033148144065,0.91348650649877
3801,25.313983580237213,1.0256669287425242,0.27957317030960654
3802,25.313983580237213,1.0256669287425242,0.27957317030960654
3803,25.324844395239154,1.0288613974702199,0.2897305288334839
3804,25.34162720224566,1.0339629080939199,0.3028028827210056
3805,25.378090699043337,1.0464103577815067,0.3640290935920473
3806,25.39605716981835,1.0536673797371054,0.40298337817590385
3807,25.39605716981835,1.0536673797371054,0.40298337817590385
3808,25.430801851455893,1.070346731273007,0.5023984471923516
3809,25.430801851455893,1.070346731273007,0.5023984471923516
3810,25.447609945866574,1.0801769875365723,0.5487796476124983
3811,25.46434960510146,1.09073932121142,0.5771919668397486
3812,25.480828765331385,1.1017998102626374,0.6056119463080718
3813,25.497372888200708,1.1134776384901557,0.6209302934500992
3814,25.529197278437366,1.137201907349376,0.6647660053394232
3815,25.54464731940415,1.1496103327115548,0.6873493818432037
3816,25.55984015305001,1.1623406997509782,0.7072171593679314
3817,25.55984015305001,1.1623406997509782,0.7072171593679314
3818,25.574731736909165,1.1753300791182621,0.7298065366097499
3819,25.589350244679398,1.188697447015201,0.7491414980187748
,,,
3820,25.419488955408237,0.6398115820130575,0.275293867564881
3821,25.419488955408237,0.6398115820130575,0.275293867564881
3822,25.421321777205595,0.64032631665609,0.2649864057453679
3823,25.44346363405998,0.6460430971979134,0.2579659143887387
3824,25.44346363405998,0.6460430971979134,0.2579659143887387
3825,25.461276340645437,0.6510741921751495,0.2943327963296806
3826,25.479890113752294,0.6570948155814428,0.3315683463793954
3827,25.516832556346113,0.6720549932454731,0.4450444850707209
3828,25.516832556346113,0.6720549932454731,0.4450444850707209
3829,25.534032950664617,0.6809388465319542,0.5087239366188221
3830,25.566603221463573,0.701882169937427,0.6347174875543588
3831,25.566603221463573,0.701882169937427,0.6347174875543588
3832,25.581969315981006,0.7139234478177179,0.6932807162248508
3833,25.59686071173981,0.7269035448414567,0.739560068767927
3834,25.636977954332494,0.7696400056260262,0.9041922819468317
3835,25.636977954332494,0.7696400056260262,0.9041922819468317
3836,25.636977954332494,0.7696400056260262,0.9041922819468317
3837,25.64840924039789,0.7849028511807744,0.9575964770022447
3838,25.659315523616492,0.8010846573165948,0.9979472229828784
3839,25.669745608213944,0.8177946164521797,1.027253992981611
,,,
3840,25.679759257773767,0.8348876843195933,1.0546461952284425
3841,25.446675677242887,0.5435766872253912,0.27528994276880675
3842,25.449495611614726,0.5443781724378228,0.27763058529962126
3843,25.45757353552484,0.5468133093815775,0.30796296610445173
3844,25.484735371958795,0.557482565557125,0.42327894010609735
3845,25.502149077815357,0.5658262079392178,0.47411026514150656
3846,25.502149077815357,0.5658262079392178,0.47411026514150656
3847,25.519217217382742,0.5752262028888513,0.5338952040364691
3848,25.53568962942071,0.5856706756287117,0.597358035674223
3849,25.566467671845107,0.6094965252602437,0.7190943722053157
3850,25.580826216424523,0.6228025551362664,0.7755810083914618
3851,25.594290693120765,0.6366668445170788,0.8272697953952209
3852,25.594290693120765,0.6366668445170788,0.8272697953952209
3853,25.61947117696425,0.6665347105676048,0.9119583108708688
3854,25.61947117696425,0.6665347105676048,0.9119583108708688
3855,25.631166439216326,0.682325322882014,0.9546304091980534
3856,25.642167060272136,0.6985629570273105,0.9960938310459334
3857,25.652529544643247,0.7152599858487654,1.0345408729262864
3858,25.66242377037458,0.7324977406644253,1.0626748891184077
3859,25.671885584094298,0.7499311930391404,1.0842868797030034
,,,
3860,25.47385985095741,0.4473424778187152,0.2752901962326783
3861,25.47385985095741,0.4473424778187152,0.2752901962326783
3862,25.489713321259444,0.45183266010374673,0.2791257991091129
3863,25.489713321259444,0.45183266010374673,0.2791257991091129
3864,25.52467572423311,0.46286092007166774,0.33447908242576546
3865,25.52467572423311,0.46286092007166774,0.33447908242576546
3866,25.561265822388474,0.477030053766882,0.4096776659315253
3867,25.561265822388474,0.477030053766882,0.4096776659315253
3868,25.57909907385601,0.4852231393252265,0.45221663370032894
3869,25.595982890198155,0.4939712450547518,0.5063180912436482
3870,25.612704466680913,0.503909811922094,0.566259624833167
3871,25.644243899273924,0.5268127971269932,0.6944170747523075
3872,25.644243899273924,0.5268127971269932,0.6944170747523075
3873,25.658787222865378,0.5397159942801331,0.7572690173970443
3874,25.67224684813964,0.5531270734884186,0.8091203192305201
3875,25.69718683985944,0.5828500151450854,0.9349566073524832
3876,25.708312983535578,0.598795640772835,0.9833982616874243
3877,25.708312983535578,0.598795640772835,0.9833982616874243
3878,25.718857566235453,0.6153599828548367,1.0255592325583638
3879,25.728743057536853,0.632417950298878,1.0658581922061643
,,,
3880,25.85875329659733,1.1183647373906698,0.8556718384347087
3881,25.860324279905882,1.1202169467989358,0.8766153541417822
3882,25.86534809510095,1.1265839505294457,0.9208726703730656
3883,25.86534809510095,1.1265839505294457,0.9208726703730656
3884,25.873251475738623,1.137415295748757,0.9500674112369489
3885,25.882497313198503,1.150715335011911,0.9791888092426649
3886,25.89289771647091,1.1670467270613074,1.0281537283958135
3887,25.902703438239133,1.184149165456003,1.0727333551314122
3888,25.9203856328182,1.2199318221830104,1.155637849735303
3889,25.9203856328182,1.2199318221830104,1.155637849735303
3890,25.93420086440061,1.2565364111065072,1.265243001533688
3891,25.939562529872774,1.2752246138935768,1.3164866263136246
3892,25.939562529872774,1.2752246138935768,1.3164866263136246
3893,25.943953677976936,1.2941707743452633,1.3721719534758567
3894,25.947228265054886,1.3134054402959292,1.4328650340435156
3895,25.94937478981332,1.3328537231896904,1.4892499728950708
3896,25.95042243004781,1.3523065647655401,1.5451908554222102
3897,25.949454472489574,1.391218066458831,1.640513922437242
3898,25.949454472489574,1.391218066458831,1.640513922437242
3899,25.947661550223053,1.4106713297159121,1.6847957695788685
,,,
3900,25.78325075219943,1.1839351516605519,0.8556539927950677
3901,25.78325075219943,1.1839351516605519,0.8556539927950677
3902,25.792997761493048,1.1950868499839369,0.8482123118444346
3903,25.792997761493048,1.1950868499839369,0.8482123118444346
3904,25.801209486713816,1.2043946026011627,0.8463158240020892
3905,25.823017357454113,1.231093029033948,0.9361125239790126
3906,25.823017357454113,1.231093029033948,0.9361125239790126
3907,25.844386690755226,1.2636242815079612,1.0416091545607562
3908,25.853848609725375,1.2807667082861085,1.0891108257469315
3909,25.86253705611356,1.2983602246331383,1.1395640476499054
3910,25.86253705611356,1.2983602246331383,1.1395640476499054
3911,25.876913033738244,1.33464900750113,1.2440748479385344
3912,25.876913033738244,1.33464900750113,1.2440748479385344
3913,25.88276008299171,1.3533276423537317,1.2911957342177391
3914,25.887688039119503,1.372241844755384,1.341231057344192
3915,25.894487111470312,1.4103508625532597,1.4494875163518839
3916,25.894487111470312,1.4103508625532597,1.4494875163518839
3917,25.896318118764064,1.4297983477112408,1.5043753105311488
3918,25.897048184971126,1.4690149679648776,1.5984191617270633
3919,25.897048184971126,1.4690149679648776,1.5984191617270633
,,,
3920,25.707751184488536,1.2495080855359817,0.8556552222838966
3921,25.707751184488536,1.2495080855359817,0.8556552222838966
3922,25.70900944937915,1.2509604244147283,0.8609412158055754
3923,25.712548694811804,1.2550745219196877,0.8460149757813666
3924,25.7198449523489,1.2631042559201275,0.8246130158739264
3925,25.7310337298391,1.2752460995944959,0.831911911971702
3926,25.744128429298584,1.2900463288865742,0.8622344001008704
3927,25.756671004543755,1.305179617564588,0.8960645636428103
3928,25.768740962248437,1.3209042902028576,0.9381697434847607
3929,25.77990367730633,1.336915946527501,0.9860566759807845
3930,25.790449255294888,1.353497689002786,1.021143581591223
3931,25.800400712430157,1.370356384165519,1.0540511663438006
3932,25.809722011343993,1.3875910698372762,1.0973671864205325
3933,25.81835215289148,1.4053041257392704,1.1375418800473904
3934,25.826181519761754,1.4233746108890404,1.1879000937000854
3935,25.83313065333455,1.4418044540358095,1.2317664678973925
3936,25.844466819446872,1.4791933028315787,1.3246768650992973
3937,25.844466819446872,1.4791933028315787,1.3246768650992973
3938,25.8520919812953,1.517452203582315,1.423207455506551
3939,25.8520919812953,1.517452203582315,1.423207455506551
,,,
3940,25.85449901420064,1.536867665680773,1.471822393663837
3941,26.009754025897262,0.9872204007740545,0.8556547401198568
3942,26.011447640433687,0.9891232153531146,0.8529590428176012
3943,26.01984691787605,0.998812987984345,0.8694284936928495
3944,26.028183399757076,1.0092389187607032,0.9221556008523841
3945,26.028183399757076,1.0092389187607032,0.9221556008523841
3946,26.038474308983393,1.0236523810283764,0.9777043794737179
3947,26.05846050837155,1.0569374111192007,1.0786293817396304
3948,26.05846050837155,1.0569374111192007,1.0786293817396304
3949,26.06737315937953,1.07450439310555,1.1232697695095122
3950,26.075273512738615,1.0920998658208498,1.1764651801137056
3951,26.082334985143163,1.1103216271668628,1.2247361400406185
3952,26.093742953912383,1.1476576064615325,1.3303811936324685
3953,26.093742953912383,1.1476576064615325,1.3303811936324685
3954,26.097826548773334,1.1666223810747085,1.3848512288176218
3955,26.100834184118984,1.185760382447826,1.446372585206113
3956,26.102618585074026,1.2051231707259311,1.5121103783444476
3957,26.103112044199865,1.2245454204552593,1.5793214140107694
3958,26.102433363877285,1.244141497132462,1.6294166355933541
3959,26.100861351208284,1.263751614722711,1.672386474541874
,,,
3960,26.085253668976108,0.9216484123388862,0.855656175888103
3961,26.085253668976108,0.9216484123388862,0.855656175888103
3962,26.09193813977847,0.9295653984155777,0.8772989277362362
3963,26.09193813977847,0.9295653984155777,0.8772989277362362
3964,26.101176426261695,0.9409492752317021,0.9017464533240958
3965,26.110984451426077,0.9537870943448299,0.9351104727524661
3966,26.121815256579104,0.9692127485071124,0.9841968714344372
3967,26.13216445130926,0.9858114397124458,1.0434014844209882
3968,26.141599489879752,1.0030297245225128,1.0965978194697288
3969,26.15005585911152,1.0205274604695487,1.142920275279804
3970,26.15770056035682,1.0384350730201,1.192130686256787
3971,26.164494915650568,1.0567674491101335,1.2399378114062976
3972,26.170460069188607,1.0754029650125534,1.2811143673813847
3973,26.17548466740082,1.093952078775206,1.3333483407128688
3974,26.182241710332413,1.1323474820027737,1.4589020954158876
3975,26.182241710332413,1.1323474820027737,1.4589020954158876
3976,26.183848304707784,1.1517766903593771,1.5178466505395127
3977,26.184237161866257,1.171262381262891,1.5861066659781864
3978,26.18120922451725,1.2097477993051329,1.7076219203561678
3979,26.18120922451725,1.2097477993051329,1.7076219203561678
,,,
3980,26.160750710656373,0.8560727089120634,0.8556539927950677
3981,26.160750710656373,0.8560727089120634,0.8556539927950677
3982,26.163254247432278,0.8589250874221454,0.8524143661317903
3983,26.16845567119876,0.8648466183313948,0.8401169734146655
3984,26.17576739162289,0.8729834627676153,0.8398241101606335
3985,26.198915906233744,0.9007451121303034,0.9274721950164316
3986,26.198915906233744,0.9007451121303034,0.9274721950164316
3987,26.20996882517636,0.9164956496187118,0.9887968327119242
3988,26.220099611838517,0.9329831105828937,1.0511503886084679
3989,26.2378371020438,0.9676340147720306,1.1395496106369718
3990,26.2378371020438,0.9676340147720306,1.1395496106369718
3991,26.245676678148712,0.9856202681582151,1.1786842623653067
3992,26.25892158776336,1.0225660885603778,1.2780615118386511
3993,26.25892158776336,1.0225660885603778,1.2780615118386511
3994,26.264086706290477,1.041452095374348,1.3306885850680712
3995,26.26826119384535,1.060546878904149,1.3803314107329867
3996,26.27349377651611,1.0992080504142483,1.4943175368442223
3997,26.27443182174898,1.1186005492602524,1.5499943376240388
3998,26.27443182174898,1.1186005492602524,1.5499943376240388
3999,26.27427148889288,1.1379977386338862,1.6126181339032846
,,,
4000,26.038284409159296,1.5365043949758732,1.4521492247275154
4001,26.038284409159296,1.5365043949758732,1.4521492247275154
4002,26.038622054790643,1.539231980217051,1.4414398664205432
4003,26.039804033740957,1.548286843601216,1.4417161803938172
4004,26.041440990261698,1.5623916076447697,1.473093537062981
4005,26.04267208671473,1.5784662970158645,1.5158521030027439
4006,26.043106318081005,1.596533839378915,1.580537010429573
4007,26.042326877666646,1.61581799993081,1.6408955897763589
4008,26.04047100860149,1.6352562011849214,1.6909859071242106
4009,26.03406366267924,1.6739191195347056,1.7746228910651334
4010,26.029706596686697,1.6931983000540023,1.8098547131391383
4011,26.029706596686697,1.6931983000540023,1.8098547131391383
4012,26.024755832392906,1.7124814780554543,1.8335757504956443
4013,26.019439409881816,1.731529703189059,1.8528967274152865
4014,26.00772205798385,1.7693080723225776,1.8913431103435852
4015,26.00772205798385,1.7693080723225776,1.8913431103435852
4016,26.00124003961822,1.7879597525520792,1.9203913763585116
4017,25.994199900462103,1.8064313043375757,1.949511757192366
4018,25.98663261171306,1.8246813497305083,1.9783968355182722
4019,25.978723170488337,1.8424824776343693,1.9984591988588987
,,,
4020,25.970331570350822,1.8602528353332752,2.026381484547387
4021,25.938987259271208,1.5483396678111687,1.4521532025416175
4022,25.939307688700186,1.5507883357174856,1.4338972151489928
4023,25.942644296692528,1.5717944455373507,1.4191190861855234
4024,25.942644296692528,1.5717944455373507,1.4191190861855234
4025,25.94484813085724,1.5884579321909944,1.4644821709108318
4026,25.94625171859401,1.6062825160254603,1.5219618340504453
4027,25.94655325423422,1.6253453012646635,1.585193882255263
4028,25.945747805668983,1.6447721976443295,1.635787843023277
4029,25.941672294766196,1.6837842347349614,1.7100417456914465
4030,25.941672294766196,1.6837842347349614,1.7100417456914465
4031,25.93863510553138,1.703367536141242,1.7358644554983065
4032,25.93522772179789,1.7230604266363307,1.7485362089842005
4033,25.927692855334406,1.7621710199920195,1.771571040888302
4034,25.927692855334406,1.7621710199920195,1.771571040888302
4035,25.919355427576775,1.8010149200098025,1.7949781843448098
4036,25.919355427576775,1.8010149200098025,1.7949781843448098
4037,25.909936715444463,1.8398781950778327,1.8239061392930866
4038,25.909936715444463,1.8398781950778327,1.8239061392930866
4039,25.90483560441422,1.8589967109528631,1.8390082610472533
,,,
4040,25.83969171566345,1.5601805328212892,1.4521522831540958
4041,25.84023618319093,1.5645575109422525,1.4491024025495978
4042,25.841600801883057,1.5753214639639435,1.438030930251669
4043,25.841600801883057,1.5753214639639435,1.438030930251669
4044,25.843293945810817,1.587860557213456,1.4328802744426596
4045,25.845282692628587,1.6033656762287605,1.4582661822213236
4046,25.84699956963767,1.622619213759929,1.5053274114290827
4047,25.848173475183494,1.6618811394604287,1.572924849334325
4048,25.848173475183494,1.6618811394604287,1.572924849334325
4049,25.846989822942717,1.7014953774340416,1.6259801131637817
4050,25.84565684689862,1.7213827689289494,1.6499170330224107
4051,25.84565684689862,1.7213827689289494,1.6499170330224107
4052,25.84385784548293,1.7409917008190592,1.6756573293617807
4053,25.838646217276562,1.7800655449693956,1.7308650421749652
4054,25.838646217276562,1.7800655449693956,1.7308650421749652
4055,25.831487059265452,1.8192387584375924,1.7680164065791268
4056,25.831487059265452,1.8192387584375924,1.7680164065791268
4057,25.82746371640864,1.83871247767294,1.7793315289864984
4058,25.819086310402867,1.8774754367218727,1.7791895282750756
4059,25.819086310402867,1.8774754367218727,1.7791895282750756
,,,
4060,25.814994737057013,1.8971432723423023,1.773057906983601
4061,26.236879551028522,1.5128349800838872,1.4521323627950653
4062,26.237087947368252,1.5144925189470677,1.4490493973779923
4063,26.238534420404402,1.530067639770869,1.5045055256261746
4064,26.239247487793946,1.5465013788826234,1.5493869559950681
4065,26.239247487793946,1.5465013788826234,1.5493869559950681
4066,26.239177344703446,1.5641709169448983,1.6020620552675418
4067,26.237959224427033,1.5835198405721533,1.6656635353483253
4068,26.232096902046994,1.6220456454990548,1.783147515045975
4069,26.232096902046994,1.6220456454990548,1.783147515045975
4070,26.22738392852294,1.6408942484298916,1.8502281168371382
4071,26.221320023531486,1.659432080792092,1.9249375313866548
4072,26.214190082056827,1.6769370862611666,1.9882764040413046
4073,26.205831985792102,1.6945607350833822,2.0355623945334322
4074,26.196779845576383,1.712025372517479,2.0590039739887
4075,26.177017816919943,1.746139761034451,2.1370054044809788
4076,26.177017816919943,1.746139761034451,2.1370054044809788
4077,26.154621554191063,1.778470218609477,2.2131361601631214
4078,26.154621554191063,1.778470218609477,2.2131361601631214
4079,26.142819395378854,1.793710912633382,2.24321962536749
,,,
4080,26.130484884242797,1.8090124427234866,2.2527358365159813
4081,26.33654280965632,1.503839968568477,1.4371032411432307
4082,26.33654280965632,1.503839968568477,1.4371032411432307
4083,26.337819879846798,1.5127706229753082,1.4211435198211924
4084,26.33982925763729,1.5268293930623595,1.4408268379458113
4085,26.342806101207078,1.5632301205381838,1.5407250731597617
4086,26.342806101207078,1.5632301205381838,1.5407250731597617
4087,26.342839936379644,1.5826528529601491,1.6000392638521745
4088,26.341654594548654,1.6020614797486887,1.6638290475212143
4089,26.339292621224406,1.6213413364729328,1.7214191233141662
4090,26.33576918192698,1.6402830632641752,1.7879894716891582
4091,26.330865011762597,1.6589940475767275,1.868890683058646
4092,26.324499367932358,1.6773749848558235,1.9390983245717668
4093,26.308686799971372,1.7130565876056978,2.0291171888430926
4094,26.308686799971372,1.7130565876056978,2.0291171888430926
4095,26.299795919282577,1.7303080789612864,2.060708479307436
4096,26.290283937853257,1.74766895290297,2.0833918486817673
4097,26.28038572442156,1.764883570840735,2.099792959625506
4098,26.27024750695033,1.7820084041785151,2.1106906092763325
4099,26.25983626079753,1.7988988624337794,2.1373854784121673
,,,
4100,26.237780322244102,1.8314325101666478,2.1922029335647624
4101,26.237780322244102,1.8314325101666478,2.1922029335647624
4102,26.435720441294027,1.4913240725368002,1.4503821950144715
4103,26.436801322440193,1.5001950361069682,1.4468004543491655
4104,26.43983596392636,1.5308345275473592,1.5056951333647977
4105,26.43983596392636,1.5308345275473592,1.5056951333647977
4106,26.44063519097611,1.5492989516910538,1.5511325481131377
4107,26.439146803610498,1.5883279597183975,1.667285998758167
4108,26.439146803610498,1.5883279597183975,1.667285998758167
4109,26.43675357321811,1.6075953104372225,1.7223624862200146
4110,26.433232376490647,1.6266528584954933,1.7863564220716694
4111,26.428371080220128,1.6453462824922422,1.8665429365028052
4112,26.41463623782917,1.6816179728379637,1.9834705184455477
4113,26.41463623782917,1.6816179728379637,1.9834705184455477
4114,26.406393041750736,1.6994942667987372,2.0203875517102197
4115,26.39754184895536,1.7173192828378634,2.042880345132138
4116,26.38831015287436,1.7350512497101005,2.0615240149875094
4117,26.37885587337538,1.7523453858011335,2.0802034948499886
4118,26.358961358674314,1.786663249894125,2.1103917889313974
4119,26.348590186204937,1.803740954529638,2.1226199009617908
,,,
4120,26.08209963757939,1.9720313550080069,1.4981940747771894
4121,26.08209963757939,1.9720313550080069,1.4981940747771894
4122,26.082222640085284,1.9739583932769271,1.5026005420371433
4123,26.082477555103125,1.9917849968643841,1.6025667814691196
4124,26.081497339036968,2.0083081887040404,1.6486295711701295
4125,26.081497339036968,2.0083081887040404,1.6486295711701295
4126,26.079626656779507,2.0271640053031894,1.692473363244666
4127,26.076745581902305,2.046511589036915,1.745431518258198
4128,26.072855684614847,2.0657896402758222,1.7948388695745303
4129,26.062851287966954,2.1044589394893385,1.8428485031865134
4130,26.062851287966954,2.1044589394893385,1.8428485031865134
4131,26.046016928621324,2.1618079045391387,1.867417094948846
4132,26.046016928621324,2.1618079045391387,1.867417094948846
4133,26.046016928621324,2.1618079045391387,1.867417094948846
4134,26.040116607409864,2.1809012841575792,1.871637971696886
4135,26.034247959537044,2.199990547136015,1.8666011490756453
4136,26.028492384225533,2.2190296488197983,1.8615125545271458
4137,26.022804131499772,2.238230241827384,1.8560106805784877
4138,26.01719257883432,2.257518285624837,1.8516632958490027
4139,26.011664452964546,2.2768050260670334,1.8479239815215927
,,,
4140,25.982363155510537,1.9792856419281317,1.4981945044381593
4141,25.98263615914556,1.9830939142008075,1.5013441279808004
4142,25.983464545655302,1.9948536637945278,1.4963708983181545
4143,25.98464119088287,2.0103337775845262,1.491789129459904
4144,25.98464119088287,2.0103337775845262,1.491789129459904
4145,25.985918410595087,2.027033069022852,1.500221146997899
4146,25.987021567949558,2.0465438623511893,1.5280192524449683
4147,25.986757007904888,2.1055325241257377,1.6207631411858754
4148,25.986757007904888,2.1055325241257377,1.6207631411858754
4149,25.986757007904888,2.1055325241257377,1.6207631411858754
4150,25.983565540448417,2.144935993629448,1.6834610237129872
4151,25.98103646994111,2.164612657087907,1.7146788294076927
4152,25.98103646994111,2.164612657087907,1.7146788294076927
4153,25.977916774955354,2.18412869795979,1.7443051130329288
4154,25.970309212454914,2.222748835312517,1.7828924931446244
4155,25.970309212454914,2.222748835312517,1.7828924931446244
4156,25.965967845758666,2.242228285977555,1.7954908054417327
4157,25.96147231596672,2.2617457117474085,1.7986065512711087
4158,25.95695110794333,2.2812053191186537,1.799271879148204
4159,25.947822187328228,2.3199660707126792,1.8048415805026883
,,,
4160,25.94315046048669,2.3394244969683946,1.8086157280564514
4161,25.882851404854204,1.98920950164207,1.4827204889698946
4162,25.882851404854204,1.98920950164207,1.4827204889698946
4163,25.885112602240238,2.0073594728372894,1.431109361989447
4164,25.885112602240238,2.0073594728372894,1.431109361989447
4165,25.88720545282115,2.0234199817592233,1.4533550889466358
4166,25.889253166322497,2.0430317198682055,1.4796151529251529
4167,25.890801868406413,2.062669715970865,1.5035463298865306
4168,25.891940556229777,2.0824611332526697,1.5228857233171424
4169,25.892770797094645,2.102400808492219,1.5355106208539284
4170,25.893354796854368,2.1223690014045653,1.5471750426882709
4171,25.89374165180232,2.1620336895424384,1.572707879169578
4172,25.89374165180232,2.1620336895424384,1.572707879169578
4173,25.89358423900822,2.181901524222015,1.5854047351375373
4174,25.893138676404217,2.2018225550860704,1.601045546388463
4175,25.892334722658866,2.221748506051683,1.622283385838046
4176,25.89113291471073,2.24157723516591,1.640447271712305
4177,25.887672087953295,2.2810126140081435,1.6698146879760933
4178,25.887672087953295,2.2810126140081435,1.6698146879760933
4179,25.885624532273685,2.3008938625832087,1.67671191648817
,,,
4180,26.28157209789467,1.957524341153782,1.4981943469624215
4181,26.28157209789467,1.957524341153782,1.4981943469624215
4182,26.281638871753994,1.9588832636465339,1.5052972737568673
4183,26.281994866735307,1.965653198762184,1.5242335025106595
4184,26.28248295334501,1.980050949812004,1.5470108722547817
4185,26.282186966577363,2.0172893257623774,1.6139894735047802
4186,26.28092993490592,2.0369233110078824,1.6563252591117985
4187,26.275475393360054,2.076518969106952,1.7668007594893549
4188,26.275475393360054,2.076518969106952,1.7668007594893549
4189,26.27112947942881,2.095383602320459,1.8267127651862474
4190,26.27112947942881,2.095383602320459,1.8267127651862474
4191,26.265676346241843,2.1140688030602557,1.8815594982575856
4192,26.259185731640166,2.132474152573771,1.9390490722264309
4193,26.251584150891937,2.150848878064508,1.9838129302384688
4194,26.234754422738547,2.1867722685902122,2.0309130615580187
4195,26.234754422738547,2.1867722685902122,2.0309130615580187
4196,26.21645186114563,2.2218765434061147,2.068292368791773
4197,26.21645186114563,2.2218765434061147,2.068292368791773
4198,26.197120496795698,2.256568032659109,2.0892021438943096
4199,26.187136480517918,2.2738962837717196,2.0973331987287698
,,,
4200,26.38130939600363,1.9502703701517776,1.4981944508862042
4201,26.38130939600363,1.9502703701517776,1.4981944508862042
4202,26.38138567014691,1.950777819642072,1.497920410673377
4203,26.38158243853707,1.953955959360912,1.4972743686991643
4204,26.38228321081948,1.9636287220054915,1.4992422937900098
4205,26.383865680293273,1.9964334344968693,1.556112602664691
4206,26.383865680293273,1.9964334344968693,1.556112602664691
4207,26.383708728905063,2.0152273960519467,1.6006456488438343
4208,26.382769344714298,2.034925393606413,1.6358746333158656
4209,26.378312052420558,2.074463460841087,1.7362820423432532
4210,26.378312052420558,2.074463460841087,1.7362820423432532
4211,26.374582661502885,2.09350427923711,1.792686886316769
4212,26.36974659200216,2.1123501161215086,1.8518560588029076
4213,26.356864452649894,2.148983411367498,1.967848247266585
4214,26.34883445747948,2.166765920429746,2.0185761139523253
4215,26.34883445747948,2.166765920429746,2.0185761139523253
4216,26.340002846188575,2.184399252203273,2.0512095180208663
4217,26.330591637388807,2.201870589045063,2.0808902960918028
4218,26.32076364129975,2.2188399067694156,2.1134969066571356
4219,26.310404788295166,2.235465812965834,2.1396902934056046
,,,
4220,26.299631326519165,2.2521400992712786,2.1480272201416284
4221,26.481251411950847,1.945359006982986,1.4860207618683448
4222,26.481251411950847,1.945359006982986,1.4860207618683448
4223,26.48172701152123,1.9506708145193228,1.470074030673295
4224,26.482578443924776,1.9596401974039943,1.483119009921837
4225,26.48364080329338,1.9747254365162175,1.5168127890932683
4226,26.484242068550195,1.9938938454921777,1.5628681486695046
4227,26.483933957487793,2.0133916227733244,1.6103215759267102
4228,26.482850594417965,2.033112782590773,1.6395443527092384
4229,26.48112546576367,2.0527986670998715,1.6782915668769292
4230,26.47851991319131,2.0724241216402333,1.7333090337736368
4231,26.46496941895006,2.128808385390728,1.8751664168449313
4232,26.46496941895006,2.128808385390728,1.8751664168449313
4233,26.46496941895006,2.128808385390728,1.8751664168449313
4234,26.45154018954923,2.165552692041424,1.9673311997128138
4235,26.45154018954923,2.165552692041424,1.9673311997128138
4236,26.434818259597055,2.201253036198431,2.0479464256574813
4237,26.434818259597055,2.201253036198431,2.0479464256574813
4238,26.425509887951673,2.218590829172102,2.084493543048695
4239,26.405183234318514,2.2520442149456943,2.148910153525897
,,,
4240,26.04344187508225,2.572128453606915,1.792586394909722
4241,26.042682948478063,2.575646904206481,1.7807633014712676
4242,26.042682948478063,2.575646904206481,1.7807633014712676
4243,26.041085243331512,2.5839151872924657,1.736184925310858
4244,26.03930623562447,2.595880363183466,1.705881546346285
4245,26.03702329190677,2.61196645289824,1.7220980652442284
4246,26.030190598132002,2.6504832329957577,1.7738742447969016
4247,26.030190598132002,2.6504832329957577,1.7738742447969016
4248,26.021228220710075,2.6890565707827556,1.820665600303391
4249,26.021228220710075,2.6890565707827556,1.820665600303391
4250,26.010840940893946,2.726941922566937,1.8500410645282743
4251,26.00535742237321,2.7460297726838805,1.8499642749830219
4252,25.999866002292766,2.7652072379710817,1.8490664773531933
4253,25.999866002292766,2.7652072379710817,1.8490664773531933
4254,25.994372478041537,2.7844648603397677,1.8477296636495961
4255,25.98358094456052,2.8230994695385787,1.8380900517231071
4256,25.97835896933893,2.8423981438838464,1.8309529939961926
4257,25.97835896933893,2.8423981438838464,1.8309529939961926
4258,25.973293921313026,2.8617297630533227,1.8235021852089166
4259,25.96361647246623,2.90074818375841,1.806189342328551
,,,
4260,25.96361647246623,2.90074818375841,1.806189342328551
4261,25.945891891058608,2.5501223498845578,1.7926032611038607
4262,25.945416708065686,2.552208155026077,1.7876627555395788
4263,25.944084198773485,2.558718156336767,1.7499877107806263
4264,25.94220026338665,2.570454347266295,1.7163602855593225
4265,25.939712402912427,2.5874758062916206,1.7215893634914676
4266,25.93644962067341,2.607092778055393,1.7501152674118268
4267,25.92844886396315,2.6458601789896887,1.7979476630604305
4268,25.923799843751596,2.6651041396015946,1.8112158271170722
4269,25.919021967244486,2.6845784843287723,1.8110795351850817
4270,25.919021967244486,2.6845784843287723,1.8110795351850817
4271,25.914249659718433,2.70411094024667,1.809811618166857
4272,25.90954179270621,2.723505466150478,1.8083472020811886
4273,25.9048477661097,2.742831408444676,1.8097779887282845
4274,25.89527739633179,2.7816407446610927,1.8146190298159637
4275,25.89527739633179,2.7816407446610927,1.8146190298159637
4276,25.890415777159674,2.8011281297582813,1.816419997028724
4277,25.885549018387273,2.8205165620409076,1.8174671514534828
4278,25.875901264734853,2.8591053757570464,1.8136188388909376
4279,25.87110457223139,2.8785679146921614,1.8104825681428753
,,,
4280,25.87110457223139,2.8785679146921614,1.8104825681428753
4281,25.848340844572704,2.5281222220770845,1.7925976214743609
4282,25.848175848585782,2.529340243381347,1.791569084781239
4283,25.84750998989159,2.5321125782220166,1.7953848557722514
4284,25.841805666039885,2.5554144699884196,1.8220671430131021
4285,25.836837979969097,2.574818112903163,1.8193456862265922
4286,25.836837979969097,2.574818112903163,1.8193456862265922
4287,25.82717984557454,2.61369261766193,1.8122384346095144
4288,25.82717984557454,2.61369261766193,1.8122384346095144
4289,25.82241250250331,2.633033728888904,1.8115290122164116
4290,25.817668033343416,2.6524783945566166,1.8083567811979615
4291,25.81292440961849,2.6719640889407468,1.8118570611068125
4292,25.808109756080068,2.691447429640536,1.8151129480737753
4293,25.79839853085101,2.7300403119306753,1.8176981519738207
4294,25.79839853085101,2.7300403119306753,1.8176981519738207
4295,25.78885480916549,2.769092450871403,1.7979704861625607
4296,25.78885480916549,2.769092450871403,1.7979704861625607
4297,25.780355911504977,2.8084574295822273,1.7691057683360347
4298,25.780355911504977,2.8084574295822273,1.7691057683360347
4299,25.776536116477892,2.8280153484757324,1.7614705656719736
,,,
4300,26.23854205959927,2.6161197145120165,1.7926017996165766
4301,26.23854205959927,2.6161197145120165,1.7926017996165766
4302,26.237857462489067,2.619226019220647,1.7981166681492642
4303,26.234139919044008,2.6340441944323225,1.821499022526651
4304,26.234139919044008,2.6340441944323225,1.821499022526651
4305,26.230328339875125,2.6486921806133283,1.8285915597481943
4306,26.225192060711507,2.6679786170943984,1.8335043980621997
4307,26.21472833916193,2.7067162788051733,1.8341958991809226
4308,26.21472833916193,2.7067162788051733,1.8341958991809226
4309,26.2095847699547,2.7259559196172725,1.828582895751428
4310,26.204559809875,2.7453065378390975,1.820864103454946
4311,26.194666325823206,2.7841693911498924,1.8207497917426307
4312,26.189705716622043,2.8035503367586334,1.8242385569651716
4313,26.189705716622043,2.8035503367586334,1.8242385569651716
4314,26.179611872098317,2.8420459728389873,1.8278150108860134
4315,26.174523353231713,2.8613928791570995,1.827906243653769
4316,26.174523353231713,2.8613928791570995,1.827906243653769
4317,26.16941889903595,2.8808095328022327,1.8277426633048603
4318,26.159181318408383,2.919409462744158,1.8330943788805512
4319,26.153995299602474,2.938619928329865,1.8354769495010657
,,,
4320,26.336092151611222,2.638119049646364,1.792598626077441
4321,26.336092151611222,2.638119049646364,1.792598626077441
4322,26.335156528479985,2.6423214023769126,1.7952264695057283
4323,26.33277481531395,2.6525974035646516,1.8036095406068757
4324,26.329866521604703,2.664718695964262,1.8163496623601272
4325,26.32592619682726,2.67985513469234,1.8333019268628488
4326,26.320846600906073,2.6987296093579527,1.8312696340645263
4327,26.31573746568378,2.718182151108822,1.8236477766957129
4328,26.30553909478028,2.756907190273154,1.8327357383483753
4329,26.300360389052738,2.7761040234606202,1.834785800579688
4330,26.300360389052738,2.7761040234606202,1.834785800579688
4331,26.29516000002457,2.795388206925289,1.8329053247167237
4332,26.289980215233054,2.814756016254625,1.8310509057939566
4333,26.284818302104718,2.834188866312734,1.8299167579253266
4334,26.27967566600264,2.853498085181433,1.8338331845166969
4335,26.269031296245902,2.8916964515254264,1.853513950958707
4336,26.269031296245902,2.8916964515254264,1.853513950958707
4337,26.26335577686389,2.9108066904640926,1.8651769090979664
4338,26.25166470619602,2.949173982467413,1.8687902139370858
4339,26.25166470619602,2.949173982467413,1.8687902139370858
,,,
4340,26.433642670326705,2.660115483738966,1.7925999065622336
4341,26.43271840750425,2.664238826282161,1.7943814969690113
4342,26.430010353693376,2.6761996290366765,1.7897003110213763
4343,26.430010353693376,2.6761996290366765,1.7897003110213763
4344,26.422831083369267,2.7106022342366813,1.7715991536715137
4345,26.422831083369267,2.7106022342366813,1.7715991536715137
4346,26.41878884762521,2.7299514113238925,1.7820178060708334
4347,26.409995365852037,2.7689082990062897,1.7973685369943506
4348,26.409995365852037,2.7689082990062897,1.7973685369943506
4349,26.400915460394753,2.8078807284194824,1.8010823431272944
4350,26.400915460394753,2.8078807284194824,1.8010823431272944
4351,26.39164117204301,2.8465378639552497,1.8147853292385918
4352,26.39164117204301,2.8465378639552497,1.8147853292385918
4353,26.386724442999814,2.865797961637972,1.8291664536822123
4354,26.38145454038838,2.8849514031198744,1.8490783933620714
4355,26.375847231836364,2.9040257908584985,1.8643384046455558
4356,26.36994549444878,2.922913971497372,1.8832146601863162
4357,26.363675243870322,2.9416935994152285,1.902876236928632
4358,26.34982912411312,2.9792108597084246,1.9365506120309943
4359,26.34982912411312,2.9792108597084246,1.9365506120309943
,,,
4360,26.335265245349856,3.0163958761602725,1.9529488492636924
4361,26.335265245349856,3.0163958761602725,1.9529488492636924
4362,25.83668950836039,3.1647547842603676,2.0050244116181486
4363,25.833930523111125,3.1704311365705546,2.0249127527067965
4364,25.829259044049632,3.1800609706780825,2.012500815718439
4365,25.822458830081434,3.1950651207979375,1.9820728746869722
4366,25.814597023799262,3.2134595655087046,1.967163751160167
4367,25.8069793069527,3.231979537628085,1.9545308547481928
4368,25.79956467329466,3.250654286535961,1.943439829180454
4369,25.792349417202768,3.269432165674217,1.9304643490444708
4370,25.778856197727666,3.3073476888307196,1.8948943314617028
4371,25.772633646231807,3.326382073736793,1.8789674989010683
4372,25.772633646231807,3.326382073736793,1.8789674989010683
4373,25.766646666037744,3.345580456505993,1.8687311918682066
4374,25.76075624006754,3.3647504136914264,1.8696168148414116
4375,25.754873960967252,3.3839154063814063,1.8671886571956415
4376,25.749033710686266,3.402955530649489,1.8702981201285702
4377,25.74310053332776,3.421899435629062,1.8782066709972534
4378,25.73055643929281,3.459658135509023,1.907423818019105
4379,25.73055643929281,3.459658135509023,1.907423818019105
,,,
4380,25.716944961378974,3.4971416612779835,1.9235987949493134
4381,25.74521832319224,3.124301647052884,2.0070868332535765
4382,25.741559132658143,3.131662250861759,2.049671213025056
4383,25.734678610466993,3.1443278708333597,2.078774204442956
4384,25.734678610466993,3.1443278708333597,2.078774204442956
4385,25.715777106689586,3.178166685999263,2.0792709147216355
4386,25.706069375549742,3.195568035812831,2.079977958442833
4387,25.696331312644322,3.2129851564370715,2.0811524376500388
4388,25.696331312644322,3.2129851564370715,2.0811524376500388
4389,25.67674717032324,3.24783564029949,2.083490894804368
4390,25.67674717032324,3.24783564029949,2.083490894804368
4391,25.66693392315007,3.2652539453468323,2.0838863865764687
4392,25.65713910158611,3.2826427630873716,2.0835104144336567
4393,25.64735533679159,3.3000063139455507,2.084127499902905
4394,25.637522032376587,3.3174196666924884,2.085578909225705
4395,25.627670818717046,3.3348099753695597,2.086009352645488
4396,25.61783017993824,3.3522201911270306,2.0840752403059533
4397,25.60801699943816,3.3696359270475207,2.0836822834323607
4398,25.598226082086992,3.3869785887653787,2.0855944123313472
4399,25.588372691157453,3.40436116278004,2.087434772950093
,,,
4400,25.65479348779873,3.081602053979221,1.9892067531429152
4401,25.65479348779873,3.081602053979221,1.9892067531429152
4402,25.65371099432898,3.0840160573707642,1.9955863752978922
4403,25.64429609369535,3.1023824016961075,2.080133770587156
4404,25.63544184387037,3.117857902611556,2.092263555856293
4405,25.62550842145791,3.135267534318312,2.08352855755296
4406,25.615765288807804,3.152838578802151,2.0708454681531214
4407,25.60627322022354,3.1704021288549824,2.062380107577811
4408,25.60627322022354,3.1704021288549824,2.062380107577811
4409,25.59688028543573,3.188074402388195,2.0569179344570725
4410,25.587535499870004,3.2058584601017808,2.051168115483073
4411,25.569252245455303,3.241518418350063,2.0388229397565665
4412,25.560310019519974,3.259287329131567,2.0347730174482277
4413,25.560310019519974,3.259287329131567,2.0347730174482277
4414,25.54254685730591,3.2952159566957784,2.0233518291097288
4415,25.54254685730591,3.2952159566957784,2.0233518291097288
4416,25.525198825638,3.3314245039450245,2.0118718114483167
4417,25.525198825638,3.3314245039450245,2.0118718114483167
4418,25.50838873271766,3.367597787750737,1.9983826476987276
4419,25.50838873271766,3.367597787750737,1.9983826476987276
,,,
4420,25.500128417380736,3.3859114662197975,1.9899090915516124
4421,26.019870928062357,3.2453008645998143,1.9852388392064915
4422,26.019870928062357,3.2453008645998143,1.9852388392064915
4423,26.01867596726952,3.2479132566693347,1.984050565600767
4424,26.015373301461167,3.2554219998895966,1.9850448066163178
4425,26.000591006209877,3.2886087328047866,1.9962730095852037
4426,26.000591006209877,3.2886087328047866,1.9962730095852037
4427,25.99225993156578,3.3068342377229873,2.0053558129051905
4428,25.9838699486916,3.3247090517722198,2.0123385888705814
4429,25.975288281075397,3.342609549447774,2.0243176109542853
4430,25.966463416828926,3.360459256395523,2.0353411358275815
4431,25.95741347242478,3.3782955551655007,2.0456419687185603
4432,25.948185251198982,3.3960517617663863,2.0557107758068955
4433,25.93883936937434,3.413488772725533,2.070129421392313
4434,25.929225527855472,3.430756784782998,2.0873866006655395
4435,25.909219287619127,3.4652696088244115,2.1044483740373012
4436,25.909219287619127,3.4652696088244115,2.1044483740373012
4437,25.89907935210413,3.4822519179284854,2.114169025695545
4438,25.88868324457877,3.4991222555165833,2.1324587472377003
4439,25.878049451312748,3.5156858417335215,2.149941742498818
,,,
4440,26.11166164341875,3.2847554771750964,1.9892064569726395
4441,26.110683742466062,3.2870180949625443,1.9693998568452316
4442,26.107571372064616,3.2948225656786043,1.9315657704539044
4443,26.107571372064616,3.2948225656786043,1.9315657704539044
4444,26.102584193628896,3.3084693117805966,1.9179239397963208
4445,26.096004751159466,3.3258770944105533,1.9507986311986967
4446,26.088410697633538,3.343997665476854,1.9824324809098512
4447,26.062660725293828,3.39740832077849,2.0605088535036318
4448,26.062660725293828,3.39740832077849,2.0605088535036318
4449,26.062660725293828,3.39740832077849,2.0605088535036318
4450,26.053075173381878,3.414823940501479,2.0883890731401737
4451,26.032818308145615,3.448656215527425,2.1271378432468135
4452,26.0222036272386,3.465396793984948,2.147925136120987
4453,26.011180405226572,3.481882526504194,2.1725186473846003
4454,26.011180405226572,3.481882526504194,2.1725186473846003
4455,25.99981793585849,3.4980022944711764,2.1973568774932923
4456,25.98799596482917,3.513790906320162,2.2302569746268635
4457,25.975647747364604,3.529159966413077,2.2653145905975443
4458,25.962830121037797,3.5439960168076188,2.301188684044849
4459,25.949408267333702,3.5586090122762655,2.322445538672466
,,,
4460,25.922008378267765,3.587613652691213,2.332963686401454
4461,25.922008378267765,3.587613652691213,2.332963686401454
4462,26.197623405240037,3.337084531498226,2.024036695361765
4463,26.19238087086592,3.3473414516468343,2.0594306200956036
4464,26.19238087086592,3.3473414516468343,2.0594306200956036
4465,26.18510264701311,3.3604873501709327,2.0915606268835063
4466,26.175107090241948,3.377270932046275,2.1233159678882667
4467,26.16449335888648,3.394066861013105,2.144729463421388
4468,26.153534034801954,3.4105301914631787,2.1722370494216485
4469,26.14213743761605,3.426650423576853,2.2005345040490547
4470,26.117723714576602,3.4576424967762756,2.276995878685581
4471,26.117723714576602,3.4576424967762756,2.276995878685581
4472,26.104700592661533,3.4723455407856436,2.314296481574996
4473,26.09118344450478,3.4865874806075636,2.344462217451481
4474,26.06288191616408,3.514592145305752,2.3692982960959905
4475,26.06288191616408,3.514592145305752,2.3692982960959905
4476,26.048533880726225,3.528552255354115,2.3707166724558246
4477,26.034248041780856,3.542411776973127,2.3708967778792505
4478,26.019959062074424,3.556299269940685,2.369600937550768
4479,25.99127997377176,3.5842266375739498,2.370954279586476
,,,
4480,25.5296668851508,3.7365051504692945,2.1610803308447957
4481,25.5296668851508,3.7365051504692945,2.1610803308447957
4482,25.526844645238658,3.7407448943817396,2.1415703495689162
4483,25.526844645238658,3.7407448943817396,2.1415703495689162
4484,25.52124864658691,3.7498043623683275,2.1079579999928644
4485,25.502605207741958,3.782343907120749,2.0839920645103254
4486,25.492881185036453,3.79968306628756,2.0810823468580555
4487,25.492881185036453,3.79968306628756,2.0810823468580555
4488,25.473343492866373,3.833963268148412,2.096599042846816
4489,25.463256816863332,3.851232601602508,2.1005744755114875
4490,25.463256816863332,3.851232601602508,2.1005744755114875
4491,25.453102187505447,3.868538288002513,2.103568586129357
4492,25.442923085269626,3.88570082254975,2.1096312332423506
4493,25.43273531387965,3.9025066737926126,2.1218025765362114
4494,25.41147521690657,3.9361637249982198,2.1403611094450223
4495,25.41147521690657,3.9361637249982198,2.1403611094450223
4496,25.400634015980593,3.9530675399649677,2.1412101470373828
4497,25.38983012549803,3.9699563857774236,2.1393533754540988
4498,25.379159903319593,3.9866224073939773,2.1410908951921943
4499,25.368379722575625,4.003315317164662,2.1473554728202635
,,,
4500,25.446588621470056,3.680845451370281,2.1610803308447957
4501,25.446588621470056,3.680845451370281,2.1610803308447957
4502,25.4455447317415,3.6825009511854194,2.1645958493986575
4503,25.439415876405153,3.6915078427708092,2.167230060022576
4504,25.439415876405153,3.6915078427708092,2.167230060022576
4505,25.43116905747766,3.7037499349424983,2.159971097240466
4506,25.420139694639076,3.7204894688376786,2.145766561133767
4507,25.38844858949222,3.771610363274315,2.1014526946018264
4508,25.38844858949222,3.771610363274315,2.1014526946018264
4509,25.38844858949222,3.771610363274315,2.1014526946018264
4510,25.378412678928964,3.7890485350431975,2.084178862102874
4511,25.35903899888946,3.8247471146803638,2.059075690027921
4512,25.349681847655553,3.8424481044963734,2.0537855831520115
4513,25.349681847655553,3.8424481044963734,2.0537855831520115
4514,25.340438410566293,3.8602497798818485,2.0446445036379743
4515,25.331376569856996,3.8780958044078835,2.0368440256600553
4516,25.313466392920198,3.914194639791902,2.0311663100584747
4517,25.313466392920198,3.914194639791902,2.0311663100584747
4518,25.295573815012617,3.9498578902689325,2.0418046924573066
4519,25.295573815012617,3.9498578902689325,2.0418046924573066
,,,
4520,25.286491656605044,3.9675840092367505,2.04660773678925
4521,25.361889225163132,3.627567567288076,2.177673297433639
4522,25.361889225163132,3.627567567288076,2.177673297433639
4523,25.357099065545924,3.6340833676986892,2.225644101194318
4524,25.349301495082763,3.643823230186031,2.255251553973853
4525,25.33853632395773,3.657115444395221,2.240272660418444
4526,25.32625566775852,3.67307804484297,2.2130504542202125
4527,25.314401289895603,3.6893207707045437,2.1891152676930994
4528,25.29166165991426,3.722563318519177,2.1548176485426485
4529,25.280647706570083,3.7395143300309157,2.138297671090122
4530,25.26998148885059,3.756578724993195,2.1206578236156504
4531,25.2596793550153,3.7736875656938826,2.103405095283325
4532,25.249644140681482,3.791132346398966,2.0810864472239614
4533,25.249644140681482,3.791132346398966,2.0810864472239614
4534,25.239969281963056,3.808879804176022,2.058545027510218
4535,25.23066267186297,3.8268956175744933,2.0364893665720554
4536,25.21304257962281,3.863061043190454,2.0135347182940655
4537,25.21304257962281,3.863061043190454,2.0135347182940655
4538,25.196235806431513,3.8994684990286768,1.9928389303839764
4539,25.196235806431513,3.8994684990286768,1.9928389303839764
,,,
4540,25.69582301100394,3.8478257716956543,2.161081152563642
4541,25.694925503320224,3.8491570725700193,2.1535389113322694
4542,25.694925503320224,3.8491570725700193,2.1535389113322694
4543,25.69149230483158,3.854517952190433,2.1210808510366186
4544,25.685124889509638,3.86536327597122,2.0891819994924696
4545,25.676338548684992,3.8807438726013475,2.0963014107916846
4546,25.65566070781399,3.914481502301951,2.147330430956688
4547,25.644732614598833,3.930861730013393,2.170788218364121
4548,25.644732614598833,3.930861730013393,2.170788218364121
4549,25.633373902693656,3.9470623933893245,2.193575934972278
4550,25.60941848229937,3.978944567541793,2.229528493242089
4551,25.60941848229937,3.978944567541793,2.229528493242089
4552,25.584697162402055,4.009924232690303,2.264095097894011
4553,25.584697162402055,4.009924232690303,2.264095097894011
4554,25.57189291539124,4.025018609014394,2.2836359448899817
4555,25.558766172842528,4.039982819675267,2.298082586858856
4556,25.54546722836627,4.054740410854375,2.3096124778223914
4557,25.53198361870759,4.06943533865941,2.3171190943958555
4558,25.518389132814974,4.084043473652639,2.3226118354971357
4559,25.49091782395061,4.112811681958725,2.3452859916675255
,,,
4560,25.77890167619303,3.9034842477663347,2.1610803308447957
4561,25.77890167619303,3.9034842477663347,2.1610803308447957
4562,25.77704497512741,3.906286204280748,2.153898327607525
4563,25.762432844945785,3.927875607852442,2.193618098796033
4564,25.762432844945785,3.927875607852442,2.193618098796033
4565,25.75199134490696,3.9417500197604927,2.2330807307802725
4566,25.73986045512955,3.9569752224524923,2.252140278191077
4567,25.71424078704097,3.987277495507769,2.287995449997612
4568,25.700992094291294,4.00228152928045,2.3015751098034807
4569,25.700992094291294,4.00228152928045,2.3015751098034807
4570,25.68759526402286,4.017040561726498,2.3171440277577617
4571,25.66026230862116,4.0456618329126695,2.3459691894968913
4572,25.66026230862116,4.0456618329126695,2.3459691894968913
4573,25.64626343826947,4.059765912066294,2.3605700438776496
4574,25.631982828955262,4.073661417529733,2.3796701732610224
4575,25.617427780678664,4.087364786206744,2.392394812465073
4576,25.602828428342747,4.100758339514543,2.405596627315142
4577,25.572977360995797,4.126943348528963,2.435660556494606
4578,25.572977360995797,4.126943348528963,2.435660556494606
4579,25.55766316630113,4.139861151030963,2.443439416781762
,,,
4580,25.860524849265207,3.961274426600396,2.1779053394744023
4581,25.860524849265207,3.961274426600396,2.1779053394744023
4582,25.855377801842558,3.968367007712277,2.211582538473422
4583,25.855377801842558,3.968367007712277,2.211582538473422
4584,25.846619725126622,3.9798245834436132,2.226566077175408
4585,25.835942880901374,3.9936014714354195,2.236037087186316
4586,25.823552835262333,4.008956005441186,2.2640654775668865
4587,25.79765394313165,4.038216093959788,2.3227596252892626
4588,25.79765394313165,4.038216093959788,2.3227596252892626
4589,25.784075079975477,4.052441439220217,2.342825008221821
4590,25.770142313830103,4.066470960700987,2.3625764584672373
4591,25.741274945832824,4.093570934599196,2.4137614752962246
4592,25.72625654277556,4.106644948527829,2.436427635076894
4593,25.71111899897201,4.1192631446269585,2.4557916399742097
4594,25.71111899897201,4.1192631446269585,2.4557916399742097
4595,25.680027498088492,4.143986073693062,2.48029849470173
4596,25.664191694336004,4.156207336139329,2.487588785516588
4597,25.664191694336004,4.156207336139329,2.487588785516588
4598,25.648361905391724,4.168283673394702,2.4923576830014733
4599,25.632446542551047,4.18034036453982,2.4931395070681943
,,,
4600,25.151234636271077,4.211029562418593,2.2928166495826745
4601,25.151234636271077,4.211029562418593,2.2928166495826745
4602,25.149037906581817,4.213566283858331,2.2809959905158137
4603,25.14348954552153,4.220301050324436,2.2313171017856646
4604,25.136016914109113,4.230516243846973,2.1754548938598752
4605,25.126884334169688,4.24409424375278,2.156399501761252
4606,25.104838283896537,4.27742253023382,2.151830678066629
4607,25.09384935821463,4.294250390873541,2.145475461851461
4608,25.09384935821463,4.294250390873541,2.145475461851461
4609,25.072304268802696,4.328095575640621,2.1341384414237607
4610,25.072304268802696,4.328095575640621,2.1341384414237607
4611,25.062081200348683,4.3444038242599055,2.130323129820502
4612,25.051482805492604,4.36126641598829,2.132391550482386
4613,25.040895943991245,4.377989410003582,2.1374048114284294
4614,25.019359839860307,4.411489071834168,2.14673292813272
4615,25.019359839860307,4.411489071834168,2.14673292813272
4616,24.997426685002832,4.444761825418801,2.160321339109605
4617,24.997426685002832,4.444761825418801,2.160321339109605
4618,24.975572940600692,4.476679390238273,2.184856905529665
4619,24.964094533180663,4.4926824793046745,2.200111357598488
,,,
4620,25.076187850739743,4.144938646428919,2.2928170788830533
4621,25.076187850739743,4.144938646428919,2.2928170788830533
4622,25.074272560998583,4.1471043282574005,2.2945844752707534
4623,25.068968280566352,4.153199837041025,2.2672616195678907
4624,25.060985258410202,4.163371493491284,2.2034884987721344
4625,25.051569884669792,4.176945685375813,2.1558789725183947
4626,25.030161774561932,4.2103075011895665,2.130267249248658
4627,25.030161774561932,4.2103075011895665,2.130267249248658
4628,25.01957008767083,4.227479047229943,2.1162029687811965
4629,24.999162059992685,4.261910039302382,2.098470198336883
4630,24.999162059992685,4.261910039302382,2.098470198336883
4631,24.989162436191588,4.279145024765507,2.095051194098859
4632,24.979186481214736,4.296492230470572,2.089890288091489
4633,24.95049285178141,4.346636463156439,2.0689974298475997
4634,24.95049285178141,4.346636463156439,2.0689974298475997
4635,24.941209653636687,4.36367281402149,2.069884613789327
4636,24.941209653636687,4.36367281402149,2.069884613789327
4637,24.921831316666527,4.398537181464101,2.091998910282645
4638,24.921831316666527,4.398537181464101,2.091998910282645
4639,24.91176293642583,4.4157690721382865,2.1070347577993664
,,,
4640,25.00114067652784,4.078848392663269,2.2928170788830533
4641,24.99899330503696,4.081259893878163,2.303276331489242
4642,24.99899330503696,4.081259893878163,2.303276331489242
4643,24.991975833735218,4.088905507430875,2.3163350258898916
4644,24.98062835224934,4.101267093728507,2.3039051434924716
4645,24.967682602542006,4.1161564610170425,2.267252138714491
4646,24.955049740892207,4.131796637319801,2.232426302018952
4647,24.942864604317784,4.147884476960239,2.2051665594670755
4648,24.93108449716717,4.164364619311659,2.1770222659149217
4649,24.91968373213284,4.1810908224804715,2.161891232099557
4650,24.89769567290847,4.214595858682902,2.1411433150227053
4651,24.886982294623948,4.231508926250681,2.1292041426572643
4652,24.886982294623948,4.231508926250681,2.1292041426572643
4653,24.876433266228048,4.248627924804036,2.1165654795665234
4654,24.866072439248242,4.265893398762072,2.1061417123865454
4655,24.855888167513484,4.283190386410252,2.0997210513695204
4656,24.84582738409295,4.300489327586543,2.0956495450959545
4657,24.835912134064685,4.317621366687111,2.0954190801472725
4658,24.826368157501832,4.33421947189309,2.090221628411926
4659,24.816363226965276,4.351604669010086,2.0950515785642825
,,,
4660,25.301329373375456,4.34320940772587,2.2928170788830533
4661,25.301329373375456,4.34320940772587,2.2928170788830533
4662,25.299851703669315,4.3449307000701936,2.277586073300865
4663,25.29430685064129,4.3516812138364624,2.2452963713643213
4664,25.272712046033718,4.378959682932,2.259305131116627
4665,25.272712046033718,4.378959682932,2.259305131116627
4666,25.24684198120739,4.408713040928864,2.3096097716812
4667,25.233369321557788,4.423135693541337,2.33496864189439
4668,25.233369321557788,4.423135693541337,2.33496864189439
4669,25.20535196882123,4.451356758224769,2.3705226262028227
4670,25.190959273601337,4.465090925350695,2.3879411382186357
4671,25.16194048770363,4.4917469093018445,2.40247974942134
4672,25.16194048770363,4.4917469093018445,2.40247974942134
4673,25.16194048770363,4.4917469093018445,2.40247974942134
4674,25.1471524199486,4.505122161652895,2.4105607753920757
4675,25.132677601759358,4.517702539193395,2.4266065926574636
4676,25.102451016664613,4.54365255816597,2.436669915670099
4677,25.08724568916214,4.556510682173019,2.4431057167047783
4678,25.08724568916214,4.556510682173019,2.4431057167047783
4679,25.071937687581823,4.569228081421813,2.454664635597973
,,,
4680,25.37637630221948,4.4093005293337955,2.292818871846705
4681,25.37637630221948,4.4093005293337955,2.292818871846705
4682,25.374378523451067,4.41156143169812,2.3006497984514644
4683,25.358910543913044,4.427011803244646,2.4094091334319137
4684,25.358910543913044,4.427011803244646,2.4094091334319137
4685,25.34621464795272,4.437889009134682,2.4487232665108025
4686,25.315464387972987,4.4629478915442125,2.4676544077145066
4687,25.315464387972987,4.4629478915442125,2.4676544077145066
4688,25.29975963244771,4.475337548706563,2.480387759297985
4689,25.284079659385196,4.487408834122496,2.490400112671508
4690,25.268101804663864,4.499536377153176,2.491643108259805
4691,25.22114938714136,4.534618838623848,2.5008804655347237
4692,25.22114938714136,4.534618838623848,2.5008804655347237
4693,25.205160663476327,4.546530261117567,2.502842975008934
4694,25.189081611856952,4.558374793666129,2.509764280320765
4695,25.17300157786365,4.570054913720667,2.5168356882120313
4696,25.17300157786365,4.570054913720667,2.5168356882120313
4697,25.15677901881149,4.58164245569376,2.5260414795751234
4698,25.14039824243241,4.593052604181305,2.541143532591098
4699,25.107454298825033,4.615348201416544,2.553829773227591
,,,
4700,25.45142286851121,4.475392833622051,2.2928195652152366
4701,25.45142286851121,4.475392833622051,2.2928195652152366
4702,25.440150580541204,4.488064500425617,2.3031442522271774
4703,25.440150580541204,4.488064500425617,2.3031442522271774
4704,25.41603158222206,4.513990201712054,2.343046207431788
4705,25.41603158222206,4.513990201712054,2.343046207431788
4706,25.402605071157538,4.526818776159847,2.3823274998470456
4707,25.375486633618355,4.54950450562607,2.472576858532862
4708,25.359843545467243,4.56153859910635,2.4974150021101527
4709,25.343877492506227,4.573247964129686,2.518776099953196
4710,25.343877492506227,4.573247964129686,2.518776099953196
4711,25.327594074019437,4.584771941523787,2.5338748590505937
4712,25.29453923654575,4.607081718147133,2.554965643177741
4713,25.278018573706834,4.617994523975346,2.563697900251102
4714,25.278018573706834,4.617994523975346,2.563697900251102
4715,25.261313179687075,4.628699632521126,2.580707112968845
4716,25.22713827636161,4.649044349565387,2.624367852520663
4717,25.22713827636161,4.649044349565387,2.624367852520663
4718,25.209911563657844,4.658672365686745,2.6406301568678283
4719,25.174867126419965,4.677099060179691,2.671039689266794
,,,
4720,25.157021776216688,4.686058106417343,2.68161573335236
4721,24.72268992219535,4.699595105547529,2.2362034780471953
4722,24.71889350998073,4.704557937863939,2.207740291653677
4723,24.71889350998073,4.704557937863939,2.207740291653677
4724,24.71339790457266,4.712065979018905,2.1993628781368684
4725,24.704468321928463,4.724173211459676,2.213939456320346
4726,24.68005805211028,4.755230783831302,2.2572912037210053
4727,24.68005805211028,4.755230783831302,2.2572912037210053
4728,24.654309418989403,4.785528631514143,2.291271105750798
4729,24.654309418989403,4.785528631514143,2.291271105750798
4730,24.627652318845122,4.814864999153079,2.327059786494789
4731,24.627652318845122,4.814864999153079,2.327059786494789
4732,24.60003880466833,4.843295398579533,2.3570232987112756
4733,24.60003880466833,4.843295398579533,2.3570232987112756
4734,24.585829372306716,4.857307427566221,2.369236090225012
4735,24.57143557248651,4.871196246362825,2.3792337651795497
4736,24.55696912159507,4.884821495179166,2.393030566553125
4737,24.54238168491918,4.898232591290861,2.4026826866904596
4738,24.512769072594757,4.9251010891753575,2.4050062769590164
4739,24.512769072594757,4.9251010891753575,2.4050062769590164
,,,
4740,24.64644645816016,4.634751742213537,2.2484300422700048
4741,24.64644645816016,4.634751742213537,2.2484300422700048
4742,24.64530609480412,4.636157387731913,2.2405974331769514
4743,24.63175317057062,4.654293075771868,2.1970242297829574
4744,24.63175317057062,4.654293075771868,2.1970242297829574
4745,24.620360461421082,4.66992395942602,2.208720271182007
4746,24.608370995665123,4.685914829211633,2.22188591025761
4747,24.59627534197382,4.701551609945233,2.2358530178983775
4748,24.583932697349365,4.717070312101093,2.24935736571987
4749,24.558696417524686,4.7481482408496305,2.2567721299041006
4750,24.558696417524686,4.7481482408496305,2.2567721299041006
4751,24.54597907066079,4.763643584828506,2.2593229781076407
4752,24.533397380042462,4.778922689595631,2.258652802642584
4753,24.520750001935557,4.794319881920289,2.2580841872621673
4754,24.50807036777371,4.809799056537023,2.2556920550358437
4755,24.48276499748928,4.841098944446665,2.2430286752042656
4756,24.47040652061312,4.856761235321453,2.2348477765429
4757,24.47040652061312,4.856761235321453,2.2348477765429
4758,24.44587394266597,4.8882562610017,2.230904836166593
4759,24.44587394266597,4.8882562610017,2.230904836166593
,,,
4760,24.43358045051967,4.904133146583057,2.2280107407455443
4761,24.56853798694058,4.572059025886568,2.2484201609164574
4762,24.56617762551856,4.5750831178294264,2.243351603508217
4763,24.559790399559404,4.583158618919526,2.2336784137046912
4764,24.559790399559404,4.583158618919526,2.2336784137046912
4765,24.548669566348227,4.597609189383756,2.222209805110494
4766,24.536481154687458,4.613608028485657,2.222685584884186
4767,24.524377797931585,4.629458625136182,2.223278275761001
4768,24.50016531634468,4.661116814768006,2.2226280420722926
4769,24.50016531634468,4.661116814768006,2.2226280420722926
4770,24.488007351544525,4.677063472186542,2.2215895181103265
4771,24.4758419682586,4.693120200665899,2.2171676724796567
4772,24.463813464232384,4.709152978245992,2.2105700879336263
4773,24.4402040608956,4.741221497561484,2.205386739514623
4774,24.4402040608956,4.741221497561484,2.205386739514623
4775,24.428330151688556,4.757341909431109,2.205534123354204
4776,24.416429989323053,4.7735484627915605,2.2026533700360234
4777,24.404635124448678,4.789699969774989,2.200839247932565
4778,24.392896227242474,4.8058667279142036,2.195443331774003
4779,24.38128542391276,4.822178451028866,2.18258250535398
,,,
4780,24.369852133703095,4.838762006183076,2.16558650870041
4781,24.880163152835863,4.822837640676969,2.2484341862445563
4782,24.87499987904128,4.828954329891855,2.2790588752937166
4783,24.868295225412584,4.8368046346276286,2.2722033464815548
4784,24.858029801019615,4.8489161199856,2.281024500003851
4785,24.858029801019615,4.8489161199856,2.281024500003851
4786,24.844975883014786,4.863593632439851,2.3153747453587523
4787,24.831308285446056,4.8779112836722,2.3523916996492473
4788,24.81722226609283,4.891600887632894,2.388382144073224
4789,24.78767765487134,4.9173515815332465,2.461260064436717
4790,24.772165961118148,4.929445955222689,2.497322668446299
4791,24.772165961118148,4.929445955222689,2.497322668446299
4792,24.739910905738967,4.951751047742851,2.574665231837745
4793,24.739910905738967,4.951751047742851,2.574665231837745
4794,24.723025582570507,4.9621111986799376,2.6061775330517643
4795,24.70578120408187,4.972070533445753,2.630962549039412
4796,24.68850596911441,4.98144633090664,2.6576681523263352
4797,24.6709630508821,4.9903696633288,2.68447500763792
4798,24.65310468503741,4.998874302438934,2.709761877165209
4799,24.634963767404223,5.0069722567216,2.7332674254558436
,,,
4800,24.616700819880144,5.014607621294224,2.7580412093378954
4801,24.958069974861687,4.885531208435284,2.2484287668914464
4802,24.951275889933655,4.8933757902190775,2.3101263931755134
4803,24.951275889933655,4.8933757902190775,2.3101263931755134
4804,24.94195702199731,4.903168810193516,2.3427495206562936
4805,24.93010273507684,4.9151186425730025,2.3634084179926496
4806,24.915984468454695,4.928470155563477,2.4060139903589977
4807,24.885621389482967,4.95350888283165,2.497805876475991
4808,24.885621389482967,4.95350888283165,2.497805876475991
4809,24.86969479571602,4.964896958914896,2.5450159063222855
4810,24.853559469912508,4.97537617786092,2.585066554429507
4811,24.83666010818692,4.985507405657185,2.6175946290657115
4812,24.802038710540067,5.004210996701541,2.6758351527074513
4813,24.784229903533546,5.012841758589026,2.703876159474591
4814,24.784229903533546,5.012841758589026,2.703876159474591
4815,24.766116628041363,5.021044018617362,2.7280845986477793
4816,24.729444055141023,5.036054989556511,2.774378371670569
4817,24.729444055141023,5.036054989556511,2.774378371670569
4818,24.69222157350976,5.0495053115524575,2.8190884455973215
4819,24.69222157350976,5.0495053115524575,2.8190884455973215
,,,
4820,25.035975391100145,4.948227032022499,2.2484299620747437
4821,25.035975391100145,4.948227032022499,2.2484299620747437
4822,25.035265378617563,4.949047776646671,2.252497873719923
4823,25.022758775649784,4.963677575757214,2.297061233606924
4824,25.022758775649784,4.963677575757214,2.297061233606924
4825,25.010014525437267,4.977560932383231,2.332722037263698
4826,24.981832253019675,5.004817507083848,2.414061643692578
4827,24.981832253019675,5.004817507083848,2.414061643692578
4828,24.966850571824097,5.017618229658187,2.454595239477655
4829,24.951303565577994,5.029787452865262,2.5026478134192485
4830,24.935441583486575,5.040961636894563,2.553148988645401
4831,24.901887170290756,5.061227321692675,2.6386807763358333
4832,24.901887170290756,5.061227321692675,2.6386807763358333
4833,24.884415433295946,5.07043033328605,2.6731527588233255
4834,24.866726987217305,5.079044542954596,2.7038148687840784
4835,24.84868754554696,5.087212852164824,2.728678837785058
4836,24.830647435157307,5.094884158467255,2.7492223448859456
4837,24.812278189004278,5.102243389391028,2.7721531233204133
4838,24.775168905627545,5.115689806401485,2.817795834795632
4839,24.737196021255272,5.127453384268244,2.864002698757783
,,,
4840,24.737196021255272,5.127453384268244,2.864002698757783
4841,24.344722034596618,5.22589800384039,2.2027698484723395
4842,24.344722034596618,5.22589800384039,2.2027698484723395
4843,24.34308545742005,5.228076588894081,2.1981108428365537
4844,24.3380376853665,5.23508821475549,2.1910911838008085
4845,24.328390673928535,5.248675347236684,2.187464517218931
4846,24.316661341825096,5.264893771313276,2.201542136505541
4847,24.3049841158045,5.280850079303346,2.2064006298415966
4848,24.293186205964194,5.296690351272287,2.2144430478422192
4849,24.28121151459398,5.312584957389768,2.218005128557387
4850,24.257120403297492,5.344659306638006,2.209331128537617
4851,24.257120403297492,5.344659306638006,2.209331128537617
4852,24.23359045111678,5.376316729945849,2.2169180670534705
4853,24.23359045111678,5.376316729945849,2.2169180670534705
4854,24.20938782581297,5.407889128285712,2.223948036988661
4855,24.197214777421426,5.423925904713832,2.215617684273718
4856,24.197214777421426,5.423925904713832,2.215617684273718
4857,24.18529911658462,5.439866324694066,2.2121028642655456
4858,24.17352042462899,5.455509203121342,2.2212277349592395
4859,24.14917442831347,5.4868637724678715,2.227188470545658
,,,
4860,24.264257763595555,5.166460846075279,2.200654251618119
4861,24.264257763595555,5.166460846075279,2.200654251618119
4862,24.26272495777633,5.168626081215019,2.192766142837729
4863,24.259679796239308,5.172908578190937,2.174528913632814
4864,24.255051445040493,5.179614156070222,2.174532223180552
4865,24.246831563523717,5.191380523143852,2.1840786368921625
4866,24.235676606029617,5.207391910769763,2.1714560222159545
4867,24.22438277718389,5.224205881861105,2.1529526564939108
4868,24.213472267426653,5.241062019230003,2.1377827359690635
4869,24.19240377637577,5.274984792250169,2.1143256217998276
4870,24.19240377637577,5.274984792250169,2.1143256217998276
4871,24.171911656641505,5.309624048173221,2.096303074619814
4872,24.171911656641505,5.309624048173221,2.096303074619814
4873,24.16201060644899,5.326848162150066,2.090137679409264
4874,24.142176605892494,5.361195271447713,2.0979109567832683
4875,24.142176605892494,5.361195271447713,2.0979109567832683
4876,24.121943795405173,5.39577264318952,2.102506534099314
4877,24.111858833839012,5.412873965711205,2.1036212068297373
4878,24.101746468303464,5.430052835507302,2.100840392314257
4879,24.091690821658943,5.44727816185167,2.097358188095119
,,,
4880,24.18344575614437,5.107559239302719,2.2006545613238333
4881,24.18114003206991,5.110730861036453,2.208700255960105
4882,24.18114003206991,5.110730861036453,2.208700255960105
4883,24.168537436466973,5.126564886747615,2.2669679443020234
4884,24.15885492516751,5.138147352371444,2.26039693939744
4885,24.15885492516751,5.138147352371444,2.26039693939744
4886,24.146511619643622,5.153603898821547,2.228436800037676
4887,24.13438382106323,5.169842758336988,2.1953015367854953
4888,24.12284063661378,5.186292828054359,2.1702425455862797
4889,24.100870138250393,5.220124478446939,2.1276377088441505
4890,24.090336200316337,5.237388577086198,2.106757277523793
4891,24.080294131849875,5.254781844460518,2.083787037793378
4892,24.070575696666936,5.272253645939556,2.072163064170642
4893,24.070575696666936,5.272253645939556,2.072163064170642
4894,24.061024993742958,5.28993274381539,2.0598529788010893
4895,24.051639209385137,5.307761853631096,2.050797289329166
4896,24.042400897385733,5.32564916633766,2.04517017539752
4897,24.03334628397876,5.343349923817352,2.0429011680572478
4898,24.0242924435195,5.361094961353525,2.0417483585913154
4899,24.015236348379254,5.378924283930739,2.0394704590613815
,,,
4900,24.006197819418688,5.396873865884117,2.0347651119721357
4901,24.50669047431051,5.343171113265749,2.200656587010604
4902,24.504372792637053,5.346364753856152,2.192109587553223
4903,24.504372792637053,5.346364753856152,2.192109587553223
4904,24.48795545679889,5.369679009748806,2.183861017164155
4905,24.48795545679889,5.369679009748806,2.183861017164155
4906,24.464555270101094,5.402095324162394,2.2079621336093624
4907,24.452697840939166,5.417942174260066,2.219108738386315
4908,24.452697840939166,5.417942174260066,2.219108738386315
4909,24.44065915646606,5.433481087077168,2.242624135161858
4910,24.42820391641377,5.448896654137718,2.2578552877520175
4911,24.402438490611473,5.479281972777903,2.2890736083018797
4912,24.402438490611473,5.479281972777903,2.2890736083018797
4913,24.389365540317517,5.49408362303521,2.298044638785126
4914,24.36252704293593,5.523310843442043,2.3314009124958113
4915,24.348466186522266,5.537869401679368,2.342550210140472
4916,24.348466186522266,5.537869401679368,2.342550210140472
4917,24.320586484797854,5.566457126851444,2.349651402384336
4918,24.320586484797854,5.566457126851444,2.349651402384336
4919,24.30659343206701,5.580469364120264,2.360295485464983
,,,
4920,24.27803053095244,5.608230672402237,2.3770299142001354
4921,24.27803053095244,5.608230672402237,2.3770299142001354
4922,24.58095768742365,5.411430495936911,2.1689671558625374
4923,24.58095768742365,5.411430495936911,2.1689671558625374
4924,24.562754826941507,5.436741521180501,2.2269137561491665
4925,24.562754826941507,5.436741521180501,2.2269137561491665
4926,24.525320831896472,5.482570450470823,2.2754901970305768
4927,24.525320831896472,5.482570450470823,2.2754901970305768
4928,24.525320831896472,5.482570450470823,2.2754901970305768
4929,24.512284133607864,5.497685473601803,2.291806959157245
4930,24.499309152160954,5.512262158092724,2.303841060929999
4931,24.486343677908117,5.526388655239808,2.3244101456603556
4932,24.472684246540197,5.540601675860245,2.3479415264192016
4933,24.444504144785697,5.568551490051599,2.380409642785312
4934,24.444504144785697,5.568551490051599,2.380409642785312
4935,24.42981925744894,5.5822338995712935,2.400666365748268
4936,24.400283076684907,5.608508928598933,2.4246715702822215
4937,24.38529711463297,5.621615902775373,2.420430594115426
4938,24.370237825429125,5.634904297012367,2.4169713274466855
4939,24.355451052396234,5.648013064756365,2.4164663184730664
,,,
4940,24.668313503194355,5.460975313337398,2.200654693372871
4941,24.666934345444194,5.4628328107303465,2.210129681057247
4942,24.666934345444194,5.4628328107303465,2.210129681057247
4943,24.6614649747306,5.4699785359469715,2.2327454617874047
4944,24.65084849354101,5.4832451119214705,2.256250770405889
4945,24.638107510915884,5.498513786780681,2.274671624413956
4946,24.625206779263742,5.513344476420457,2.299333402938647
4947,24.598285693172024,5.542128874298097,2.3513184097914372
4948,24.598285693172024,5.542128874298097,2.3513184097914372
4949,24.569653032265474,5.569502778800006,2.403294819813257
4950,24.539795003456415,5.5959428954912545,2.4237716894337398
4951,24.539795003456415,5.5959428954912545,2.4237716894337398
4952,24.539795003456415,5.5959428954912545,2.4237716894337398
4953,24.524725569883575,5.608966521301145,2.434157263069919
4954,24.494484819871328,5.634909463572968,2.4248916141846277
4955,24.494484819871328,5.634909463572968,2.4248916141846277
4956,24.46440010187311,5.661316572366315,2.426923203702687
4957,24.46440010187311,5.661316572366315,2.426923203702687
4958,24.434239837638295,5.687073570340574,2.433377490043771
4959,24.434239837638295,5.687073570340574,2.433377490043771
,,,
4960,23.93047753414439,5.6851430333837545,2.4192267767249684
4961,23.927545734892675,5.687738575221122,2.422321312150373
4962,23.927545734892675,5.687738575221122,2.422321312150373
4963,23.91963213824027,5.694484753255323,2.449261610308867
4964,23.909475209713136,5.7025530252936605,2.4862123568928585
4965,23.881949747397062,5.723670517032986,2.4744456408158433
4966,23.866230425985332,5.736226760616848,2.4558335431315537
4967,23.850853605051704,5.749201912655362,2.4244126182474814
4968,23.835809411324185,5.762667416886281,2.403145373300806
4969,23.835809411324185,5.762667416886281,2.403145373300806
4970,23.821001525271225,5.776321352436215,2.389936357578489
4971,23.806813536559634,5.789612915736226,2.3882063769435398
4972,23.792262512783182,5.8032899397682,2.3858011210072516
4973,23.77782620238436,5.816930898645956,2.382295123202579
4974,23.748975329959286,5.84478269236004,2.3652112128058675
4975,23.73472447833272,5.8588645543811095,2.3602636537335417
4976,23.72057203177038,5.872908955957859,2.3611976445722824
4977,23.72057203177038,5.872908955957859,2.3611976445722824
4978,23.706416979341434,5.886841219415704,2.3672209909441855
4979,23.67766023064138,5.91441717107666,2.3799361089877067
,,,
4980,23.864361861351167,5.6101180478284824,2.419226615391883
4981,23.864361861351167,5.6101180478284824,2.419226615391883
4982,23.862833459088556,5.611490532274564,2.4090123162947887
4983,23.858530205579438,5.6153357044915735,2.4104743369598194
4984,23.85056318302797,5.622282409804801,2.4349938369138107
4985,23.838552514585736,5.632470419173727,2.4345861736266206
4986,23.808530952932156,5.659422221387357,2.381782079948197
4987,23.808530952932156,5.659422221387357,2.381782079948197
4988,23.794245073942943,5.673380718995112,2.3542470932827393
4989,23.780210693886875,5.68780918447267,2.329953803402639
4990,23.76646579143405,5.702532788685897,2.3146746903948885
4991,23.739351435119744,5.732587557660749,2.3023722018729966
4992,23.739351435119744,5.732587557660749,2.3023722018729966
4993,23.72600619939121,5.747377400855048,2.3063770275303157
4994,23.712685169437425,5.762017912298981,2.3117007929856004
4995,23.68557692944932,5.791418936056168,2.3146540379284937
4996,23.68557692944932,5.791418936056168,2.3146540379284937
4997,23.672020265029477,5.806166968379075,2.3141005962116465
4998,23.644830408379878,5.8355000736168225,2.317328934532233
4999,23.631276344287304,5.850203877536628,2.313490524861742
,,,
5000,23.798243077105564,5.535097135926761,2.4192363567454245
5001,23.798243077105564,5.535097135926761,2.4192363567454245
5002,23.796022649513528,5.537045498349826,2.4341661583067493
5003,23.78232628587741,5.547899342270893,2.4795812145113914
5004,23.77001020588811,5.55774290504042,2.4509435829073944
5005,23.755167242511938,5.570379828338673,2.421380706659179
5006,23.755167242511938,5.570379828338673,2.421380706659179
5007,23.725652106220732,5.5979404569473505,2.356162406301845
5008,23.71151130872652,5.61256670343404,2.3228849098046895
5009,23.71151130872652,5.61256670343404,2.3228849098046895
5010,23.697843572661018,5.6276331516752744,2.2930865189413363
5011,23.672046488102307,5.658275884496861,2.2506365097372503
5012,23.672046488102307,5.658275884496861,2.2506365097372503
5013,23.64719691593846,5.689931489377266,2.2230996446540927
5014,23.64719691593846,5.689931489377266,2.2230996446540927
5015,23.623095270938055,5.722120785541598,2.210404131000658
5016,23.611218860561053,5.738056070531562,2.2123354234680503
5017,23.599261453649305,5.75399537402557,2.2170163606167783
5018,23.599261453649305,5.75399537402557,2.2170163606167783
5019,23.587170462722312,5.769904446675913,2.224722808964738
,,,
5020,23.562837603268694,5.801317163599702,2.2317068260209743
5021,24.06155989276348,5.836194539512076,2.41182075901511
5022,24.06155989276348,5.836194539512076,2.41182075901511
5023,24.045799856906758,5.850907699183466,2.3811770640472663
5024,24.045799856906758,5.850907699183466,2.3811770640472663
5025,24.031852891156113,5.864003173113736,2.3941628581497074
5026,24.01712247430299,5.877543095779387,2.4047286056386565
5027,23.987365911528773,5.903448547402877,2.4480865437707995
5028,23.987365911528773,5.903448547402877,2.4480865437707995
5029,23.971968091334194,5.915998315899055,2.464285139825272
5030,23.95638217135086,5.92824514856379,2.4885366874556163
5031,23.92423479050483,5.952182476212115,2.5116799962912433
5032,23.92423479050483,5.952182476212115,2.5116799962912433
5033,23.90813761911872,5.963734237353516,2.5291382520899037
5034,23.891816781876702,5.975012630570021,2.5439133467714217
5035,23.875169524979878,5.98637642006559,2.5366239104209365
5036,23.842481505364525,6.0096376228204615,2.52409388708216
5037,23.842481505364525,6.0096376228204615,2.52409388708216
5038,23.826204149143667,6.020921320003099,2.5471888599583155
5039,23.793359170165257,6.042849926510614,2.5634883580679366
,,,
5040,24.12882368214075,5.910219175527196,2.419218123587018
5041,24.12882368214075,5.910219175527196,2.419218123587018
5042,24.12622141445094,5.912526751408763,2.4160021067828104
5043,24.11889637426058,5.918909312549663,2.4348041247803636
5044,24.10809266987824,5.927627577025184,2.491072854182209
5045,24.094752867434206,5.937229185091743,2.5362735510350154
5046,24.078635074159855,5.9481044592633285,2.5583541684988975
5047,24.061935372548927,5.959006823253306,2.565790025154716
5048,24.045120279076805,5.969664716686792,2.590473495186406
5049,24.010978927633712,5.989934873455439,2.6136858808990624
5050,24.010978927633712,5.989934873455439,2.6136858808990624
5051,23.976681931446233,6.010267135295342,2.598199818536267
5052,23.976681931446233,6.010267135295342,2.598199818536267
5053,23.942415027078255,6.031478810719376,2.5770600657164606
5054,23.942415027078255,6.031478810719376,2.5770600657164606
5055,23.9256769879878,6.042203013711929,2.5670210141400296
5056,23.909876188595167,6.052280063658134,2.5854500309172024
5057,23.892944071950826,6.062488422870219,2.6101346939211436
5058,23.875613010120794,6.072702785159017,2.599764630056411
5059,23.841264822048228,6.093204934286614,2.611878760519341
,,,
5060,23.841264822048228,6.093204934286614,2.611878760519341
5061,24.194940267623966,5.985243745650931,2.4192241525553735
5062,24.183075531601595,5.995779007511662,2.413506218205998
5063,24.183075531601595,5.995779007511662,2.413506218205998
5064,24.169410132437562,6.007805977768003,2.430397951518433
5065,24.138907304541487,6.03259544070906,2.484059482323143
5066,24.138907304541487,6.03259544070906,2.484059482323143
5067,24.12315833404637,6.04446822323489,2.5090677935194767
5068,24.107051502610712,6.05612612737557,2.5192469988831974
5069,24.07446476144419,6.0780792396122685,2.5837279249714236
5070,24.057568078410313,6.088192351542514,2.621405117940848
5071,24.04102337870359,6.0972965229768805,2.64920373405108
5072,24.024510119443324,6.106103153701387,2.656044863795986
5073,24.024510119443324,6.106103153701387,2.656044863795986
5074,24.006459295154492,6.115491361162588,2.6622151429579395
5075,23.970946359590574,6.13381562099315,2.668606681852613
5076,23.952873331062317,6.142989910107538,2.677383698491227
5077,23.952873331062317,6.142989910107538,2.677383698491227
5078,23.91710275600409,6.160140920022677,2.710921002429736
5079,23.91710275600409,6.160140920022677,2.710921002429736
,,,
5080,23.89896306964617,6.168371290469202,2.712017358192057
5081,23.421853673347215,6.033170496659446,2.6458455703681496
5082,23.418880505770602,6.034765653915039,2.6604542661340376
5083,23.401741324145373,6.042584572642084,2.742083125312145
5084,23.401741324145373,6.042584572642084,2.742083125312145
5085,23.387469672577193,6.048652593531396,2.730266153140153
5086,23.369339349149488,6.056980742200008,2.6903489794684856
5087,23.332900387198364,6.075717678794989,2.645115281603313
5088,23.315272695881422,6.085465068215709,2.6320442402194386
5089,23.315272695881422,6.085465068215709,2.6320442402194386
5090,23.2974117913621,6.095522712268923,2.6199383998532304
5091,23.279729764347685,6.106011463935556,2.589935327672418
5092,23.26235668704631,6.116934049099724,2.579359383474676
5093,23.245392633833514,6.127636307692066,2.570706640925269
5094,23.228511543922362,6.138719094296104,2.55008789652067
5095,23.211853191436894,6.149939297090741,2.553041362531193
5096,23.195624756988714,6.160567387265383,2.5745628473099003
5097,23.16294190409308,6.18061782932217,2.587493735482889
5098,23.16294190409308,6.18061782932217,2.587493735482889
5099,23.145904500883976,6.191381714064147,2.5706833405205938
,,,
5100,23.12898454560171,6.202416593643606,2.556348802148132
5101,23.374288147387823,5.945205398119253,2.645833441936358
5102,23.37342185235725,5.945630731270143,2.651885852456456
5103,23.368685687587032,5.948044537707217,2.678821998550397
5104,23.358108490994923,5.953096486196155,2.705384209186644
5105,23.342385296386045,5.96044737903403,2.6972282219330013
5106,23.324478070125437,5.969094862807237,2.6900365669897415
5107,23.306716080614855,5.977758857569138,2.6803759541789796
5108,23.28887416698715,5.986997756769383,2.6461304623488435
5109,23.271199588448138,5.9969390673464655,2.6116912408959263
5110,23.25382895018805,6.007480554566207,2.5803741350422102
5111,23.2358645548552,6.018981538654317,2.571015538590265
5112,23.201239874149994,6.04143156287979,2.549388656550903
5113,23.201239874149994,6.04143156287979,2.549388656550903
5114,23.1846840506649,6.052811938981819,2.5317058077286196
5115,23.168267971448888,6.064320994972759,2.5285331419938486
5116,23.152215498416368,6.075665481615548,2.5202681851760866
5117,23.136003621991176,6.087528873090241,2.498729338967873
5118,23.120335329530523,6.099326188102355,2.4968378696303914
5119,23.104840231854215,6.110813283307624,2.5125370434061622
,,,
5120,23.32671816284689,5.8572448904386265,2.6458389065463055
5121,23.324100243745615,5.8586425632125705,2.65420048572255
5122,23.324100243745615,5.8586425632125705,2.65420048572255
5123,23.316011263011834,5.86290350041277,2.6485699514483922
5124,23.30371776717833,5.869824807773922,2.6036874816772766
5125,23.288849196527902,5.879197903610188,2.5561065800577794
5126,23.272352527974856,5.890478872960153,2.527575187014975
5127,23.25603697763471,5.902079270301993,2.5253063266432716
5128,23.23961717854252,5.913887556593877,2.5035978687473412
5129,23.223453338740924,5.9262609953902246,2.4727079401693755
5130,23.192701245084365,5.951728489514346,2.427468633961341
5131,23.192701245084365,5.951728489514346,2.427468633961341
5132,23.16273710961121,5.978715829662352,2.390840085553683
5133,23.16273710961121,5.978715829662352,2.390840085553683
5134,23.133585506923662,6.006929257746134,2.3572312053977726
5135,23.133585506923662,6.006929257746134,2.3572312053977726
5136,23.119567736781278,6.021103283814593,2.344087730636808
5137,23.091774774422678,6.049933102858049,2.336107568493622
5138,23.091774774422678,6.049933102858049,2.336107568493622
5139,23.077872885649846,6.064393850429642,2.337547346628902
,,,
5140,23.516999756914252,6.209086381878768,2.645832608126393
5141,23.514316387370453,6.210550628563315,2.6371694267363597
5142,23.514316387370453,6.210550628563315,2.6371694267363597
5143,23.505019985873563,6.215785487958967,2.6199657797027025
5144,23.48974079116932,6.22462781628075,2.6205034502273854
5145,23.472216802720443,6.234381841106521,2.649495848805678
5146,23.454537836327475,6.2435433920320325,2.673536563932563
5147,23.436789051165626,6.25228560498305,2.6961163813378084
5148,23.418772047484033,6.260775310564293,2.7048738654639157
5149,23.38239460551387,6.278521800260186,2.6690040664106283
5150,23.364663292499884,6.287771351603576,2.651969545878906
5151,23.347428558763934,6.296952346586015,2.6584407244715473
5152,23.347428558763934,6.296952346586015,2.6584407244715473
5153,23.32973074771063,6.306115723837585,2.6601546851651032
5154,23.29412634756286,6.3243814441538655,2.6808996313795075
5155,23.29412634756286,6.3243814441538655,2.6808996313795075
5156,23.27628505483919,6.333117576657863,2.692349207943882
5157,23.258395941189164,6.341695260061876,2.695233984234628
5158,23.240383082483834,6.350354725953769,2.691053465611785
5159,23.204287239410117,6.368016477974442,2.684795294884717
,,,
5160,23.18637834076336,6.376822263163946,2.6849620445677953
5161,23.563096143972462,6.297823855349042,2.6446442195203743
5162,23.556312083105716,6.301500562552625,2.641080036480215
5163,23.556312083105716,6.301500562552625,2.641080036480215
5164,23.525030512008733,6.3185220047495205,2.6564446331649267
5165,23.507374669889263,6.327631884965379,2.673649287083429
5166,23.507374669889263,6.327631884965379,2.673649287083429
5167,23.47218459281689,6.344845012737712,2.7083752642146366
5168,23.47218459281689,6.344845012737712,2.7083752642146366
5169,23.454064662674742,6.352984376289691,2.7278087145964998
5170,23.43566947286618,6.361026555832313,2.729586587025828
5171,23.417637260221667,6.368861768509541,2.735211983191232
5172,23.39931674785087,6.376614794404348,2.746625330127096
5173,23.38119561517606,6.38415135987546,2.74553011185592
5174,23.36272227989353,6.391973857086066,2.7358523183557097
5175,23.34429524974069,6.399919178971312,2.7333954059183196
5176,23.308131373137222,6.415232317960072,2.750346428204606
5177,23.308131373137222,6.415232317960072,2.750346428204606
5178,23.28992167075416,6.422664276933224,2.753256241062699
5179,23.27136107955172,6.430451599689952,2.73317145813683
,,,
5180,23.612139822959623,6.3850078638895855,2.645832608126393
5181,23.612139822959623,6.3850078638895855,2.645832608126393
5182,23.60518286406096,6.388646711744031,2.6771370633326463
5183,23.595095912062018,6.393304858402557,2.7359589097409702
5184,23.595095912062018,6.393304858402557,2.7359589097409702
5185,23.580664698656523,6.399141944823649,2.7673878120903304
5186,23.52560886954868,6.422613127589855,2.7004129045032084
5187,23.52560886954868,6.422613127589855,2.7004129045032084
5188,23.507497583367872,6.431439516151088,2.6791492411252205
5189,23.489653930062104,6.440126582942274,2.701595846790596
5190,23.471547758113335,6.44838181932802,2.7241037496713476
5191,23.471547758113335,6.44838181932802,2.7241037496713476
5192,23.43489285889688,6.464334351285205,2.733690190303997
5193,23.41659270783478,6.472182455975091,2.7394915007438905
5194,23.41659270783478,6.472182455975091,2.7394915007438905
5195,23.39821087881611,6.479910069329029,2.7490853774988637
5196,23.37979981541318,6.487393247107161,2.76144134839227
5197,23.342578497339264,6.5026195811229615,2.7410679660397843
5198,23.342578497339264,6.5026195811229615,2.7410679660397843
5199,23.30577704595769,6.517969668619302,2.760869974417347
,,,
5200,23.286758304546147,6.5254204531534485,2.7693351477121877
5201,23.286758304546147,6.5254204531534485,2.7693351477121877
5202,23.160246216645785,6.171314317762948,2.5330076989205246
5203,23.154610941182547,6.1752837009128845,2.518910042760378
5204,23.145445128019603,6.181748870392786,2.5368140635998113
5205,23.131931938055093,6.190896312796651,2.5498253718821475
5206,23.115718954419865,6.201634635395309,2.5715197948181223
5207,23.098630216066276,6.212245362988672,2.597597092859363
5208,23.0818083974632,6.2223829523174485,2.592360935126732
5209,23.047397775747314,6.243154067776604,2.6079963207375862
5210,23.03019422283461,6.253528605586596,2.5933514288398607
5211,23.01327806993183,6.263935224912081,2.5870816110860204
5212,23.01327806993183,6.263935224912081,2.5870816110860204
5213,22.98085223569306,6.284047945074222,2.572094203576833
5214,22.98085223569306,6.284047945074222,2.572094203576833
5215,22.947420950786558,6.306306197651567,2.5507065389752452
5216,22.947420950786558,6.306306197651567,2.5507065389752452
5217,22.914269453376196,6.327797220853405,2.587880061766527
5218,22.914269453376196,6.327797220853405,2.587880061766527
5219,22.89750664198208,6.33788586487919,2.608956638762691
,,,
5220,23.106144102705127,6.087145626250432,2.5463637292066323
5221,23.103871484732956,6.088726755535427,2.528936258868434
5222,23.103871484732956,6.088726755535427,2.528936258868434
5223,23.08851140554177,6.1006666026965695,2.4502711917999855
5224,23.08851140554177,6.1006666026965695,2.4502711917999855
5225,23.076403929942483,6.110611739695715,2.4594432028181537
5226,23.061564921708065,6.122643222046152,2.457380190044771
5227,23.046045599574597,6.135449379505322,2.4446379043767004
5228,23.01569051994277,6.161268082784481,2.432005528291114
5229,23.01569051994277,6.161268082784481,2.432005528291114
5230,23.000586950233902,6.17428582446371,2.4273193212822575
5231,22.98548620705842,6.187468397032387,2.4203006366156647
5232,22.970432307364405,6.200843126773111,2.409668292342414
5233,22.955602765423833,6.214264529912657,2.402067260458664
5234,22.94085721275468,6.2277054235541005,2.4029101445545553
5235,22.926187502116466,6.241078984032611,2.400891277566276
5236,22.896683384747178,6.26818216339863,2.3959610313755713
5237,22.882017683019342,6.281762779961887,2.393154895159582
5238,22.8673942729831,6.295338531073172,2.393390328483998
5239,22.8673942729831,6.295338531073172,2.393390328483998
,,,
5240,23.05007061452354,6.004346997165169,2.5463640395519787
5241,23.04669021646054,6.006665804741255,2.540390225991644
5242,23.04669021646054,6.006665804741255,2.540390225991644
5243,23.027104114639975,6.02132915174077,2.4490935900899937
5244,23.027104114639975,6.02132915174077,2.4490935900899937
5245,23.01453188413098,6.0321634158857895,2.418994366573268
5246,22.999737737988827,6.0453272214477485,2.408178905039431
5247,22.984867342940426,6.058955234178023,2.3906829398145777
5248,22.970194383303895,6.072838799694192,2.3770619836535003
5249,22.955807624270204,6.086866006900221,2.3599799904434295
5250,22.92794682671882,6.115539899613941,2.32761830658716
5251,22.92794682671882,6.115539899613941,2.32761830658716
5252,22.900655188505162,6.145185842906113,2.3039948436401665
5253,22.900655188505162,6.145185842906113,2.3039948436401665
5254,22.887229422649877,6.160220615378851,2.2970843438094484
5255,22.874063226619192,6.175076195675633,2.2946223987352963
5256,22.860862951381506,6.1899908123332965,2.295854388116175
5257,22.84759383067716,6.204960396527849,2.2959230828349284
5258,22.834278618616093,6.219975040177314,2.296737328141628
5259,22.820977209238016,6.2349910738811625,2.294806806689396
,,,
5260,23.274350030479603,6.335555369581376,2.5463583304605533
5261,23.274350030479603,6.335555369581376,2.5463583304605533
5262,23.270830221719844,6.337957085504383,2.54335244927483
5263,23.260530228628493,6.344961932967004,2.5460461087997173
5264,23.246474270104784,6.35438064229295,2.5552937451475484
5265,23.215690219468392,6.374273368364129,2.591082064670701
5266,23.215690219468392,6.374273368364129,2.591082064670701
5267,23.198709752742438,6.384354577211351,2.619627654215228
5268,23.18129627421831,6.394303058193245,2.619021157305791
5269,23.16389628145721,6.40421607514729,2.637416786599792
5270,23.146496327989542,6.4134179823498645,2.6738984351248494
5271,23.12979954926673,6.42162580903009,2.685619118133664
5272,23.112122988777802,6.430300153264453,2.686852067782049
5273,23.07604627034523,6.447639212974372,2.7014913484118
5274,23.07604627034523,6.447639212974372,2.7014913484118
5275,23.040820300474184,6.464166580752035,2.689865776595961
5276,23.040820300474184,6.464166580752035,2.689865776595961
5277,23.02286241011658,6.473107742183254,2.6749761095834614
5278,23.004982696021365,6.482085386085154,2.6780286928281796
5279,22.969111533167688,6.4999196591013115,2.6793427466701414
,,,
5280,22.951319898809963,6.508807789462709,2.675820230169712
5281,22.951319898809963,6.508807789462709,2.675820230169712
5282,23.31858945936355,6.426288009013714,2.5522547841154295
5283,23.31858945936355,6.426288009013714,2.5522547841154295
5284,23.269768311044498,6.458775909389659,2.5586021093969613
5285,23.269768311044498,6.458775909389659,2.5586021093969613
5286,23.253156149320045,6.469635617070238,2.569971521785674
5287,23.253156149320045,6.469635617070238,2.569971521785674
5288,23.219383682269108,6.490177188117432,2.6320145333938063
5289,23.219383682269108,6.490177188117432,2.6320145333938063
5290,23.202011824743728,6.499458063992444,2.667780250141038
5291,23.184249667196283,6.508385223766451,2.6803469374122475
5292,23.16603053398267,6.517245081722558,2.6989194119811817
5293,23.129849567047376,6.533891614168762,2.712550853747398
5294,23.129849567047376,6.533891614168762,2.712550853747398
5295,23.11165854448753,6.54230055712976,2.699851870725654
5296,23.093607469464065,6.5509342385853735,2.6929561657685626
5297,23.057420972411474,6.568089283209987,2.706198408013169
5298,23.057420972411474,6.568089283209987,2.706198408013169
5299,23.0393228713277,6.57640561601122,2.7165979577692485
,,,
5300,23.386492773459942,6.501156240086671,2.5463648461042308
5301,23.386492773459942,6.501156240086671,2.5463648461042308
5302,23.38420223763267,6.502689550899433,2.562078677388159
5303,23.37726959417647,6.5069491318326484,2.6144271431260426
5304,23.349764894057877,6.5209737207692235,2.694745780751763
5305,23.349764894057877,6.5209737207692235,2.694745780751763
5306,23.313650127365808,6.5377509896491794,2.7183332584543223
5307,23.313650127365808,6.5377509896491794,2.7183332584543223
5308,23.295394948755686,6.545893215938434,2.725929258483614
5309,23.2594596830448,6.561743851666566,2.729343238480334
5310,23.2594596830448,6.561743851666566,2.729343238480334
5311,23.24118746863537,6.569635140275865,2.7382745200217014
5312,23.22281005480721,6.577278500473422,2.7570214073317287
5313,23.185822197940634,6.591937388480154,2.7641458039420637
5314,23.185822197940634,6.591937388480154,2.7641458039420637
5315,23.16726759070966,6.599475196211717,2.743095975892798
5316,23.148984658435257,6.607256837489779,2.7415726480206235
5317,23.13057655770894,6.614850745044219,2.7599068053840186
5318,23.111948252652496,6.622209407862307,2.771278049820445
5319,23.093350203168626,6.6293180026278264,2.7796698592442124
,,,
5320,23.074719825256413,6.636440189990873,2.7714482063154438
5321,22.619455568529414,6.481630484595378,2.672172513639259
5322,22.605114258875837,6.4888649387780335,2.683404923168877
5323,22.605114258875837,6.4888649387780335,2.683404923168877
5324,22.591634667032856,6.495301525202083,2.7062912065924354
5325,22.576320258565794,6.5023589912752895,2.7038511531883143
5326,22.55873727848922,6.510867483726643,2.681150061018313
5327,22.540714848661164,6.520099380359731,2.6532292389730228
5328,22.505212572433546,6.539561593392473,2.6188226943310844
5329,22.505212572433546,6.539561593392473,2.6188226943310844
5330,22.47185730578237,6.559710582076311,2.593949211027625
5331,22.47185730578237,6.559710582076311,2.593949211027625
5332,22.438292987212996,6.5800246431692795,2.597823965226115
5333,22.42141278927091,6.590298103797768,2.5859325798726647
5334,22.42141278927091,6.590298103797768,2.5859325798726647
5335,22.404368950544573,6.601133577775925,2.5639684141491954
5336,22.387545677030058,6.612334511185877,2.5438115057453246
5337,22.37192523826607,6.623062380230728,2.5409679369386984
5338,22.356910451418493,6.633294152848237,2.538231677798522
5339,22.341509813218945,6.644157083408613,2.5133901978437483
,,,
5340,22.574214282114003,6.392451223970176,2.6721593980218614
5341,22.574214282114003,6.392451223970176,2.6721593980218614
5342,22.568440513236673,6.3954373636962245,2.6587249858591746
5343,22.560583963539674,6.399484087597395,2.671687916195615
5344,22.560583963539674,6.399484087597395,2.671687916195615
5345,22.546449766416345,6.40650690989576,2.6838173449070437
5346,22.52850707686758,6.415537143444894,2.660076961788042
5347,22.510666187026022,6.42517188957262,2.6341544046639487
5348,22.49325050427462,6.43511394240008,2.6107562397509545
5349,22.476025940275004,6.445518077441844,2.585039707855021
5350,22.459131620613448,6.456115617703796,2.581442668650129
5351,22.44214608960243,6.467008957427483,2.555363232081488
5352,22.409149535397667,6.490597478592927,2.4848204146108674
5353,22.409149535397667,6.490597478592927,2.4848204146108674
5354,22.393477390424156,6.5031257505038305,2.449929085337857
5355,22.37842836176419,6.515901219029632,2.425947870719266
5356,22.348580105017845,6.542251539026443,2.409737437514544
5357,22.348580105017845,6.542251539026443,2.409737437514544
5358,22.333721719346133,6.5557214520327625,2.4022690505852182
5359,22.30414408842569,6.582622929438237,2.4047868750273627
,,,
5360,22.52898235446398,6.303263803332406,2.6721724334596706
5361,22.526881975522446,6.304302822884251,2.6881937625708408
5362,22.526881975522446,6.304302822884251,2.6881937625708408
5363,22.5189933415941,6.307951879381195,2.7205391731663005
5364,22.489058239026452,6.321688258215759,2.679848171536611
5365,22.471320504701595,6.330952098123104,2.6315748938630823
5366,22.471320504701595,6.330952098123104,2.6315748938630823
5367,22.453980548386554,6.341070833160718,2.598120370435644
5368,22.436823122063608,6.3518113703022605,2.5655170885263336
5369,22.41995821809288,6.363042112004765,2.541594224534921
5370,22.403459011632155,6.3745574359386765,2.52309381814429
5371,22.371276554484,6.3987788215323995,2.467955453854037
5372,22.371276554484,6.3987788215323995,2.467955453854037
5373,22.355823155242874,6.411425785000644,2.444546552242974
5374,22.340494363861108,6.424574541747316,2.420030761470074
5375,22.310626365280317,6.451622411529468,2.3905681910643692
5376,22.295988445925378,6.465344342202808,2.3866438748241023
5377,22.295988445925378,6.465344342202808,2.3866438748241023
5378,22.28143248602343,6.479076233404898,2.3834673635707415
5379,22.26693984122098,6.492787599087924,2.384120675962483
,,,
5380,22.2524656578287,6.506424450603716,2.3875526729496257
5381,22.7099294301548,6.659996559599271,2.6721723816014564
5382,22.70649313029785,6.661771204349496,2.664858195420084
5383,22.685531124186106,6.6737508343913134,2.5725478730994085
5384,22.685531124186106,6.6737508343913134,2.5725478730994085
5385,22.671537507347086,6.683072216814666,2.542649846425151
5386,22.65536951829914,6.694328328175786,2.5207640842283072
5387,22.639136534212525,6.705944657363201,2.529922396723085
5388,22.622792269519426,6.71699649835779,2.5654704260449663
5389,22.589019991743868,6.7379312403812115,2.6032969004741595
5390,22.589019991743868,6.7379312403812115,2.6032969004741595
5391,22.57227726050192,6.747909183379233,2.599376060519222
5392,22.53868682175427,6.769355843823435,2.5620390090362215
5393,22.522411623619135,6.779882883025438,2.5746091440669217
5394,22.522411623619135,6.779882883025438,2.5746091440669217
5395,22.505475808504567,6.790428811188255,2.596358894999428
5396,22.488649627606346,6.800452674962181,2.609001699263327
5397,22.454553427287284,6.82130124976647,2.5799952420834584
5398,22.454553427287284,6.82130124976647,2.5799952420834584
5399,22.438050583762113,6.831688485027911,2.583237679898294
,,,
5400,22.42121460642493,6.841933458151807,2.607151852449811
5401,22.752223223764062,6.750657409136299,2.6778931860177724
5402,22.752223223764062,6.750657409136299,2.6778931860177724
5403,22.744022120631612,6.7547734331951785,2.6633203098309965
5404,22.732568491269785,6.760999600030499,2.6240237513779134
5405,22.70237301467069,6.778301883352982,2.6311273763443346
5406,22.70237301467069,6.778301883352982,2.6311273763443346
5407,22.667625198010093,6.7969286440779415,2.6729015909556972
5408,22.667625198010093,6.7969286440779415,2.6729015909556972
5409,22.64982850206593,6.8057281714250735,2.6845043490663416
5410,22.613819184444942,6.822810588505816,2.7135656157647174
5411,22.613819184444942,6.822810588505816,2.7135656157647174
5412,22.595793575703514,6.830911490185671,2.7229990248613585
5413,22.559830202463438,6.846430936802939,2.7505689531857622
5414,22.559830202463438,6.846430936802939,2.7505689531857622
5415,22.5413784502923,6.85385462223467,2.7654020478282955
5416,22.5226542447681,6.861327156432755,2.754419695944671
5417,22.504023665725338,6.868996873747222,2.748931286637814
5418,22.46742949257287,6.884013459813648,2.76184890325304
5419,22.448891832475738,6.891327646143587,2.7658174490992593
,,,
5420,22.448891832475738,6.891327646143587,2.7658174490992593
5421,22.79794441629226,6.839656801119733,2.6714572753402686
5422,22.79794441629226,6.839656801119733,2.6714572753402686
5423,22.79358317056741,6.841880535656425,2.670831597047202
5424,22.77381583756061,6.851948156790855,2.671543010339182
5425,22.75639481861041,6.860590087151279,2.6921020062219654
5426,22.72006613891966,6.8773023419683845,2.723152031732982
5427,22.72006613891966,6.8773023419683845,2.723152031732982
5428,22.72006613891966,6.8773023419683845,2.723152031732982
5429,22.683615547427166,6.892876961749218,2.7562194014971366
5430,22.683615547427166,6.892876961749218,2.7562194014971366
5431,22.6462212675638,6.907140506042507,2.7913642507509513
5432,22.62749604614015,6.9138949594198795,2.801249712690168
5433,22.62749604614015,6.9138949594198795,2.801249712690168
5434,22.60866846322639,6.9204087987278315,2.815398506831739
5435,22.59000610840743,6.92662313176418,2.8238627287797105
5436,22.57103136126092,6.93282229836381,2.827631446727149
5437,22.55212712458425,6.938910993158593,2.8312286028766525
5438,22.533151082670376,6.944923746545304,2.838495147068957
5439,22.495177970055472,6.956487879842182,2.849194054468627
,,,
5440,22.053423581094506,6.775923770107031,2.6688055592403197
5441,22.051381062513126,6.776990018628737,2.6530771648223834
5442,22.051381062513126,6.776990018628737,2.6530771648223834
5443,22.044366475115535,6.780911312252906,2.6086827869017637
5444,22.01552755470416,6.7995809004673315,2.5552366441565
5445,22.01552755470416,6.7995809004673315,2.5552366441565
5446,21.99888704762566,6.810472480712729,2.565943861355617
5447,21.98215530085337,6.8212807872231425,2.5690946681001696
5448,21.94863083909929,6.842317525142747,2.597934622177609
5449,21.931917885726527,6.852258643700639,2.60529430516381
5450,21.931917885726527,6.852258643700639,2.60529430516381
5451,21.898644275140644,6.872466677226292,2.5868393535889025
5452,21.86481613389169,6.894312430770711,2.546582615181455
5453,21.86481613389169,6.894312430770711,2.546582615181455
5454,21.86481613389169,6.894312430770711,2.546582615181455
5455,21.815548805661113,6.929529386185026,2.4961880329495836
5456,21.815548805661113,6.929529386185026,2.4961880329495836
5457,21.815548805661113,6.929529386185026,2.4961880329495836
5458,21.78403337924888,6.954027702148337,2.470609257843397
5459,21.78403337924888,6.954027702148337,2.470609257843397
,,,
5460,22.007886640283022,6.686893511084991,2.6688055592403197
5461,22.007886640283022,6.686893511084991,2.6688055592403197
5462,22.004982371466152,6.6883895121903265,2.6656461928847155
5463,21.997079540869937,6.692591540177419,2.6310186274480953
5464,21.98526771892802,6.699661218741738,2.5747222626396633
5465,21.954671241445595,6.720109818316425,2.5468486073110306
5466,21.954671241445595,6.720109818316425,2.5468486073110306
5467,21.938118970221904,6.7312757552295235,2.552650141219963
5468,21.9214823060727,6.742293570371037,2.559721409651369
5469,21.904797219094387,6.7532624081991734,2.559430097429981
5470,21.888077384982843,6.764146848113246,2.5703978123062345
5471,21.8544655967574,6.785104958670977,2.58055472906387
5472,21.8544655967574,6.785104958670977,2.58055472906387
5473,21.83746006057132,6.796139542721436,2.5500073403453376
5474,21.821907904477467,6.806770836930445,2.537560944820043
5475,21.789702584228692,6.830018572556832,2.4895641551795586
5476,21.789702584228692,6.830018572556832,2.4895641551795586
5477,21.773839661938048,6.842376785081309,2.4774285721209783
5478,21.758008048038846,6.854808168135286,2.47064204770832
5479,21.742302631122328,6.86741701729692,2.45927120736196
,,,
5480,21.72700618464115,6.879864601415557,2.461470396494602
5481,21.96234786811767,6.597864202991172,2.668809153376851
5482,21.949097267509508,6.604496926040776,2.6778813890134647
5483,21.933769115800832,6.612368969983251,2.6500428600415407
5484,21.91675372198352,6.621912138963544,2.600623860850021
5485,21.91675372198352,6.621912138963544,2.600623860850021
5486,21.883260928149426,6.643634535344655,2.530306570514053
5487,21.883260928149426,6.643634535344655,2.530306570514053
5488,21.86689070760327,6.655281877101451,2.5220301773808624
5489,21.85079051377518,6.6669989511967644,2.495374004269749
5490,21.83476324414994,6.679433943106921,2.4702686442710657
5491,21.819279575729276,6.691887666589346,2.4584923624137973
5492,21.78852425292144,6.71755045123299,2.4399533216629115
5493,21.78852425292144,6.71755045123299,2.4399533216629115
5494,21.77311020811073,6.730601349581531,2.4398640800636064
5495,21.757782176776306,6.743486604140499,2.444901081624774
5496,21.742458448673197,6.756237725595397,2.4493326359721284
5497,21.72708286468791,6.769048692269194,2.443131383085014
5498,21.69645627395581,6.794849168352071,2.4412682337946805
5499,21.69645627395581,6.794849168352071,2.4412682337946805
,,,
5500,21.665872686796668,6.820494967080515,2.4443010948411517
5501,21.665872686796668,6.820494967080515,2.4443010948411517
5502,22.142401055522853,6.955086099301659,2.65178426365635
5503,22.134682632854375,6.959374741377775,2.6162431155743726
5504,22.12182286521001,6.96703746055219,2.5989259316493474
5505,22.106131268042358,6.976396761332465,2.6077211631107993
5506,22.07246232795929,6.9961881916599955,2.6162720642969557
5507,22.07246232795929,6.9961881916599955,2.6162720642969557
5508,22.055273512223017,7.005899398331795,2.6389645077975072
5509,22.037757999659604,7.015291584184912,2.659830493952252
5510,22.019989455756203,7.024381662972212,2.6776335414468195
5511,22.00211912148236,7.033100107898134,2.6981116167057713
5512,21.98421423119357,7.0414284838968975,2.7137430497984085
5513,21.96604971530278,7.049659500880653,2.7159294318088314
5514,21.929514744677217,7.066554472570031,2.6958066422796576
5515,21.929514744677217,7.066554472570031,2.6958066422796576
5516,21.911433175954492,7.075397472130896,2.6773935681041334
5517,21.894463876221145,7.083963440096014,2.6764313198153826
5518,21.87686770611323,7.092519624371773,2.703050670320014
5519,21.858827540249823,7.1006999932232775,2.7286270441475473
,,,
5520,22.19003440352895,7.0430145471731525,2.6688055592403197
5521,22.18906368469049,7.043469232135642,2.6732972623801716
5522,22.183633087621228,7.046148837891488,2.6852074306221545
5523,22.183633087621228,7.046148837891488,2.6852074306221545
5524,22.171088903369483,7.052168297203881,2.701287247653561
5525,22.15325142133956,7.0603824441564,2.719360915868563
5526,22.135001419748313,7.0684357006391725,2.731229413557885
5527,22.11670884965833,7.076265211174563,2.7428719155538155
5528,22.07992749843337,7.091158797758242,2.7685100406434597
5529,22.07992749843337,7.091158797758242,2.7685100406434597
5530,22.061287856680593,7.098359389847685,2.7763148367504775
5531,22.04258132249205,7.105491493419549,2.7772635148654716
5532,22.02397527246316,7.1124786486832186,2.7887310411851067
5533,22.00529198070417,7.119198158662029,2.8037841896792903
5534,21.986531093648722,7.12573993791765,2.805632660703811
5535,21.96760963942919,7.132412092173773,2.79811549562034
5536,21.93027873967227,7.145942421923114,2.7937877712443635
5537,21.911500408135357,7.152707653142032,2.7972828335160504
5538,21.911500408135357,7.152707653142032,2.7972828335160504
5539,21.892716318443014,7.159401903715042,2.801240731369236
,,,
5540,22.23556974752128,7.132045335797808,2.6687998715026096
5541,22.23556974752128,7.132045335797808,2.6687998715026096
5542,22.232958161877033,7.133396776185785,2.662428507958142
5543,22.21394716770302,7.142699374212588,2.7259106419244157
5544,22.21394716770302,7.142699374212588,2.7259106419244157
5545,22.198681099797287,7.14891569078406,2.775483183997933
5546,22.161790984195132,7.162172046121611,2.8122570568271374
5547,22.142847572161173,7.168546009134132,2.822080603981981
5548,22.142847572161173,7.168546009134132,2.822080603981981
5549,22.10492218877313,7.180986189118824,2.8264654540459566
5550,22.08600904993736,7.187149852008667,2.825638637358988
5551,22.08600904993736,7.187149852008667,2.825638637358988
5552,22.06702032084132,7.193381212970279,2.8227680842546268
5553,22.0479614462748,7.19973369006515,2.816565606410875
5554,22.00990193775318,7.212977607606917,2.8017246970079905
5555,22.00990193775318,7.212977607606917,2.8017246970079905
5556,21.972503788963373,7.226049189305618,2.811761415117452
5557,21.972503788963373,7.226049189305618,2.811761415117452
5558,21.953563032858703,7.232474443555581,2.8158874341572036
5559,21.934543044379105,7.239012319275116,2.8029429561053134
,,,
5560,21.480918059222756,7.076542217894862,2.6493208654308065
5561,21.480918059222756,7.076542217894862,2.6493208654308065
5562,21.478021345465795,7.07811239572905,2.641111202794371
5563,21.468280961944185,7.083529657522023,2.6266919741932666
5564,21.435026780049128,7.102221442281095,2.6394782682339444
5565,21.435026780049128,7.102221442281095,2.6394782682339444
5566,21.417605032228018,7.111654308504073,2.650060062611182
5567,21.3825294355463,7.130243148274451,2.6652665497228
5568,21.3825294355463,7.130243148274451,2.6652665497228
5569,21.364793943300242,7.139165339235825,2.689286250694896
5570,21.34688367798545,7.14764434468627,2.709215168444022
5571,21.32924383274635,7.155664041772987,2.714494278956986
5572,21.293542641960777,7.172983633486671,2.671802156445478
5573,21.293542641960777,7.172983633486671,2.671802156445478
5574,21.27569100460536,7.1819803136451785,2.680969801142252
5575,21.25769405195889,7.1908209026696674,2.6905003690224
5576,21.23982980884788,7.199362690425968,2.7030114111062407
5577,21.22206981277816,7.207647689442239,2.698244563871533
5578,21.203957357486203,7.216503337694679,2.6747775189299987
5579,21.186102810515873,7.225495149317929,2.6833314976365243
,,,
5580,21.433655606942274,6.988416309354378,2.6493235365448253
5581,21.432024686516403,6.989275393222645,2.646135059734117
5582,21.432024686516403,6.989275393222645,2.646135059734117
5583,21.424970042160105,6.993124057012844,2.6346295524280565
5584,21.39339680686993,7.0110989926398375,2.625411293229315
5585,21.37600474902921,7.0208823760417625,2.634118636176633
5586,21.358624357308802,7.030469666164228,2.637532746968891
5587,21.341113214970434,7.04017538826894,2.630802677691661
5588,21.341113214970434,7.04017538826894,2.630802677691661
5589,21.32364379034956,7.0500293628357475,2.625118605598318
5590,21.306149986600662,7.059939790696678,2.6298941527437005
5591,21.271119294909656,7.079276644138447,2.6381395085550965
5592,21.271119294909656,7.079276644138447,2.6381395085550965
5593,21.253652016096925,7.088978708661553,2.6298141408610176
5594,21.236208405975226,7.098831027284732,2.6250619527472083
5595,21.21873721136522,7.1086897638334685,2.63387273815151
5596,21.20120471878572,7.118265004021244,2.650639496967388
5597,21.165861482943434,7.136880875779419,2.6552305904520357
5598,21.165861482943434,7.136880875779419,2.6552305904520357
5599,21.130428207555056,7.155464531398246,2.6632862722407045
,,,
5600,21.386390760310512,6.900291393511614,2.649333256394793
5601,21.385806321546447,6.9005987298389515,2.6478268181861626
5602,21.385806321546447,6.9005987298389515,2.6478268181861626
5603,21.381987172567705,6.9026498662538165,2.637401312335947
5604,21.371996895746975,6.9082865007518155,2.618735732733273
5605,21.338483600816858,6.928066399562558,2.610109712708748
5606,21.338483600816858,6.928066399562558,2.610109712708748
5607,21.321309066452237,6.938078962056185,2.616753090435062
5608,21.30413367437775,6.947923055052101,2.6254567851264206
5609,21.269396836542295,6.967892900821127,2.612585714658178
5610,21.269396836542295,6.967892900821127,2.612585714658178
5611,21.234749281520866,6.987858142392146,2.6283644272600766
5612,21.217428988364713,6.997558770682359,2.629967642624169
5613,21.217428988364713,6.997558770682359,2.629967642624169
5614,21.182649598734386,7.017543364537021,2.6120032173121683
5615,21.182649598734386,7.017543364537021,2.6120032173121683
5616,21.165315026399128,7.027579653386839,2.6245206593314907
5617,21.14830249344449,7.037180348326981,2.627233636262077
5618,21.113948914850067,7.056906892337416,2.6203010859664335
5619,21.113948914850067,7.056906892337416,2.6203010859664335
,,,
5620,21.0966083197053,7.0667980379533315,2.6274823846688062
5621,21.573884252874503,7.253663380857288,2.657720153128752
5622,21.573884252874503,7.253663380857288,2.657720153128752
5623,21.57053819220403,7.255352412472661,2.6627230096514425
5624,21.563224773070484,7.259180174863039,2.6535304583601778
5625,21.53269288611761,7.275261899024825,2.6696987314389413
5626,21.515246458304976,7.283967623726074,2.69205821896078
5627,21.497534572195615,7.292151146619093,2.7248141275543114
5628,21.479814705364767,7.299675434013633,2.750017452126014
5629,21.46154627652959,7.307273014866112,2.7388582111245072
5630,21.46154627652959,7.307273014866112,2.7388582111245072
5631,21.443045122798324,7.315368904220308,2.7201939948965923
5632,21.424848126617967,7.323667691967944,2.707419425684756
5633,21.407069704465293,7.331910868113816,2.712143238802824
5634,21.388965468302573,7.339941618606113,2.7366572233198942
5635,21.352392008610902,7.355729685547897,2.716481060756304
5636,21.352392008610902,7.355729685547897,2.716481060756304
5637,21.31773800042994,7.371871163546565,2.711579322571956
5638,21.31773800042994,7.371871163546565,2.711579322571956
5639,21.299732997809837,7.379834759936649,2.7389627412455484
,,,
5640,21.622703390642847,7.340923853427917,2.6493131556110026
5641,21.622703390642847,7.340923853427917,2.6493131556110026
5642,21.61323131498699,7.346368610781739,2.5894403926836658
5643,21.61323131498699,7.346368610781739,2.5894403926836658
5644,21.603065069784357,7.352854274612268,2.5644170023583763
5645,21.573225276751433,7.370865949107126,2.645051166473669
5646,21.573225276751433,7.370865949107126,2.645051166473669
5647,21.55585912351662,7.379723556299275,2.6913363066944473
5648,21.51972802927912,7.395539258594628,2.7592519901782238
5649,21.51972802927912,7.395539258594628,2.7592519901782238
5650,21.50110934727843,7.402759721083652,2.782738222420825
5651,21.482335400338037,7.409653041370514,2.7961591324942834
5652,21.463694459227852,7.4162475198644575,2.8064243278883776
5653,21.44487754821006,7.422848754826871,2.798530691170545
5654,21.425961881633864,7.429730950476069,2.786358789582126
5655,21.388470556908842,7.443382846442362,2.8014779701855996
5656,21.388470556908842,7.443382846442362,2.8014779701855996
5657,21.369935044217552,7.449861318261484,2.805553944918086
5658,21.351049053558214,7.456568975438476,2.7934941538916487
5659,21.332176992830473,7.463455906931961,2.789866542884189
,,,
5660,21.31332685518819,7.4703877271283226,2.788552702263072
5661,21.669968543670656,7.429047904954603,2.649325163064256
5662,21.668785293644795,7.429649296051808,2.6576086359568096
5663,21.663204143017932,7.432457420938355,2.685202952902108
5664,21.650818069379678,7.438232437930657,2.721888154742333
5665,21.633006710574907,7.445870265766465,2.748669899031853
5666,21.595859383274398,7.4609772740268525,2.753604074784857
5667,21.595859383274398,7.4609772740268525,2.753604074784857
5668,21.577392560323354,7.468568366630269,2.74881746059459
5669,21.558913319949458,7.476271775822843,2.7444896420728027
5670,21.521955237453234,7.491602298017157,2.7512995791471857
5671,21.503458168882705,7.4992146629953815,2.7494668733565217
5672,21.485036974837442,7.506869118688649,2.7451306854678834
5673,21.485036974837442,7.506869118688649,2.7451306854678834
5674,21.466533581012825,7.514553068441095,2.750766925915631
5675,21.429464124923065,7.529816881384389,2.7477042513267937
5676,21.410987366220365,7.537540680340615,2.7448104921878045
5677,21.392435793456634,7.545293584107889,2.7481980450227184
5678,21.392435793456634,7.545293584107889,2.7481980450227184
5679,21.374015594778434,7.552868981464504,2.7543671293254777
,,,
5680,21.35543419490307,7.5605085527524185,2.7460328286123303
5681,20.916651056876525,7.37459216848574,2.6617230847992235
5682,20.914254430248644,7.375849506998195,2.655844049801501
5683,20.896514421859504,7.3846052804385245,2.720871179660148
5684,20.88157146300246,7.39088856104166,2.757488399306889
5685,20.88157146300246,7.39088856104166,2.757488399306889
5686,20.863181681333423,7.3982780097427945,2.7526720257008668
5687,20.825694744929947,7.415060710669733,2.7001622703704435
5688,20.825694744929947,7.415060710669733,2.7001622703704435
5689,20.78952505533293,7.432695788916003,2.674412831917263
5690,20.78952505533293,7.432695788916003,2.674412831917263
5691,20.77207210555101,7.441422842298892,2.6865967501213244
5692,20.736737756343775,7.457927640768445,2.706321355026373
5693,20.736737756343775,7.457927640768445,2.706321355026373
5694,20.700851037669523,7.4754150150279,2.664283778817707
5695,20.68327540528824,7.484729029006195,2.6512637787171736
5696,20.68327540528824,7.484729029006195,2.6512637787171736
5697,20.666154269815998,7.493748153811895,2.659772383104966
5698,20.630897138369487,7.512038212947352,2.6678855320349775
5699,20.630897138369487,7.512038212947352,2.6678855320349775
,,,
5700,20.595245075692304,7.52980738675387,2.6930367486675344
5701,20.595245075692304,7.52980738675387,2.6930367486675344
5702,20.868385611157453,7.287011597733851,2.644216621343779
5703,20.861399219984975,7.290921017145792,2.6168664129567993
5704,20.834960692717864,7.305863118087174,2.6522639323369406
5705,20.834960692717864,7.305863118087174,2.6522639323369406
5706,20.816989125783895,7.315213278166416,2.663700673041859
5707,20.781392417306176,7.333389687633691,2.680720073970154
5708,20.781392417306176,7.333389687633691,2.680720073970154
5709,20.763452897761315,7.342158133568332,2.694779200923876
5710,20.729000596988087,7.359002108186188,2.6604718975913766
5711,20.729000596988087,7.359002108186188,2.6604718975913766
5712,20.711497081771117,7.368518278036995,2.627228773981327
5713,20.694251478960584,7.378572577746446,2.5987622013103024
5714,20.676839361524145,7.389293629815305,2.5826260324928585
5715,20.643171661569934,7.410564880190195,2.5935952612173634
5716,20.643171661569934,7.410564880190195,2.5935952612173634
5717,20.62616897802118,7.420556963631985,2.6263990584016486
5718,20.608815813035463,7.430114483319139,2.648535946720227
5719,20.573866053961986,7.449299765688136,2.6194342719684593
,,,
5720,20.573866053961986,7.449299765688136,2.6194342719684593
5721,20.82432199024126,7.197179715551522,2.661731968364225
5722,20.821731553222754,7.198561238260089,2.6461949971426733
5723,20.81441223582309,7.202735792779585,2.597398853059094
5724,20.803492481032542,7.209610258339449,2.5677240887225348
5725,20.773679833971453,7.2288435295332,2.5733265429191072
5726,20.773679833971453,7.2288435295332,2.5733265429191072
5727,20.756649072175424,7.239761035369442,2.5646275884605694
5728,20.73986934758914,7.250929093276454,2.5433923501939266
5729,20.72330746326684,7.262248898200953,2.5502859788601318
5730,20.70739417159123,7.272731365244119,2.5652705936033424
5731,20.690841498109286,7.283169406332929,2.597609185374696
5732,20.673051253548664,7.293644605481132,2.612249834552277
5733,20.655790328576586,7.303658358104946,2.625348775213282
5734,20.638445005128208,7.313226817311595,2.6494946510415667
5735,20.621214697342886,7.322428565618756,2.64269529855097
5736,20.585787246150918,7.34203081756711,2.6278212851301643
5737,20.585787246150918,7.34203081756711,2.6278212851301643
5738,20.567793178657652,7.352551801836458,2.5938628099979595
5739,20.53488603384917,7.3729514343456275,2.585165150847406
,,,
5740,21.008982718395227,7.552004245055122,2.661738314628237
5741,21.008982718395227,7.552004245055122,2.661738314628237
5742,20.997284810498762,7.558255958104998,2.6307731712994866
5743,20.987195742032117,7.5640665036959565,2.6083923285157407
5744,20.987195742032117,7.5640665036959565,2.6083923285157407
5745,20.973726749198658,7.5720218272669735,2.616147349797863
5746,20.9571431730657,7.581114903445343,2.666168678322662
5747,20.93949501916322,7.589630108890853,2.713720361614084
5748,20.92139922055292,7.597585807677695,2.7403148325027993
5749,20.90302441691601,7.605329801683147,2.7391424669611304
5750,20.884561221265194,7.613220483184226,2.7364194216429554
5751,20.84787922402454,7.629200960264612,2.7209491442794054
5752,20.84787922402454,7.629200960264612,2.7209491442794054
5753,20.81192582778157,7.6451551035843,2.74757419122055
5754,20.81192582778157,7.6451551035843,2.74757419122055
5755,20.79353511514958,7.6524549328851466,2.7766257506225123
5756,20.755608823591285,7.666470627094564,2.790292683087133
5757,20.755608823591285,7.666470627094564,2.790292683087133
5758,20.718240056978487,7.680709046728853,2.768867240116817
5759,20.718240056978487,7.680709046728853,2.768867240116817
,,,
5760,21.055148280009192,7.640709460679751,2.6617330470400224
5761,21.055148280009192,7.640709460679751,2.6617330470400224
5762,21.053842784742717,7.641458992155528,2.6570031861692183
5763,21.04407419363127,7.6465122342621985,2.666826013118
5764,21.04407419363127,7.6465122342621985,2.666826013118
5765,21.030654241894347,7.653213063229777,2.6909152526671876
5766,21.013347802350662,7.661170486053305,2.7313675931049075
5767,20.995200731128918,7.668654911219141,2.7673067459608514
5768,20.97666826677251,7.675769513880022,2.7763541529706894
5769,20.9572582729796,7.683059111237792,2.791484906294543
5770,20.938493933252293,7.6896881291559245,2.8130133068170475
5771,20.91881650993059,7.696305629557851,2.8144010391095304
5772,20.88077122075926,7.709440005785284,2.7969827458356358
5773,20.861843528795735,7.716403878833199,2.781031239573422
5774,20.861843528795735,7.716403878833199,2.781031239573422
5775,20.843103329784018,7.723582148312045,2.7729611756843378
5776,20.824906607553274,7.730474971805683,2.790803520410241
5777,20.787510147208433,7.743246371720405,2.814393692096644
5778,20.787510147208433,7.743246371720405,2.814393692096644
5779,20.749669981887145,7.756508362493876,2.7945717562940966
,,,
5780,21.101314298494245,7.729415177072547,2.661733949828232
5781,21.101314298494245,7.729415177072547,2.661733949828232
5782,21.099077871781425,7.73061475591216,2.643435999437482
5783,21.091233278027882,7.7350602183133805,2.6081776300644286
5784,21.07906268257871,7.742375509101188,2.6018725492854307
5785,21.048184426689208,7.759131137252681,2.6931190299562364
5786,21.048184426689208,7.759131137252681,2.6931190299562364
5787,21.030692510601007,7.766896538448019,2.755582670751117
5788,21.012490442933185,7.7737965808231575,2.800774335994031
5789,20.993721903458127,7.780152366757785,2.827536546363242
5790,20.973758393983942,7.786544820752631,2.8299292961326654
5791,20.9355781676611,7.798542846517635,2.847842632054435
5792,20.9355781676611,7.798542846517635,2.847842632054435
5793,20.897253723470577,7.809849087654328,2.853745247105228
5794,20.897253723470577,7.809849087654328,2.853745247105228
5795,20.85904365543365,7.821505704165708,2.8418922275190117
5796,20.83973261228916,7.827418472022544,2.8487317498541023
5797,20.83973261228916,7.827418472022544,2.8487317498541023
5798,20.82067925464412,7.8330417095333535,2.8600748420655018
5799,20.782185937242517,7.844576481977197,2.8334781562702824
,,,
5800,20.782185937242517,7.844576481977197,2.8334781562702824
5801,20.345221441201968,7.6721562429994385,2.7063841683632166
5802,20.345221441201968,7.6721562429994385,2.7063841683632166
5803,20.326984377145802,7.679461900085389,2.7885081196369925
5804,20.326984377145802,7.679461900085389,2.7885081196369925
5805,20.310244831822644,7.685613197416864,2.7824329555835723
5806,20.273514041990136,7.7000958506188155,2.74735231059054
5807,20.273514041990136,7.7000958506188155,2.74735231059054
5808,20.255029991447067,7.708036666786299,2.723356295792555
5809,20.218510746513427,7.725283316584406,2.6826722003193493
5810,20.218510746513427,7.725283316584406,2.6826722003193493
5811,20.20042582608633,7.734343094374649,2.6750582319319114
5812,20.18257865264383,7.743367634216923,2.6703706025209164
5813,20.147087521052775,7.761322475147684,2.677810891345819
5814,20.129173386141954,7.770244501629543,2.6792739206181624
5815,20.129173386141954,7.770244501629543,2.6792739206181624
5816,20.093332481234786,7.788201678926827,2.6761716723175764
5817,20.093332481234786,7.788201678926827,2.6761716723175764
5818,20.05768818339464,7.806042280964755,2.6791050399704126
5819,20.021757999095954,7.82395590446309,2.6783551053923476
,,,
5820,20.021757999095954,7.82395590446309,2.6783551053923476
5821,20.3033685049605,7.581381172188608,2.692604036416399
5822,20.3033685049605,7.581381172188608,2.692604036416399
5823,20.292525699511287,7.586719642506633,2.670023369226133
5824,20.292525699511287,7.586719642506633,2.670023369226133
5825,20.277803313609972,7.594377433260188,2.659090769369554
5826,20.260090854928958,7.603589290745528,2.6618471258115455
5827,20.242403776717264,7.612861261617129,2.653803477929404
5828,20.225151712588218,7.622032711838247,2.6539914160761713
5829,20.189794148470785,7.64052508172207,2.654335620869464
5830,20.189794148470785,7.64052508172207,2.654335620869464
5831,20.17201485953463,7.650085093209941,2.643351573875421
5832,20.136703565416276,7.669785244928803,2.61352056692753
5833,20.11944058639215,7.680160376448471,2.5870572970108143
5834,20.11944058639215,7.680160376448471,2.5870572970108143
5835,20.10244505865613,7.690950840712204,2.5675991025428027
5836,20.08555997309198,7.701853510047739,2.5719256933841197
5837,20.051875796298667,7.723034330143052,2.588608721756242
5838,20.051875796298667,7.723034330143052,2.588608721756242
5839,20.034963442037768,7.733381716628509,2.596160775161544
,,,
5840,20.260324219161873,7.491075880349444,2.6925436756701244
5841,20.260324219161873,7.491075880349444,2.6925436756701244
5842,20.25184036101352,7.494838844023616,2.740101299479288
5843,20.25184036101352,7.494838844023616,2.740101299479288
5844,20.240886350822638,7.499454879349566,2.735050609192198
5845,20.225580795772142,7.5064116262193075,2.6924559106349566
5846,20.208049330182963,7.515183142460694,2.6657391266620594
5847,20.190208725529157,7.52443280242648,2.664178827942443
5848,20.17245476514747,7.533564158521191,2.6691899698548287
5849,20.154673497894105,7.542493928589746,2.6828278275878277
5850,20.13623724732924,7.551619938380147,2.6742560661893937
5851,20.118347086385718,7.560945334856866,2.6470127810453965
5852,20.08332025374445,7.580882168031767,2.5968155911665898
5853,20.08332025374445,7.580882168031767,2.5968155911665898
5854,20.04923619824833,7.60292660552569,2.5432562156429253
5855,20.04923619824833,7.60292660552569,2.5432562156429253
5856,20.032883178379056,7.614163996235494,2.5368276379139525
5857,20.016538271039963,7.625609935249918,2.5219178808465905
5858,19.98417422955846,7.649553770281121,2.4964375863250443
5859,19.96812877979624,7.661656139128113,2.4941287638164344
,,,
5860,19.96812877979624,7.661656139128113,2.4941287638164344
5861,20.43396526976817,7.851420944231586,2.692534144694204
5862,20.424189531863302,7.85626207438527,2.668549633028573
5863,20.424189531863302,7.85626207438527,2.668549633028573
5864,20.410117002810427,7.8635665663992,2.6631938105435022
5865,20.374698613146553,7.880943004286771,2.711132101984764
5866,20.374698613146553,7.880943004286771,2.711132101984764
5867,20.356864057783874,7.888881265575589,2.7306159329365807
5868,20.338650542397346,7.89661706225025,2.749676560503707
5869,20.320217301934647,7.904213838974217,2.749507025632658
5870,20.283396656224173,7.919956790567716,2.7265820360824553
5871,20.283396656224173,7.919956790567716,2.7265820360824553
5872,20.265191293145147,7.928027645938537,2.7227175569036217
5873,20.228673884556216,7.943621686465419,2.745164605463126
5874,20.228673884556216,7.943621686465419,2.745164605463126
5875,20.191906559485524,7.959302763255005,2.730953566488207
5876,20.191906559485524,7.959302763255005,2.730953566488207
5877,20.155486464931936,7.975302425817533,2.732271184197876
5878,20.155486464931936,7.975302425817533,2.732271184197876
5879,20.137153266644535,7.983181072400274,2.7346479851134253
,,,
5880,20.47737585238758,7.9415091681502,2.692537217844292
5881,20.47647080604536,7.941934033048289,2.697135192378289
5882,20.47647080604536,7.941934033048289,2.697135192378289
5883,20.472157164567186,7.943882598559109,2.7269409723093685
5884,20.461609329698298,7.94820226078672,2.7745940661307413
5885,20.427947787854194,7.960486700834749,2.7972462567792933
5886,20.427947787854194,7.960486700834749,2.7972462567792933
5887,20.390587679771084,7.973864014463749,2.7956274371341867
5888,20.390587679771084,7.973864014463749,2.7956274371341867
5889,20.371798611241925,7.9806594159733555,2.793435870630228
5890,20.352971786091427,7.987474411274166,2.795363419630031
5891,20.33419429314413,7.994250951678943,2.794011917923374
5892,20.315427757546246,8.001045247486816,2.794471132434752
5893,20.27798176431544,8.014729185285912,2.7867618030945707
5894,20.27798176431544,8.014729185285912,2.7867618030945707
5895,20.259320147385623,8.021623983488606,2.7943879448608775
5896,20.24066266059099,8.028121861607051,2.818802208734882
5897,20.22163140801551,8.034410264497417,2.821613207110206
5898,20.202651447598804,8.040668425535992,2.8249550906063563
5899,20.183709897631037,8.046819459864592,2.8300501917371665
,,,
5900,20.16469417714079,8.05288489964141,2.836459824336568
5901,20.520788969480943,8.031592026491577,2.6925408815531426
5902,20.51811677189488,8.032902935732324,2.6822785382468117
5903,20.497551865100462,8.04300752262323,2.7065294470129997
5904,20.48159089449078,8.049892743534032,2.7580003183700206
5905,20.48159089449078,8.049892743534032,2.7580003183700206
5906,20.463510092471545,8.056815238262878,2.791873909509992
5907,20.444811938741033,8.063402084208162,2.8108972079540377
5908,20.40682093834683,8.07589029044198,2.826102751271187
5909,20.40682093834683,8.07589029044198,2.826102751271187
5910,20.387806336743534,8.082134544299324,2.8224279102709127
5911,20.368911010402012,8.088441367946666,2.816570751326513
5912,20.349989608702373,8.094886979759286,2.8096896984532735
5913,20.331061583547616,8.101417186067716,2.8093799950292047
5914,20.312068850573464,8.1079797628504,2.808368483940891
5915,20.293134733529815,8.114560407912508,2.806148397069453
5916,20.255588277198882,8.127729605409199,2.8066963094344275
5917,20.255588277198882,8.127729605409199,2.8066963094344275
5918,20.23665933350029,8.13428991663309,2.8064837269503644
5919,20.217658670883125,8.140996068004261,2.7978135475455503
,,,
5920,19.769008305635808,7.955305869943868,2.7031666879238765
5921,19.769008305635808,7.955305869943868,2.7031666879238765
5922,19.766292848337123,7.95657692452336,2.7005310787797696
5923,19.756689430361263,7.961135283382417,2.6942685779635123
5924,19.74022668314985,7.969116881818858,2.6837626402091868
5925,19.704521899646753,7.987028884455522,2.6787225274190933
5926,19.704521899646753,7.987028884455522,2.6787225274190933
5927,19.668832080351745,8.004509053832322,2.693422742495786
5928,19.668832080351745,8.004509053832322,2.693422742495786
5929,19.632676248720514,8.022156066164259,2.670971044529169
5930,19.632676248720514,8.022156066164259,2.670971044529169
5931,19.597618990485685,8.040659559736918,2.6441874167484656
5932,19.58003717835447,8.050321854258303,2.6308000778661875
5933,19.56250780090836,8.060399216808229,2.6125610271286086
5934,19.56250780090836,8.060399216808229,2.6125610271286086
5935,19.52805549752762,8.081022386840017,2.588660511039203
5936,19.52805549752762,8.081022386840017,2.588660511039203
5937,19.495228057040997,8.101535352215821,2.590577564796933
5938,19.478202157885598,8.111784102071018,2.6082805130507527
5939,19.478202157885598,8.111784102071018,2.6082805130507527
,,,
5940,19.72656214818189,7.8647600181647075,2.7031712500884315
5941,19.724652196015303,7.8656637128168905,2.692042746135816
5942,19.718032887312336,7.869013064775804,2.6509409770968255
5943,19.70587895845633,7.875905303498075,2.604876069399285
5944,19.690506666933146,7.885175583262241,2.597563855619176
5945,19.674084759577426,7.895152975050469,2.586697592264557
5946,19.674084759577426,7.895152975050469,2.586697592264557
5947,19.657024495500107,7.906085225989061,2.5559009233945136
5948,19.641633617993694,7.916443191394736,2.54768856082743
5949,19.62546210380055,7.927413307275766,2.538868160188785
5950,19.609022154074932,7.938910481263412,2.52295402177888
5951,19.592675292484373,7.950534629683119,2.527675450368472
5952,19.576326068100354,7.961921816931999,2.539711692890593
5953,19.54277540363655,7.985377888749791,2.5125867466898217
5954,19.54277540363655,7.985377888749791,2.5125867466898217
5955,19.526185330207856,7.997673940695045,2.500318559018215
5956,19.510049875053273,8.009692428750652,2.501233150970867
5957,19.49400237034656,8.021595741619032,2.5060387176737655
5958,19.47789620516798,8.033348331006655,2.5174172856787638
5959,19.461881123659918,8.044658298751733,2.537817690142225
,,,
5960,19.684110830624753,7.77421848956318,2.7031739317565724
5961,19.684110830624753,7.77421848956318,2.7031739317565724
5962,19.681086480404858,7.7756289385782305,2.7058517332309973
5963,19.672360351163583,7.779748089309763,2.685974920861294
5964,19.645458409634962,7.794728301585289,2.594235305310061
5965,19.62952210602318,7.804544295950016,2.5819729373038753
5966,19.62952210602318,7.804544295950016,2.5819729373038753
5967,19.595901411439918,7.826870321752897,2.5424984930362498
5968,19.595901411439918,7.826870321752897,2.5424984930362498
5969,19.579007580787906,7.838361540269965,2.54121965981612
5970,19.562169199081463,7.850031554083816,2.5306604525247303
5971,19.54597388795119,7.861602884050596,2.5077719887183214
5972,19.529873591016923,7.8735902144615055,2.4970465645976603
5973,19.51382385869504,7.885582111473167,2.5044026937246415
5974,19.49766211431063,7.897472116868833,2.51151061170597
5975,19.465487900002813,7.920385190054317,2.533425609060502
5976,19.465487900002813,7.920385190054317,2.533425609060502
5977,19.44907154900729,7.931773771282222,2.528352471289667
5978,19.416502984591073,7.955582130176912,2.5076116984351935
5979,19.416502984591073,7.955582130176912,2.5076116984351935
,,,
5980,19.400366554991415,7.967284823141658,2.5218083857499916
5981,19.850681523561335,8.137897812380492,2.705905618551462
5982,19.850681523561335,8.137897812380492,2.705905618551462
5983,19.83993958797165,8.142871386734123,2.7074538939999253
5984,19.8229479879143,8.150710757530323,2.7144584645603516
5985,19.80474332947456,8.158871135692745,2.726951100786228
5986,19.786553585280835,8.166715049421562,2.741308779209445
5987,19.76834015533753,8.174451346279994,2.732719314842492
5988,19.731657381290145,8.190806396634061,2.7239470247951454
5989,19.731657381290145,8.190806396634061,2.7239470247951454
5990,19.713405739669966,8.198796378327076,2.7361890127444184
5991,19.695563380822733,8.206375115692337,2.739824325109806
5992,19.658916788866453,8.222437711007316,2.7167451700896166
5993,19.658916788866453,8.222437711007316,2.7167451700896166
5994,19.62236813775036,8.239231432996725,2.710851489982346
5995,19.62236813775036,8.239231432996725,2.710851489982346
5996,19.6042842337108,8.24753318155343,2.7106973666290752
5997,19.586207314568973,8.255805104235138,2.714327369569626
5998,19.54975331624022,8.2719313312685,2.740394715795896
5999,19.53099692933046,8.27974028633003,2.748211400612405
,,,
6000,19.89636608170809,8.226929342954941,2.7031712947290827
6001,19.89636608170809,8.226929342954941,2.7031712947290827
6002,19.886300355114578,8.231534176841373,2.7139542425866723
6003,19.886300355114578,8.231534176841373,2.7139542425866723
6004,19.870609919692757,8.238610628353268,2.7223764645465818
6005,19.85235859626868,8.246510709402218,2.7442773330666523
6006,19.83400605644355,8.253967321615836,2.7667016117095247
6007,19.797582918456307,8.267918651797938,2.785170047513723
6008,19.797582918456307,8.267918651797938,2.785170047513723
6009,19.760142042819293,8.281003107206326,2.8289090882075865
6010,19.741172534747626,8.286950078431408,2.839494895903748
6011,19.741172534747626,8.286950078431408,2.839494895903748
6012,19.70251171647322,8.298930358503114,2.850880535252142
6013,19.70251171647322,8.298930358503114,2.850880535252142
6014,19.663822422722152,8.310307442995796,2.846362782540012
6015,19.663822422722152,8.310307442995796,2.846362782540012
6016,19.644700361455506,8.31630411923766,2.830854138340741
6017,19.625405511434522,8.322490177536183,2.8361055156296415
6018,19.587277290094487,8.333992317904308,2.854971680091629
6019,19.587277290094487,8.333992317904308,2.854971680091629
,,,
6020,19.93881689926763,8.317471378673321,2.7031691292872955
6021,19.93881689926763,8.317471378673321,2.7031691292872955
6022,19.936789737489953,8.318413528708875,2.7077258051975814
6023,19.919280677345924,8.325354399829441,2.812443442562424
6024,19.919280677345924,8.325354399829441,2.812443442562424
6025,19.902797920680847,8.330518093253401,2.852498797552516
6026,19.88390882429519,8.33595909296822,2.868190117233274
6027,19.845309268458557,8.346864918146416,2.8575017153970848
6028,19.845309268458557,8.346864918146416,2.8575017153970848
6029,19.8260369147341,8.352548001345074,2.856754008862599
6030,19.806957292874852,8.358008588076375,2.8684446209366667
6031,19.768300174259554,8.369266278652502,2.842078814079552
6032,19.768300174259554,8.369266278652502,2.842078814079552
6033,19.729775918961526,8.381674771822848,2.8314612848992438
6034,19.729775918961526,8.381674771822848,2.8314612848992438
6035,19.710644235083898,8.387695296919533,2.836776144625616
6036,19.692532053698535,8.393343610714735,2.8437587911132245
6037,19.673534382421227,8.399007425622594,2.860150140213788
6038,19.654335581765498,8.404413221738887,2.874097175907931
6039,19.63589304452039,8.409439799587641,2.8719862758492645
,,,
6040,19.598175397391753,8.420439615372596,2.8471264633073585
6041,19.598175397391753,8.420439615372596,2.8471264633073585
6042,19.179878668868156,8.219174509591694,2.686986296532344
6043,19.170792651949363,8.223636854258006,2.683559227628042
6044,19.141858851039768,8.236991059751814,2.7240094124544596
6045,19.12401271682697,8.244997871777775,2.713220497559355
6046,19.12401271682697,8.244997871777775,2.713220497559355
6047,19.105833191888035,8.253433325946633,2.699577248647187
6048,19.08769302675526,8.262184453346544,2.6844711498228753
6049,19.069259072716694,8.271289116599867,2.6833200193076823
6050,19.05136434177243,8.280016725546242,2.692653259034582
6051,19.01535534117728,8.297079063562574,2.6999778925650495
6052,19.01535534117728,8.297079063562574,2.6999778925650495
6053,18.997240900856646,8.305686603967885,2.6945220946989585
6054,18.96122308405719,8.322941784786586,2.698992835916305
6055,18.96122308405719,8.322941784786586,2.698992835916305
6056,18.943175360409896,8.33142132126896,2.7048948816623666
6057,18.92499777630948,8.33995862293128,2.6988473236410355
6058,18.906915422193478,8.348561699714418,2.6965260266681126
6059,18.888843957567406,8.35713752213414,2.701081092564256
,,,
6060,19.13944993739,8.127637541799269,2.6944248719388293
6061,19.13944993739,8.127637541799269,2.6944248719388293
6062,19.13716390899621,8.128768779804979,2.6746854839757677
6063,19.11754296626942,8.139596503148539,2.6195809964245633
6064,19.11754296626942,8.139596503148539,2.6195809964245633
6065,19.10215277944025,8.1483653246504,2.6246793567876963
6066,19.067445218670798,8.167871544153098,2.6344253550547294
6067,19.067445218670798,8.167871544153098,2.6344253550547294
6068,19.032526497591554,8.187332979803454,2.625786687579438
6069,19.015129499339743,8.197256143075332,2.623990614405381
6070,19.015129499339743,8.197256143075332,2.623990614405381
6071,18.997772952740984,8.207065915368421,2.6321650328960766
6072,18.980337710105562,8.216690875779761,2.6412615976548794
6073,18.962674116344267,8.22643167963339,2.6300521889565798
6074,18.945227004558674,8.236340982603593,2.620199723994046
6075,18.910340781883406,8.255946325846594,2.6448647452178067
6076,18.910340781883406,8.255946325846594,2.6448647452178067
6077,18.892363327361114,8.265559107928212,2.650463056870639
6078,18.874698951062157,8.27503287575254,2.648750209034978
6079,18.839655137154008,8.29409578393532,2.635737190416368
,,,
6080,19.09621068187169,8.037468796336583,2.6944316686824434
6081,19.09621068187169,8.037468796336583,2.6944316686824434
6082,19.093174925809148,8.038955072289982,2.6853495641967777
6083,19.08521593101843,8.043044665134403,2.641714559545272
6084,19.073533066985174,8.049848192890423,2.587719344194126
6085,19.05922572456348,8.058964389007592,2.5685955730358554
6086,19.042476035087486,8.06974218713599,2.5694312667240427
6087,19.025631686852826,8.080562235659418,2.572158914306489
6088,19.008806311414855,8.09133933200222,2.5704391423481736
6089,18.975470470097793,8.112548669707841,2.576075023372934
6090,18.975470470097793,8.112548669707841,2.576075023372934
6091,18.958617948618567,8.12325065663211,2.575062941810756
6092,18.924850603910368,8.144711561099244,2.5754051701221696
6093,18.924850603910368,8.144711561099244,2.5754051701221696
6094,18.90799985414513,8.155418873783173,2.575663207190239
6095,18.891166874212473,8.166077595394002,2.578390516097238
6096,18.874295838849932,8.176697050527274,2.5810959496150208
6097,18.857346657167884,8.187319050641278,2.5823352997143947
6098,18.823467517894297,8.208491445849907,2.5828482246832762
6099,18.823467517894297,8.208491445849907,2.5828482246832762
,,,
6100,19.269173642559775,8.398140134579604,2.6944316686824434
6101,19.269173642559775,8.398140134579604,2.6944316686824434
6102,19.26604200817,8.399645046759018,2.6955061074138786
6103,19.245926861446737,8.409868363199244,2.642128841563593
6104,19.245926861446737,8.409868363199244,2.642128841563593
6105,19.232076687001,8.41752160802118,2.6363172449651824
6106,19.215122816631148,8.426680660108538,2.6562409098848216
6107,19.197533838418646,8.43571663927355,2.6777801505983283
6108,19.18018838525121,8.444073396320752,2.707708175312142
6109,19.16216215545612,8.452131325614543,2.733113382310731
6110,19.143854444128586,8.459843926235834,2.752488499181508
6111,19.125324444969714,8.467294890327379,2.7642899391676905
6112,19.106715515436196,8.474602662336753,2.7716031897994937
6113,19.069661648867918,8.488554400404906,2.7951024521168586
6114,19.05088580552689,8.495189940356163,2.806728873224839
6115,19.05088580552689,8.495189940356163,2.806728873224839
6116,19.031938205172217,8.501727309594019,2.8093680607649714
6117,19.01295175312736,8.508335524193862,2.8042512267136352
6118,18.975412213743194,8.521573014565327,2.804557760668722
6119,18.975412213743194,8.521573014565327,2.804557760668722
,,,
6120,18.956544447151213,8.528147879637585,2.8073479927819647
6121,19.31035319163589,8.489355506889831,2.6921914671281475
6122,19.31035319163589,8.489355506889831,2.6921914671281475
6123,19.306764349560797,8.49108390857952,2.6891375720576884
6124,19.28712997936199,8.500270678322645,2.7191865905696337
6125,19.269131366746137,8.508088017931753,2.7446044463591677
6126,19.269131366746137,8.508088017931753,2.7446044463591677
6127,19.251077984107376,8.51536674564623,2.7732517623578143
6128,19.21329327061655,8.529307771044241,2.8063445569480607
6129,19.21329327061655,8.529307771044241,2.8063445569480607
6130,19.175533567128063,8.54146605746778,2.845603038768662
6131,19.175533567128063,8.54146605746778,2.845603038768662
6132,19.15660540921497,8.547129790522348,2.856044658626671
6133,19.137404466397886,8.552773311862438,2.8535743892941743
6134,19.118165932407397,8.55851495555606,2.849522173412488
6135,19.09878276118874,8.564311500267793,2.8539956345378434
6136,19.079654703798393,8.56990846983777,2.8589475154295743
6137,19.06032479479846,8.5756024697462,2.847759843470096
6138,19.041162181603173,8.581504446369419,2.838101082996244
6139,19.00294012818016,8.59311131344815,2.8595018604973945
,,,
6140,19.35565512290382,8.578475803701114,2.6944316686824434
6141,19.353734847970664,8.579419392753938,2.6788024476507806
6142,19.353734847970664,8.579419392753938,2.6788024476507806
6143,19.346523869618466,8.583167171416179,2.6455494816109186
6144,19.334235588447733,8.589960641132985,2.6327135009275158
6145,19.318407034368665,8.598529806348473,2.665058403154667
6146,19.300856455091374,8.607118906896707,2.7137274090262435
6147,19.264686896916,8.621749071378167,2.7987017172738655
6148,19.264686896916,8.621749071378167,2.7987017172738655
6149,19.24604081988759,8.627980603364747,2.8383182699714924
6150,19.207822837892483,8.639190481193362,2.875743091208725
6151,19.1885797264294,8.644242893818657,2.89351268728816
6152,19.1885797264294,8.644242893818657,2.89351268728816
6153,19.15022017322681,8.653574907442062,2.9106164847746165
6154,19.15022017322681,8.653574907442062,2.9106164847746165
6155,19.111391369415188,8.66249433117666,2.9172541149177955
6156,19.091851051441548,8.666960507698487,2.9155478279780276
6157,19.07234789530573,8.671461971506574,2.9136177512661297
6158,19.07234789530573,8.671461971506574,2.9136177512661297
6159,19.05287410281421,8.675985716141389,2.913230239328803
,,,
6160,18.603699042889485,8.485039733293535,2.7045584496078225
6161,18.6003659731203,8.486603746449095,2.7065576318269544
6162,18.6003659731203,8.486603746449095,2.7065576318269544
6163,18.591634507064118,8.490498154720768,2.7387741909427272
6164,18.579641529226755,8.495213672375193,2.7890575269175546
6165,18.5648941516119,8.500437138249788,2.802220964516887
6166,18.52798373926578,8.51429545907688,2.772429866505769
6167,18.509560894491024,8.5214638910969,2.7662419438790953
6168,18.509560894491024,8.5214638910969,2.7662419438790953
6169,18.490989001695507,8.528938405118735,2.7477881941910076
6170,18.472419313810985,8.536880891668273,2.72678802789916
6171,18.454934138739482,8.544663279933573,2.7206709012762973
6172,18.43683090454905,8.552758902778127,2.722003568703785
6173,18.418637616021684,8.560815316082087,2.727031723236395
6174,18.382029176596795,8.576589761928075,2.7430010122059176
6175,18.382029176596795,8.576589761928075,2.7430010122059176
6176,18.363464857828408,8.584346289942149,2.745049711092334
6177,18.344982022692744,8.592200474131195,2.7339087960066193
6178,18.30830028946528,8.608042467037162,2.739230505998386
6179,18.30830028946528,8.608042467037162,2.739230505998386
,,,
6180,18.289897962187823,8.615840216903404,2.7421185565318047
6181,18.56137912834987,8.394433220441824,2.7045587256267143
6182,18.551747886128343,8.399050517360164,2.691939702706493
6183,18.540549187742755,8.40424600476177,2.721702494996753
6184,18.525554277556097,8.410784832959656,2.731994146401207
6185,18.525554277556097,8.410784832959656,2.731994146401207
6186,18.507438286742378,8.418740865413866,2.7269413550386066
6187,18.489286407137275,8.426676115108243,2.7324568840299985
6188,18.45288348145747,8.442257903239485,2.735356967085045
6189,18.45288348145747,8.442257903239485,2.735356967085045
6190,18.434503094953158,8.450232394101839,2.7288424824510304
6191,18.41615730991524,8.4582650712113,2.729885200351173
6192,18.397874860669397,8.466236661185771,2.7304373454188697
6193,18.36129713922906,8.482124940541771,2.732716752508232
6194,18.34296678357109,8.490054366516558,2.73378339069871
6195,18.34296678357109,8.490054366516558,2.73378339069871
6196,18.32456682890164,8.498003143594136,2.732915839025527
6197,18.30625190755101,8.50595317430518,2.7302469557985307
6198,18.287937779783128,8.513956192607203,2.728775215986446
6199,18.269649184522585,8.521949428618871,2.730132447694211
,,,
6200,18.51905426680131,8.30383252505695,2.704561835228433
6201,18.51643479770079,8.305098114652843,2.6887511126110386
6202,18.509858658084976,8.308433963804989,2.6515017180849254
6203,18.509858658084976,8.308433963804989,2.6515017180849254
6204,18.500097612405963,8.313766633049953,2.6352607764306666
6205,18.468648819216593,8.331059856056724,2.6358306887285945
6206,18.468648819216593,8.331059856056724,2.6358306887285945
6207,18.451079656041955,8.340874123280033,2.6277099899367045
6208,18.43363315489281,8.35084634169646,2.6164472900950284
6209,18.398837432605387,8.37078095562739,2.639412553329688
6210,18.398837432605387,8.37078095562739,2.639412553329688
6211,18.381294198572984,8.380213199849862,2.6502150896406493
6212,18.363735131086028,8.389518159603293,2.6608691473894495
6213,18.328312711160834,8.407308109484237,2.688858726656684
6214,18.328312711160834,8.407308109484237,2.688858726656684
6215,18.310752998365214,8.415758282310073,2.6915622029503186
6216,18.292742949536017,8.424686497765743,2.6690180798455465
6217,18.27495577840766,8.433897402468554,2.660142518349239
6218,18.258093990142843,8.442653691738212,2.667552929401688
6219,18.240395296262136,8.451527261675867,2.686220888529192
,,,
6220,18.205550703331017,8.46856700252954,2.676191369607993
6221,18.68528773650994,8.66769891674312,2.696257839641044
6222,18.68528773650994,8.66769891674312,2.696257839641044
6223,18.67729152697597,8.671656478182642,2.660221117593454
6224,18.652976048405936,8.684841401031333,2.6524987523327885
6225,18.652976048405936,8.684841401031333,2.6524987523327885
6226,18.635918419654832,8.69346574266794,2.693237690238198
6227,18.61813960542423,8.701589250640927,2.7324956823338376
6228,18.581435175095923,8.716199676165134,2.7786608943244815
6229,18.581435175095923,8.716199676165134,2.7786608943244815
6230,18.56272418482568,8.723209240877175,2.7920368872376686
6231,18.54395237370773,8.729799848856295,2.818000702250867
6232,18.52553429540125,8.735772968885211,2.8323702135568114
6233,18.506674658882297,8.74175210102693,2.8367800720037604
6234,18.48765727252096,8.747623896549767,2.84772687574891
6235,18.468447498100964,8.753465205155154,2.8436666108796698
6236,18.43017210598409,8.76555589019167,2.830212901338289
6237,18.43017210598409,8.76555589019167,2.830212901338289
6238,18.41125897413214,8.771516287975384,2.8423481943437676
6239,18.37298248092712,8.783256642459472,2.8376470621457526
,,,
6240,18.730678964273313,8.756839562496271,2.70456503691582
6241,18.730678964273313,8.756839562496271,2.70456503691582
6242,18.72696877040605,8.75855477141415,2.7152177341526373
6243,18.718206601112918,8.762386177921954,2.741389241562796
6244,18.718206601112918,8.762386177921954,2.741389241562796
6245,17.694639078257477,7.747183607539487,-1.1859047005251102
6246,17.694639078257477,7.747183607539487,-1.1859047005251102
6247,17.70227057514848,7.729054241963537,-1.1585971716826549
6248,17.71039123374074,7.711154570040491,-1.1311492863391377
6249,17.71903341889062,7.693417239596915,-1.1036498316120449
6250,17.72819939988517,7.6758471468144815,-1.0760895804307868
6251,17.737860703539823,7.658500573031107,-1.0487270423395088
6252,17.747887577820208,7.641581572838781,-1.0241962683894028
6253,17.75802789481213,7.625195481843763,-1.0097951531933331
6254,17.779631368897924,7.591822608238882,-0.9831603366399165
6255,17.779631368897924,7.591822608238882,-0.9831603366399165
6256,17.790788410476402,7.575347607505991,-0.9687495878237206
6257,17.80215439913836,7.55903227194352,-0.9549781987211391
6258,17.81378461147674,7.542895984007648,-0.9370862612888943
6259,17.825671336354873,7.52707175079047,-0.9156850739424037
,,,
6260,17.8379245199969,7.5114608147703965,-0.8957408988427256
6261,18.772182888733624,8.847830928253247,2.7000521383760536
6262,18.76590307097848,8.850861548378496,2.6805170487070455
6263,18.7539910803916,8.856817970118149,2.6815083013129613
6264,18.738314060247085,8.864288714715627,2.7159569196531184
6265,18.72125493834008,8.87158574656354,2.75920502434941
6266,18.70340271503047,8.878294195820846,2.8040291324178197
6267,18.684790147827588,8.88440225317424,2.842784858463712
6268,18.665736495263275,8.889932561415565,2.873419449684755
6269,18.646545930315423,8.895004105716245,2.88997335706072
6270,18.62724216617311,8.899868950699814,2.8997323316595938
6271,18.60784126434597,8.904563012192476,2.9073438458215
6272,18.588397874046322,8.909165967746734,2.9108706667625044
6273,18.568961979854304,8.913691391486825,2.914570410774009
6274,18.549603578546943,8.918125217224663,2.9167101865748766
6275,18.530120334063305,8.922584889263662,2.915116836699042
6276,18.510568032511543,8.927142819768626,2.909810429475687
6277,18.49109177307763,8.931785164270039,2.904461051464441
6278,18.471632969366663,8.936556575486991,2.898066791323412
6279,18.45248517552981,8.941369873479031,2.893598754206876
,,,
6280,18.43335871985848,8.94615134784324,2.9007448264611755
6281,18.01524093693273,8.752262342185078,2.701160750096978
6282,18.009405904820408,8.754883156826642,2.734557850049005
6283,17.99939294657799,8.758820392041399,2.7927188556147327
6284,17.985939974466184,8.76345709155099,2.815961086748157
6285,17.96820533677193,8.76955261575575,2.800447132026405
6286,17.949182128666695,8.776598327266534,2.7749059695115053
6287,17.930365159096304,8.78395786076185,2.7647345009821556
6288,17.91178367081818,8.79124410685899,2.768381607862353
6289,17.89308226643144,8.798741458424496,2.7520619080350626
6290,17.874586517002314,8.80651063721766,2.7344850192954953
6291,17.85610514276133,8.814677042624455,2.718133524436013
6292,17.837473534912025,8.823075284446235,2.717296248003522
6293,17.819271870317724,8.831357152702271,2.7124156481409893
6294,17.801042045549906,8.83973509095745,2.7084218218374034
6295,17.782983188618953,8.848150125756138,2.703128663568981
6296,17.765049493607414,8.856548902629147,2.7054240197007693
6297,17.746992449186262,8.864865076719118,2.7144279887383314
6298,17.728906967683372,8.872984117187956,2.721709249243643
6299,17.710615401708957,8.88118613343424,2.717641968681498
,,,
6300,17.69242239101426,8.889474837634513,2.7107388116635285
6301,17.972776561274628,8.661723418937184,2.6968660957807296
6302,17.96889301452986,8.663527797492423,2.708509390448864
6303,17.94647794569812,8.672593417851253,2.7854101093936987
6304,17.94647794569812,8.672593417851253,2.7854101093936987
6305,17.92795242555899,8.679463714016068,2.7801485965286536
6306,17.909263475127435,8.686703488062975,2.763577350756856
6307,17.89074154093617,8.69420547599243,2.7490852949181064
6308,17.87227690290241,8.70203354223444,2.7319238404013615
6309,17.853829684699527,8.710305203446394,2.7089566209111653
6310,17.835555595048493,8.71890866257476,2.694749029618162
6311,17.8174154976978,8.727735721454392,2.68220174427532
6312,17.79966079259405,8.736709105549554,2.6634738156069413
6313,17.782219056973467,8.745704671364912,2.6702152237868577
6314,17.764442774986374,8.754628930407867,2.6832637651664855
6315,17.746483498530377,8.76329118675121,2.698036271492629
6316,17.728315368837574,8.771981768546315,2.691735405276407
6317,17.710406822776523,8.780805996501893,2.673333745701771
6318,17.692594446502003,8.790032455703706,2.653691351196695
6319,17.675049491475686,8.79935124147966,2.658999325413635
,,,
6320,17.65733090561454,8.80845822593442,2.6755868646689174
6321,17.929907447968603,8.571402940932753,2.698460875458247
6322,17.927521582991407,8.572584472782482,2.6981745985635657
6323,17.922908512801143,8.57476225568293,2.696554213670891
6324,17.91261425593503,8.579703409766507,2.690754427795929
6325,17.895638238793175,8.588018885038808,2.6795071776458106
6326,17.87760061311813,8.59722634795861,2.6598856885990267
6327,17.84334683067831,8.615650039271491,2.64821738524812
6328,17.84334683067831,8.615650039271491,2.64821738524812
6329,17.825822402294143,8.624928498461902,2.660209870522592
6330,17.808111097426192,8.634029984114902,2.6742591895445558
6331,17.79022793839699,8.642876671017014,2.687869708333885
6332,17.77250177464286,8.651640926384575,2.672810029052691
6333,17.754894111161846,8.660829463750572,2.649376587073226
6334,17.719799127998392,8.679739933341395,2.65115566361482
6335,17.719799127998392,8.679739933341395,2.65115566361482
6336,17.702057835810944,8.689158196147709,2.6583499922052822
6337,17.68425793884333,8.69834745391648,2.6732743356971165
6338,17.666538369725636,8.707121628071507,2.687521732447556
6339,17.648593492022197,8.715988737818483,2.6749110938015823
,,,
6340,17.630635037361277,8.725318399989062,2.651768961383842
6341,18.100999300631,8.932953554192856,2.700718445323355
6342,18.095504686705137,8.935470890402655,2.7232631311760227
6343,18.08784183217698,8.938701675489169,2.7538053355781376
6344,18.076685163986355,8.94310946854432,2.772888629594197
6345,18.059403775716707,8.94962212226357,2.788428266189794
6346,18.040648872461826,8.956358194511807,2.8075012513614763
6347,18.021690243985095,8.962673700771074,2.831696288321813
6348,18.002597203252446,8.96867770658375,2.8401474443012584
6349,17.983654833018687,8.97452651467052,2.846282723188207
6350,17.964628772809046,8.98015424465901,2.857362411828089
6351,17.94533660928351,8.985889922106846,2.846559836756768
6352,17.92615264778737,8.991859488220419,2.834076185005764
6353,17.907412259535448,8.997846068341701,2.8302984093798877
6354,17.888498016988937,9.003964754149955,2.825660858943037
6355,17.869512993873577,9.010257182843352,2.8180060447743003
6356,17.850546381352885,9.016658349397007,2.8169095318354014
6357,17.831546423390797,9.023002926482306,2.8219204298763896
6358,17.812601817367963,9.029228884263096,2.8265605308008253
6359,17.793731211816137,9.03529631771256,2.833944323012471
,,,
6360,17.77481047201584,9.041230035810724,2.837613227893533
6361,18.143921365344223,9.023270068808905,2.697494528980047
6362,18.13672435427645,9.026739727574945,2.685304365377868
6363,18.125951584454974,9.032163259830734,2.664072832299397
6364,18.114184630381256,9.038295954250222,2.659616852129159
6365,18.0987424043857,9.046135101078807,2.6869081596545383
6366,18.080910277536923,9.054450705600939,2.722752024062667
6367,18.062791250299934,9.062171331479886,2.7535444842373478
6368,18.04445381785513,9.069425180262709,2.7783645379446775
6369,18.025856753075434,9.076172423208607,2.8075305946846463
6370,18.006997479345,9.082449236126559,2.833880678614784
6371,17.98805612811642,9.088174645651709,2.8614042143441973
6372,17.96886721549594,9.093549163461613,2.8731452247465437
6373,17.949664562538963,9.098741022397958,2.878266264443961
6374,17.93027552327075,9.104065824107588,2.8701560851999988
6375,17.910920252550667,9.109464631209876,2.8690292999287212
6376,17.891627688541345,9.11486290189905,2.8692847578899463
6377,17.872559587049206,9.120120083983894,2.8745698275553835
6378,17.853350812901443,9.125328911789138,2.8781881782195224
6379,17.834039074784894,9.130516075029764,2.8800331257324694
,,,
6380,17.81464964213464,9.135691791451176,2.8818436489325556
6381,18.187548349627573,9.113282930617581,2.70017553838039
6382,18.186165899776174,9.113900844480678,2.6996832706019482
6383,18.18095864165246,9.116385363650975,2.691244212825627
6384,18.16935382866624,9.122052068202285,2.686190030245831
6385,18.153205552710006,9.129783607880002,2.7073712787831785
6386,18.13520685088871,9.137787617889833,2.7378938975962863
6387,18.11690186504439,9.145328303275715,2.765049753532376
6388,18.098472881577905,9.152272697383637,2.7974460032361317
6389,18.07983052967771,9.158592185560334,2.830922201488285
6390,18.061058382477633,9.164352138191957,2.8571959091296377
6391,18.042130518166147,9.169591159510265,2.8824083830163922
6392,18.022841220413024,9.174602767862782,2.8932804615846033
6393,18.003529156399,9.179367326890489,2.9040098747750402
6394,17.984154487621023,9.184035484454064,2.9059322578735447
6395,17.96479664584906,9.188693643753478,2.9037711448558974
6396,17.945425780649995,9.193419921384184,2.901140870433563
6397,17.92600348445247,9.19818228593289,2.900651350472425
6398,17.9065199065484,9.202978876933368,2.8996358987136808
6399,17.887078544558747,9.207779568557083,2.899162642889689
,,,
6400,17.867701009237294,9.21257637651568,2.8976765239960574
6401,17.43089126386706,9.024942296587815,2.7342121697421997
6402,17.42411599563077,9.027915253656614,2.718998836956383
6403,17.410146511562456,9.034328791151609,2.706059683619619
6404,17.392131734874205,9.042626696247925,2.715384671697891
6405,17.373886048014736,9.050714592038194,2.7321306132194687
6406,17.355543492745614,9.058618329291194,2.7359588241376227
6407,17.33719370850623,9.066480031896662,2.73633721204657
6408,17.318766147352378,9.074421287105356,2.7326478881060625
6409,17.30033086848511,9.082452324749216,2.7293974211528
6410,17.28204434380876,9.0904500567168,2.729241679964127
6411,17.2638410044114,9.098403388126385,2.729873319038404
6412,17.245558205966088,9.10636537166349,2.731631512117441
6413,17.227193608785395,9.114313921635334,2.7347293562071897
6414,17.208752656683917,9.122235553832382,2.7362026825560464
6415,17.190370008156535,9.130142409087075,2.7342486360926865
6416,17.17213347997533,9.138032326201545,2.7324265803260035
6417,17.153845893445965,9.145951117270558,2.7337523767017387
6418,17.135477866984637,9.153852438934978,2.737035320017464
6419,17.117026846005256,9.161722971622666,2.7410043127276693
,,,
6420,17.098611416797556,9.16946187067324,2.746868710674106
6421,17.391976431593438,8.932814366697446,2.7353873564158104
6422,17.387367350374394,8.934807067094097,2.7236324409634833
6423,17.37577144984039,8.940103501393835,2.703074920348219
6424,17.358357274851972,8.94840045010786,2.6939499644084792
6425,17.3403864059894,8.95705072475003,2.689936854351906
6426,17.32255514853435,8.965838140703609,2.6772665412045877
6427,17.304846211425573,8.974822269248152,2.6681368694927494
6428,17.287082573887794,8.983873953574065,2.6739276302885098
6429,17.26919597494789,8.992813186046025,2.6827185795281
6430,17.251336630489327,9.001534570280729,2.690033337479235
6431,17.23341884378483,9.010239375502065,2.6858194828275597
6432,17.215467199451133,9.019178117801381,2.6739617752009197
6433,17.19760474548341,9.028260839819,2.6696915669729373
6434,17.179745454614267,9.037347519998146,2.673401716690967
6435,17.161933245386614,9.04627857040819,2.6798928447058437
6436,17.144104780593818,9.055107394975762,2.6826768613798775
6437,17.126270617361385,9.063911228863942,2.6821900930494884
6438,17.10837729866382,9.072785441626792,2.6799926888835772
6439,17.09044028469323,9.081728422318118,2.678614635475698
,,,
6440,17.072503963560454,9.090671779220123,2.679433941045848
6441,17.352682085096728,8.840862802182208,2.7369444829786596
6442,17.349398996665347,8.84226558448375,2.7208204745394324
6443,17.34097912602118,8.846234432970693,2.680530882595025
6444,17.326510456619786,8.853862927267238,2.6365034443355784
6445,17.30892292116078,8.863857404216365,2.615085623144103
6446,17.29159411584183,8.87400009289628,2.6121444190874
6447,17.27441180425951,8.883800637008763,2.634403123068715
6448,17.2570183806072,8.893228627998598,2.651841675134483
6449,17.23935532711314,8.90264867453208,2.6514813356769835
6450,17.221672964695706,8.912075133926399,2.6516765945082144
6451,17.204048854999886,8.921468404095089,2.652187416504937
6452,17.186436261347037,8.930821812362263,2.654106408959349
6453,17.168892612661875,8.940104779401445,2.6552245953331144
6454,17.15121755560251,8.949440661916247,2.65543687003168
6455,17.133496623371027,8.958819678389762,2.6530434866388526
6456,17.11583536538539,8.968259656207838,2.648081303878618
6457,17.098226535165104,8.977788282045875,2.6431547111526514
6458,17.08074947209434,8.98737091737316,2.6356454689104014
6459,17.063247222782046,8.997177607345467,2.6247468573986525
,,,
6460,16.229736223540957,9.548516749174766,2.499693078880631
6461,16.229736223540957,9.548516749174766,2.499693078880631
6462,17.50899624930711,9.209083890974496,2.729855062059612
6463,17.503737377771653,9.211448438073857,2.7017362854146634
6464,17.495276956583876,9.215492007872314,2.6920339491967376
6465,17.482275389195948,9.221607068064118,2.7131768521297275
6466,17.464675011962616,9.229445450015216,2.7287913275743216
6467,17.446391809413278,9.237324327027636,2.7395268550334855
6468,17.428066361613592,9.245011284944377,2.7495028176607663
6469,17.409596661641004,9.252531370504201,2.7598897820608865
6470,17.391118632432494,9.259823252723885,2.7714205663316482
6471,17.37252426443628,9.266915435528244,2.783084559698721
6472,17.353910345937265,9.273768553452499,2.793652562483678
6473,17.335185504788786,9.280448781614945,2.8039713714752867
6474,17.316324472443366,9.286964729821037,2.814401832344081
6475,17.29739103151759,9.293268743001736,2.8254492074666153
6476,17.278451892119758,9.299342966237186,2.837277386460023
6477,17.259527804250798,9.305165125538778,2.8479632386041573
6478,17.240477554143137,9.310812995597399,2.8585304825383124
6479,17.221295849087248,9.316282563237804,2.869160789775886
,,,
6480,17.20199134295495,9.321566784973648,2.879934336282413
6481,17.549375933733906,9.30057384319353,2.740052849514507
6482,17.546766754983974,9.3016406640522,2.732969153749466
6483,17.539203057703343,9.305003650631248,2.7125783792401377
6484,17.52520324626403,9.311603218182288,2.694619168800367
6485,17.5074009330913,9.320061536245051,2.703436952510587
6486,17.489224216280437,9.328480770828971,2.714547362471376
6487,17.47116054813363,9.336574168381395,2.7256147574474574
6488,17.452978609526497,9.344485356821803,2.7366489430665535
6489,17.43463264207637,9.352227652319378,2.7477122093858135
6490,17.41612909778041,9.359800117853414,2.7587606300477816
6491,17.39753377351872,9.367187732315632,2.769424108378593
6492,17.378996404653467,9.374307381181438,2.779947387936871
6493,17.360417386871294,9.381214862437263,2.7912063605680295
6494,17.34169590829584,9.38793541137398,2.802536393925651
6495,17.322829166799504,9.394471270562569,2.8137585361225113
6496,17.3039432339002,9.400785323020587,2.8240008166128283
6497,17.28498602556082,9.406906502924006,2.834106315791367
6498,17.266032545126833,9.412805912548375,2.8452846510226824
6499,17.246990200197747,9.418499134471704,2.8568223516372853
,,,
6500,17.227823386815434,9.423992482377733,2.8682279986306773
6501,17.588168963284797,9.392732559424173,2.727802360253986
6502,17.582348989863984,9.395367229825,2.701807198562991
6503,17.571578270552713,9.400507646085584,2.695968246780261
6504,17.556861459039716,9.407275093419196,2.724472692429127
6505,17.539130094837937,9.414935814077149,2.7397303016825707
6506,17.520859537445467,9.422582915168622,2.7499356747549477
6507,17.502421050665966,9.430085933185827,2.7603377606707125
6508,17.483840887273136,9.437423008423872,2.770865939452567
6509,17.46508220422142,9.444570678451122,2.785538906745352
6510,17.44647705143737,9.451263875443484,2.807942447916048
6511,17.42780396992166,9.457492680890647,2.8310864109343172
6512,17.408886193730062,9.463339868353769,2.851406267388231
6513,17.38978143593529,9.468836205264703,2.872717086726611
6514,17.370494794666442,9.473939285627607,2.8927801415465058
6515,17.35113336219272,9.478686215113989,2.911834915083022
6516,17.331905987666417,9.482945648505256,2.9344582313239265
6517,17.312496181303054,9.486824988116338,2.9537401813240804
6518,17.292888387234967,9.49040945850544,2.964513158848388
6519,17.27314848174719,9.493904582590128,2.968862472697621
,,,
6520,17.25390058723459,9.497164658071185,2.9812249439344978
6521,16.843154841237517,9.29511569807312,2.721433674531481
6522,16.837727068986972,9.297413643758556,2.7512569057615175
6523,16.82526047815248,9.30225897993942,2.7858297745554816
6524,16.806964863075606,9.308872159943565,2.7955064616158576
6525,16.76939934312732,9.322536797751697,2.791064555958035
6526,16.76939934312732,9.322536797751697,2.791064555958035
6527,16.750670795993056,9.32940963456965,2.7873790748329523
6528,16.731881775166173,9.336419060376443,2.7803579510206653
6529,16.713056589618002,9.343653661479461,2.767703978659741
6530,16.694427610025503,9.35114359762105,2.7504942134130306
6531,16.675693411908902,9.359004467841793,2.741002034928363
6532,16.657304600371422,9.366758584404234,2.7424377466765293
6533,16.638870105010763,9.3745858811249,2.737132810612964
6534,16.620404866500234,9.382556830984354,2.7304524160442694
6535,16.60201845444416,9.390653214720247,2.7229219351320535
6536,16.58378897257088,9.398827353937804,2.7172455331471834
6537,16.56564375992189,9.407070438908663,2.7136654204847557
6538,16.547468777087225,9.415366926614185,2.7137523391101595
6539,16.52922696057436,9.42367037405746,2.7154638564017497
,,,
6540,16.51094470120846,9.431951558235065,2.7170122633504374
6541,16.802161122494947,9.203898324540356,2.7154228106755283
6542,16.799292894389552,9.205139300469817,2.732065088064994
6543,16.7903452078839,9.208856189114776,2.760435161468789
6544,16.77486415522214,9.214867337732358,2.7728772166934275
6545,16.75615873038903,9.222246700263577,2.758325362295636
6546,16.737694547432866,9.229794826648956,2.7479234645609893
6547,16.71929467098567,9.2376055428203,2.729754015858547
6548,16.70097879102065,9.245796986523683,2.716195493981498
6549,16.682737682828247,9.25409421065533,2.714318655960214
6550,16.66445994180412,9.262408482537944,2.7156894975910757
6551,16.64629790559683,9.270637321743859,2.716230943571987
6552,16.62819711260116,9.278854990756372,2.7139687076482257
6553,16.610053287598056,9.287162824715796,2.710290325717215
6554,16.59186803334443,9.295565050985692,2.7071652934406836
6555,16.573647606895364,9.304045820644822,2.7047989854736945
6556,16.55550245839103,9.31254114009536,2.70275199885758
6557,16.5374944843337,9.321028784512691,2.698331626739672
6558,16.519478537970162,9.329662265011793,2.6893557112449673
6559,16.501452460974185,9.338549194623665,2.6762420859881115
,,,
6560,16.48347082965405,9.347766358542145,2.6593535536706723
6561,16.760248399811047,9.113134795527193,2.7208635029277284
6562,16.757174514919836,9.114443474510404,2.729449836688969
6563,16.75052797911858,9.11740479145177,2.7097144009121745
6564,16.73799124824261,9.123490644493955,2.670130142644234
6565,16.720727688607695,9.13265680176021,2.637094377269066
6566,16.703178347037476,9.142699701052937,2.6083209901144415
6567,16.685975529395627,9.153053468973145,2.5958074915347757
6568,16.669218507974286,9.163232670080777,2.5977659660332484
6569,16.65231171814782,9.173363390799299,2.606503484002416
6570,16.635099976834102,9.183458479196249,2.6144888333470764
6571,16.618136455336288,9.193273140655617,2.6151491913134457
6572,16.600855616983953,9.203475998426677,2.6000530768312693
6573,16.58417337667059,9.21364312103464,2.5929518340636473
6574,16.567640618056114,9.223695098507815,2.5984950408007523
6575,16.550515852137544,9.233931853073992,2.6077542962751528
6576,16.533535309925153,9.243842334557682,2.616535015644538
6577,16.51629167245847,9.253821373157285,2.613619081787339
6578,16.499055196307488,9.263972822499603,2.6049611583335284
6579,16.482046436382078,9.274154762480004,2.600796003170048
,,,
6580,16.464899482370274,9.284407283931843,2.605172858006354
6581,16.92574379697343,9.477268696625055,2.7243299280003064
6582,16.920014996598603,9.479644609606904,2.763429649108578
6583,16.9090935320726,9.483722542059946,2.794938091755258
6584,16.894062787371528,9.489131955381039,2.7947734886901476
6585,16.876037427709363,9.495516560244106,2.810341172977241
6586,16.857164103826438,9.501786864090557,2.8317456324364363
6587,16.838495743770647,9.507561154000582,2.8480411395210807
6588,16.81976263456885,9.51314687354042,2.8548002516784075
6589,16.800769374788068,9.518625406040169,2.8679762126632284
6590,16.781622544051416,9.523819224849948,2.8864907836448936
6591,16.762296335350985,9.528663492997365,2.9048425404140366
6592,16.742850393384725,9.533175236023215,2.925420706519446
6593,16.70408308826521,9.540880097074973,2.962520095966189
6594,16.70408308826521,9.540880097074973,2.962520095966189
6595,16.684578093320127,9.544318236105203,2.9657336101859735
6596,16.664792716468323,9.547888738762808,2.9588161077425115
6597,16.644989093958902,9.551634762955075,2.951057686362945
6598,16.625468107376907,9.555477555335939,2.941278062320318
6599,16.60591278112126,9.559586782571008,2.9280451335590163
,,,
6600,16.586333410656245,9.563961068615834,2.9149320048635903
6601,16.966523692008554,9.56860052742535,2.7139263457615317
6602,16.958457210300026,9.572271076483087,2.715415398824403
6603,16.94739704954507,9.577272083738588,2.714932156774082
6604,16.934556876499848,9.58305138048129,2.723014543537052
6605,16.917336825327936,9.59047459506422,2.748660539064165
6606,16.898934654855765,9.59782448986388,2.770670910833071
6607,16.880335971117564,9.60487343142108,2.7881747184812
6608,16.861717612252672,9.611548798426407,2.8073087870348044
6609,16.84294276830147,9.617850328309661,2.827399642648872
6610,16.824097698099838,9.62377381944754,2.8473092409047474
6611,16.80504673032203,9.62934967775244,2.8613392293483733
6612,16.785836627890195,9.634848707040582,2.8627014312268133
6613,16.766640272333873,9.640342728084784,2.8637186717499197
6614,16.747391381961442,9.645807094220963,2.864841318680816
6615,16.727944850925258,9.651299366727429,2.8699192069601835
6616,16.708778338701357,9.656500513245176,2.8844396935353744
6617,16.68953912744469,9.661404872775183,2.8980562881510017
6618,16.670206476737917,9.666106644785247,2.9064604233503806
6619,16.650765659502568,9.67069886781703,2.9136753972809335
,,,
6620,16.63125128384445,9.675135642709582,2.9218072221094222
6621,17.00903826214481,9.65911190302806,2.7163911768411744
6622,17.005286247759155,9.66079252098992,2.704264801810193
6623,16.996661410862462,9.664979896732413,2.675131496607855
6624,16.983160754872483,9.671881665997098,2.6678873773658665
6625,16.96568191024053,9.680659127838762,2.6862211218994414
6626,16.947878887502043,9.689147856219106,2.7104664639061253
6627,16.93004483827513,9.696990859943927,2.74330494644855
6628,16.91181852035649,9.704323720271365,2.775550735202404
6629,16.89332345810874,9.71106546641003,2.8086666490622685
6630,16.874526517779245,9.717304539403084,2.8324156399021208
6631,16.855651878721176,9.723115058616028,2.8532281832120088
6632,16.836550277966232,9.728584766898509,2.871370985403523
6633,16.817482250099083,9.733702524420915,2.88531193727899
6634,16.798262413307228,9.738636513814345,2.8964225614955628
6635,16.77912859516841,9.74327460862084,2.9110472358884136
6636,16.759855234334722,9.747628208150697,2.927729816928258
6637,16.740411112196615,9.751664181013151,2.9470964159852033
6638,16.720804768964204,9.755342844528183,2.9635647473495546
6639,16.701236946989148,9.758742080937719,2.974771969688793
,,,
6640,16.681592656542954,9.761978302304993,2.9788740755971603
6641,16.249077409930745,9.530682970386067,2.7874325565342697
6642,16.24062173631798,9.533855239165359,2.7766375250237285
6643,16.22547750477741,9.53971952320758,2.7664136015737553
6644,16.208612418710413,9.546488853456212,2.7509106282782305
6645,16.1902877098674,9.554268514425518,2.7309589659473783
6646,16.171999991915232,9.562374339415353,2.7168680386583457
6647,16.153753832941742,9.57073512487083,2.7084073882927333
6648,16.13558476915218,9.579120063409723,2.7111687757523355
6649,16.11746923442855,9.587377043160284,2.7161958302332265
6650,16.099259883026352,9.5955921713237,2.718372724901188
6651,16.08108350511693,9.603773145670347,2.7174539084989084
6652,16.062867567881927,9.612007061724588,2.716373337233259
6653,16.04462703167547,9.620276657599105,2.7156127879934924
6654,16.026454099859105,9.62851823931297,2.7151142858386708
6655,16.00825107447787,9.636791352433201,2.715080583189431
6656,15.9900866057855,9.645043620615777,2.7141327483502775
6657,15.971921426208052,9.653334217107187,2.7122516816568267
6658,15.953715227933632,9.661691739925695,2.7103492215649845
6659,15.935577725711758,9.670042589822707,2.7092535931819017
,,,
6660,15.917424087188005,9.67843619236542,2.70725499239647
6661,16.215048688446174,9.436662270977044,2.783346317199221
6662,16.209273436179785,9.438947847387148,2.7415926411666542
6663,16.198567424788486,9.443793009076913,2.69414060035969
6664,16.18416931264076,9.450898624424216,2.6764562998721964
6665,16.166430843604655,9.459869317915302,2.6705328139073488
6666,16.14858032015866,9.46891103674881,2.6761898837258786
6667,16.13069662553161,9.477818492251757,2.6823028223143486
6668,16.112832594354114,9.486628310881835,2.681287470066104
6669,16.094979755012407,9.495510059687229,2.6787209977232873
6670,16.0771171219769,9.50444482199139,2.677588341688573
6671,16.05920029374927,9.51339239788394,2.679297945377424
6672,16.041263163111953,9.522319300590267,2.679596006109191
6673,16.02340032463148,9.531232382534808,2.6773548052558827
6674,16.005582578709436,9.540162140341375,2.6766371351464433
6675,15.088510836196528,9.983474717044455,2.7048955977445024
6676,15.088510836196528,9.983474717044455,2.7048955977445024
6677,15.070444691586086,9.991891405382773,2.7056611068423786
6678,15.052352176590881,10.00030812694862,2.7065550637763534
6679,15.034191222437359,10.008737936459974,2.707337835553388
,,,
6680,15.016063102362207,10.017136245839263,2.7073145621038077
6681,16.18123933236099,9.34253033735955,2.790140909820709
6682,16.177093309785366,9.343997142425126,2.807117666602397
6683,16.167978515320083,9.346889690918115,2.856695023753964
6684,16.153617807241393,9.350764030586824,2.8908491977300135
6685,16.1346627386361,9.355549792125105,2.8940112153355795
6686,16.115330323995742,9.360440676014056,2.89341065047061
6687,16.09596780176595,9.365341883000843,2.8935913882531694
6688,16.076636809227463,9.370224995836082,2.894452635358498
6689,16.05724256271433,9.375107856117836,2.8953061239044104
6690,16.03781718557096,9.379980987628402,2.895811543490297
6691,16.018491571107507,9.384831279355204,2.8951519715556886
6692,15.999106081207088,9.389703205519147,2.895140779229048
6693,15.979772273495543,9.394555922270657,2.8959681851229724
6694,15.960383491807937,9.399405983842549,2.8968494295199556
6695,15.940947430725327,9.40425174178278,2.8974772635029584
6696,15.921611891139557,9.409064817513965,2.8969039716633334
6697,15.88286546177111,9.418729382667175,2.8974887227496375
6698,15.88286546177111,9.418729382667175,2.8974887227496375
6699,15.863482026830434,9.423546696390831,2.8983920305969963
,,,
6700,15.844040697887385,9.428361676108171,2.8991038696775635
6701,16.318756741763078,9.718161756138343,2.7860453162223653
6702,16.314146957805907,9.71990422488383,2.772254662185171
6703,16.30535907970514,9.723240315823883,2.7861386993806003
6704,16.29192160259382,9.727929690489088,2.8209713831785503
6705,16.27406574114661,9.733718397792286,2.829782436354915
6706,16.255082589064692,9.73982664597591,2.829496621695172
6707,16.23605713477172,9.745964529470157,2.829246399140386
6708,16.217064946671204,9.752088829004476,2.8297057285900693
6709,16.19806994147508,9.758201903822206,2.8305954592202545
6710,16.17901331459562,9.764316885313711,2.831432275023574
6711,16.159991738018032,9.770403498421343,2.8314503727678884
6712,16.1409815208557,9.776497668118079,2.8310206586622293
6713,16.12196051194993,9.782596590409623,2.8312678865369647
6714,16.102967627405015,9.788675127597253,2.8321713371754806
6715,16.083912273614125,9.794756325597985,2.8330527605169196
6716,16.06484855727683,9.800821002272734,2.833404809938894
6717,16.045854326903637,9.8068704754525,2.8328218649409735
6718,16.02680629797149,9.812941654260015,2.832864420938967
6719,16.007810197262803,9.818988262305059,2.833748846039209
,,,
6720,15.98875744149944,9.825035339236837,2.8346664742826917
6721,16.352974882674165,9.8121285112239,2.785940701205534
6722,16.348033211166864,9.81405071424825,2.750139598394217
6723,16.338360668487397,9.818268992573746,2.7129107411562807
6724,16.324709265899692,9.824559761863492,2.711652736852834
6725,16.307285488294433,9.832439782329944,2.7213343518740394
6726,16.28909947688231,9.840354542675648,2.7410394037554555
6727,16.270862680402164,9.847848339027252,2.7629781104541546
6728,16.25241854356329,9.854922355445137,2.7850120269831877
6729,16.233655028709034,9.861746514865334,2.8011072250788676
6730,16.214924933963502,9.86820167855166,2.816388810606819
6731,16.196085747855726,9.874504455965106,2.820265202432905
6732,16.177228593355306,9.880734668251241,2.8246325448603247
6733,16.158240594125914,9.886914907827574,2.8298034877502607
6734,16.139160636510937,9.892999756903823,2.8358317235054566
6735,16.120109561845837,9.898966657712778,2.84025493156244
6736,16.101110072655583,9.904821788054473,2.843644886931628
6737,16.08209858181929,9.910627775503912,2.8464327136026952
6738,16.06297965705497,9.916410478569405,2.8490707907658694
6739,16.043772467279997,9.922179631003866,2.8498572074135553
,,,
6740,16.024591566372305,9.927950040083129,2.848459733906605
6741,16.387703171146764,9.905888633553392,2.788370095815109
6742,16.383944374183358,9.907299893035365,2.7666970143643224
6743,16.373907077381674,9.911436141106735,2.7380142579840245
6744,16.358851525135023,9.917897351175975,2.739921770627668
6745,16.34054206008613,9.925414997813142,2.764714684461753
6746,16.32203712890671,9.93251460187761,2.7884279791420163
6747,16.30350011981166,9.939071401061074,2.8136904928914945
6748,16.284707479009008,9.94524181724841,2.834932063813269
6749,16.2657045607047,9.951043102014365,2.8545475259320847
6750,16.246472754812928,9.956637713108073,2.8614478187198933
6751,16.22727005850631,9.962134293942992,2.8647677759974
6752,16.20811796851735,9.967517070203904,2.870480827940779
6753,16.18893816614239,9.97276205984274,2.8788750596815236
6754,16.169587859804704,9.977880441799991,2.883797240594378
6755,16.150134283521698,9.98313465000454,2.8708823415703724
6756,16.13086384308299,9.988643960229567,2.855499862975176
6757,16.11125375413589,9.994471585545952,2.852485493538855
6758,16.092165395078204,10.00009494953503,2.8579365979788793
6759,16.07298109246806,10.005617741265418,2.86434590556018
,,,
6760,16.053712710449453,10.011047074503413,2.869965603388643
6761,15.649614481270271,9.759066130074798,2.7796270443294873
6762,15.645638088369136,9.760547841976264,2.782685582824666
6763,15.637379436584816,9.76346611566319,2.8172072824237095
6764,15.624346120497469,9.767624579999167,2.8396016680434633
6765,15.606532689464098,9.773298251810084,2.8205789870795863
6766,15.587342601492828,9.780030237818444,2.7876217777902945
6767,15.568685041360816,9.78723509779363,2.7585118053767284
6768,15.550181041553538,9.794905652595615,2.7392411416687064
6769,15.531743186812736,9.802921498626096,2.72383082634991
6770,15.513363771168157,9.811225693732633,2.7104073977603953
6771,15.495061346219211,9.819785439352051,2.6981462042179714
6772,15.477068272006717,9.828433492406266,2.689397763125217
6773,15.459257686825765,9.837160792753206,2.6826724997362157
6774,15.441345155602107,9.846076147100515,2.676479290775155
6775,15.423418585855833,9.85514727452994,2.6699201207012533
6776,15.405540811799995,9.864319066583226,2.6652789637548024
6777,15.38778575157552,9.87350792600133,2.6628618271936078
6778,15.370171605912438,9.882671567263465,2.6602803181058734
6779,15.352480397063589,9.891928578986827,2.658351234201397
,,,
6780,15.33474196608366,9.90125560864768,2.6563368185680387
6781,15.614280395190166,9.66551095797065,2.787309692946911
6782,15.6100523385093,9.66697373611173,2.8171733813629225
6783,15.601619046301934,9.66969348090734,2.8307598358478807
6784,15.588637025929577,9.674044929772634,2.8006491984529482
6785,15.570973005323165,9.680748245920412,2.7588166566519656
6786,15.552359489060356,9.688595809123083,2.7285286922545735
6787,15.533952963315507,9.696860154790715,2.7082638805829466
6788,15.515686604609751,9.705634135270666,2.681685708114077
6789,15.497589616445833,9.714736289297104,2.6677323458825355
6790,15.479770449650102,9.724147648737848,2.64368307869155
6791,15.462287061770086,9.733872076393723,2.626816141909822
6792,15.444899534755814,9.743735873528943,2.62330803744911
6793,15.427492188273876,9.753734502570312,2.617815067798044
6794,15.410092702567185,9.76380633263659,2.6164197728380416
6795,15.392813605215958,9.77381803025094,2.616917387400009
6796,15.375604879368659,9.783760408753016,2.61781267139701
6797,15.358330205658476,9.793742590655704,2.617231110779124
6798,15.340999398820232,9.80379839639312,2.6143806881791796
6799,15.32364198461772,9.813919380664155,2.614123449419073
,,,
6800,15.306334387283409,9.823972847220253,2.6176651105472466
6801,15.579234752677435,9.571839170776032,2.7809210679649126
6802,15.574281610999197,9.573708000580982,2.774902950279422
6803,15.561842727953811,9.578562688112678,2.763383839982028
6804,15.544112458616674,9.585867182497454,2.735139510422309
6805,15.525633256981148,9.594181520468604,2.702494621649005
6806,15.507434158798725,9.603061800033567,2.6717736768046145
6807,15.489667879408143,9.612447997876918,2.638366410897855
6808,15.47207752929823,9.622492802968187,2.608519819708252
6809,15.454883480052464,9.632811551323153,2.5944810133438714
6810,15.437848526173585,9.643306014554389,2.5858742506070795
6811,15.420836364193221,9.653911258860365,2.582296401535739
6812,15.403854577482624,9.664551754357802,2.581643950344021
6813,15.38695474989089,9.675146420617484,2.5812330184643852
6814,15.370069680464924,9.685719069449485,2.5828812731712882
6815,15.353156149433966,9.696266780854382,2.5846016485653505
6816,15.336172884010326,9.706832653176676,2.585046043325546
6817,15.319153484145273,9.717426771350233,2.5845138109071324
6818,15.302214427517399,9.72797998388771,2.5838766464503875
6819,15.285267406108362,9.738541300041273,2.584602268802004
,,,
6820,15.26835188846434,9.749045362801938,2.5868408997708263
6821,15.719549047550124,9.946439147647112,2.781376969109847
6822,15.712393155108236,9.949173798558089,2.7655437784822627
6823,15.700654835708503,9.954070838350232,2.7250542313934885
6824,15.687375434491685,9.960166561492857,2.699768828976556
6825,15.670952692735323,9.967874417634311,2.710104421897927
6826,15.65287804647853,9.975999454508804,2.728567162061992
6827,15.63451566660367,9.983831709801429,2.745937274057186
6828,15.616099023607223,9.991406158089251,2.7561579665047753
6829,15.597578495213545,9.998845181483722,2.762695227179982
6830,15.578957796847018,10.006209677921033,2.7671165293823523
6831,15.560397282395053,10.013423034417432,2.774785804170103
6832,15.541743225431457,10.020498967812358,2.782051902836842
6833,15.52310437164937,10.02746591230176,2.7852830507898316
6834,15.50436742662968,10.034418815446543,2.7872417111930177
6835,15.485576827533286,10.041349119355626,2.7893046737359977
6836,15.46683733777435,10.04820277155746,2.7928282894610836
6837,15.448073783376543,10.05497955294973,2.7966857938999037
6838,15.429383745509574,10.061658586375794,2.799480385580185
6839,15.41056571096403,10.068331342745374,2.8017763835868563
,,,
6840,15.391671118967066,10.07500051623782,2.8028728505042113
6841,15.75528150569443,10.039837477167557,2.786752542522183
6842,15.751245689035203,10.041263984600825,2.8006143791101397
6843,15.743153976837464,10.04417199225058,2.7838650567911194
6844,15.730105562648646,10.049276698363698,2.7574740259882633
6845,15.71299065734866,10.056174913396386,2.7633501388847987
6846,15.694358766389884,10.063433988438181,2.776770153179529
6847,15.675745402597071,10.070391699279975,2.7909037218930677
6848,15.657137873188704,10.077052272583813,2.804408763774118
6849,15.63835994097652,10.0834997616128,2.816806335798637
6850,15.619408789459108,10.089764749392717,2.8270416832663483
6851,15.60031273016211,10.095912019446477,2.83431031675573
6852,15.58125917961988,10.101900830104857,2.8407379673084012
6853,15.562289220185646,10.107732680032063,2.8457408849348416
6854,15.543231957721856,10.113485640927436,2.8506785474150296
6855,15.524067813396053,10.119176875088327,2.85535818358529
6856,15.504808700883252,10.124799399931272,2.8602376544174843
6857,15.485570494765879,10.130335133327508,2.863043697097426
6858,15.466433892022309,10.135779188178985,2.8646948312901483
6859,15.447256600292363,10.141227971361747,2.8641135420194375
,,,
6860,15.428004939617374,10.146733829094861,2.8608989753512803
6861,15.790186519980235,10.133559662852146,2.780318062337126
6862,15.785219942613072,10.135472971865505,2.7678275051873777
6863,15.77835198422781,10.138189301240725,2.7553914050684454
6864,15.767923061756509,10.142382685857829,2.7643010597516384
6865,15.751291932466934,10.148743946589201,2.7875284537220204
6866,15.732604380865636,10.1554033120569,2.8102548859950387
6867,15.713855504924416,10.161642717395392,2.8289165774886693
6868,15.6948834919067,10.16761854428106,2.8437400927121037
6869,15.675836493843889,10.173321471204254,2.8568662886380554
6870,15.656708750376724,10.178801916628762,2.867255014291711
6871,15.6183277882754,10.189362142478128,2.87783990143176
6872,15.6183277882754,10.189362142478128,2.87783990143176
6873,15.599038711827289,10.194525146743686,2.8827499429964583
6874,15.579685512287023,10.199584265372664,2.888154996063041
6875,15.560374232894766,10.204524059741846,2.8944455534532465
6876,15.541015449273399,10.209335744961708,2.9003020783451916
6877,15.502262210495134,10.218792292099934,2.9024461669984265
6878,15.502262210495134,10.218792292099934,2.9024461669984265
6879,15.482786044975024,10.22354040301148,2.9023596564187892
,,,
6880,15.463364206619731,10.228270967723898,2.9023916430180376
6881,15.039587917567722,9.974560467064888,2.805962009255129
6882,15.03512266541518,9.976165487220072,2.776632963049963
6883,15.024628323483514,9.980492223826985,2.726985071853697
6884,15.008396341692205,9.9880555223887,2.690028638335218
6885,14.990454359547762,9.996958455624231,2.67140402478796
6886,14.972584065878175,10.006237837561109,2.654423163396388
6887,14.954874908392572,10.015770556328453,2.6406572848908434
6888,14.93739725130879,10.025497007216744,2.6268027659529025
6889,14.91992834962556,10.03552535466503,2.6148354912483893
6890,14.90268501501695,10.04562531716355,2.608484134051961
6891,14.88546284321172,10.055854175567152,2.603280465545774
6892,14.88546284321172,10.055854175567152,2.603280465545774
6893,14.078180048964409,10.644460129575542,2.419992417009719
6894,14.078180048964409,10.644460129575542,2.419992417009719
6895,14.04827218183425,10.671028707332734,2.4102636436669216
6896,14.033346387468727,10.684486333802523,2.405505681037997
6897,14.033346387468727,10.684486333802523,2.405505681037997
6898,14.018542110140915,10.69794289631608,2.4017145652692826
6899,14.003838900081517,10.711419335777853,2.3972783620457636
,,,
6900,13.989204787589001,10.724961924147602,2.3922745950786224
6901,15.007483542264131,9.879853392160522,2.8082959822453266
6902,15.003408091842061,9.88125246391805,2.8172508910560645
6903,14.994259141890078,9.884105552570135,2.860414590274329
6904,14.981748834092564,9.88737912861882,2.90203345777595
6905,14.965131456684963,9.891338214681062,2.9050534554264895
6906,14.945789233161076,9.896064992576962,2.8992938591812853
6907,14.926313803256704,9.900928612411127,2.8943342384623683
6908,14.906911688159415,9.905863352543582,2.890143147071916
6909,14.868268608137427,9.915956807228932,2.8810464144206787
6910,14.868268608137427,9.915956807228932,2.8810464144206787
6911,14.848951275415828,9.92115831373865,2.875921677935713
6912,14.82960358724913,9.926476151387321,2.8708327191103193
6913,14.810334158972015,9.931864511190149,2.8665440019771946
6914,14.791080191849456,9.93733959450706,2.862609079117002
6915,14.77186025853989,9.942886525924573,2.8580490153320235
6916,14.733516243480976,9.954285881104227,2.847374310545489
6917,14.733516243480976,9.954285881104227,2.847374310545489
6918,14.71438859016999,9.96012252690846,2.842991032416796
6919,14.695278121284247,9.966046993962532,2.8390020066849875
,,,
6920,14.676151889460392,9.97206117321647,2.8347856958565787
6921,14.97477011616167,9.785354467657948,2.8080812495015186
6922,14.971642741178147,9.786436908564257,2.8050796189602396
6923,14.95181328292303,9.79263363233785,2.870845976985255
6924,14.95181328292303,9.79263363233785,2.870845976985255
6925,14.93501429992615,9.797110513025459,2.8838340704164533
6926,14.915711073410183,9.802239646231115,2.878433289657227
6927,14.896390605984793,9.80750057677048,2.8730822159644793
6928,14.877141487733656,9.812842200596265,2.8685030897133457
6929,14.857910631243046,9.818271135920678,2.864349534768858
6930,14.838632332583904,9.823798506520165,2.8602058676380713
6931,14.819371017450019,9.829409900347073,2.855478342195874
6932,14.800222679803696,9.835102954592948,2.8497505041031466
6933,14.781115168393175,9.840891255484554,2.8450766140084998
6934,14.762029372717704,9.846765420495524,2.840839504399953
6935,14.742897797463346,9.852741163039305,2.8366294767647364
6936,14.723744164782321,9.858816036012819,2.8321582054913614
6937,14.704711920436052,9.864954437114024,2.8265140798377915
6938,14.68575355862486,9.871182044285195,2.8217755370691395
6939,14.666823492530542,9.877496071950231,2.817453125783513
,,,
6940,15.10564417726365,10.163342546630322,2.808096127395664
6941,15.10564417726365,10.163342546630322,2.808096127395664
6942,15.103094018241793,10.164259814913741,2.796407471755517
6943,15.097928087052166,10.16612767095886,2.7849968401845797
6944,15.089070759714023,10.169368258792815,2.796565152710271
6945,15.073825698574908,10.174647050826353,2.8160299352129377
6946,15.054896359796336,10.180959361040415,2.823309888997845
6947,15.035886383244398,10.187196501008513,2.8243718314390804
6948,14.998017293256323,10.199839244307192,2.8160744184234767
6949,14.998017293256323,10.199839244307192,2.8160744184234767
6950,14.979102102451435,10.206218400165938,2.817786171091375
6951,14.960110336129398,10.212546197289035,2.822590466457185
6952,14.94107344349991,10.218828775041695,2.8219294036843467
6953,14.92209657213195,10.225156326710144,2.817092357530659
6954,14.903189694409699,10.231521427562608,2.816704735637246
6955,14.884275950392148,10.237877470628472,2.8179171450761116
6956,14.865286179915774,10.244230318966814,2.819686345400713
6957,14.846255942755699,10.25057717884203,2.819107730104114
6958,14.827282870201374,10.25695065779963,2.815387691704093
6959,14.808409880478704,10.263362928037614,2.812557976073902
,,,
6960,14.789527591433375,10.26983684651941,2.8099015519344337
6961,15.138346878614456,10.257842933977823,2.8081780450233715
6962,15.134187633850592,10.259316425500717,2.799244378695625
6963,15.12568564989072,10.26245913247614,2.770374712295032
6964,15.114691236672707,10.26686084757631,2.75146903861974
6965,15.09937300229227,10.273130686150578,2.7571541678402824
6966,15.080861502917436,10.280529131032832,2.765174167326936
6967,15.043633403140744,10.294830835733864,2.783513521195683
6968,15.043633403140744,10.294830835733864,2.783513521195683
6969,15.024934408307619,10.301726683364386,2.792104373396278
6970,14.987457008796877,10.314995173709669,2.812048610343905
6971,14.987457008796877,10.314995173709669,2.812048610343905
6972,14.968586580270797,10.321324801264325,2.8241953557665957
6973,14.94976982033479,10.327362701382174,2.83778133643201
6974,14.930725919950303,10.333211227270644,2.849629012581401
6975,14.911615982248808,10.338794633792883,2.864692632734458
6976,14.892488729033511,10.3440545983922,2.8818752793752673
6977,14.873260107950081,10.349058665541486,2.8908217485369097
6978,14.854060503270695,10.353876759507804,2.9006264544245455
6979,14.834671985214705,10.35855140223659,2.9094828139281197
,,,
6980,14.815182344448473,10.363057857688851,2.919218597395788
6981,15.169197611942568,10.352965037566062,2.800497014088037
6982,15.169197611942568,10.352965037566062,2.800497014088037
6983,15.162782946540792,10.355337103963741,2.769951112139176
6984,15.132902142200116,10.367794400939795,2.748066352122733
6985,15.132902142200116,10.367794400939795,2.748066352122733
6986,15.114387792424958,10.375310940294533,2.7644789249698647
6987,15.095944486965251,10.382423672877197,2.782058801178609
6988,15.07735045371831,10.389330028297993,2.789579266491606
6989,15.039784797376617,10.402671549136672,2.8137119868360387
6990,15.039784797376617,10.402671549136672,2.8137119868360387
6991,15.00187016312456,10.414913173705342,2.8453747266514937
6992,15.00187016312456,10.414913173705342,2.8453747266514937
6993,14.963844939148172,10.425736050789247,2.8850059548555262
6994,14.963844939148172,10.425736050789247,2.8850059548555262
6995,14.944552787250974,10.430601470554725,2.902821009434421
6996,14.925265077459848,10.435080111377928,2.9242851787657473
6997,14.905826466704523,10.439217253958565,2.93919435585687
6998,14.886327218829328,10.443030076746673,2.9575813416625785
6999,14.866765962260258,10.446461119825676,2.9806650405746726
,,,
7000,14.847211252677168,10.449375961930153,3.006693302343423
7001,14.411570100630565,10.191966888985688,2.689917788597473
7002,14.401152550493379,10.197038326704998,2.6880067081440515
7003,14.387759574675917,10.20348988608793,2.6946077983869556
7004,14.387759574675917,10.20348988608793,2.6946077983869556
7005,14.372098501777566,10.211042446372302,2.68421336264188
7006,14.354123225053772,10.220227056155721,2.6522744237824667
7007,14.336546042148917,10.229932742203957,2.62238872893913
7008,14.31919727418862,10.240115420378102,2.5992739186058826
7009,14.302094015028485,10.250655487710825,2.579099646313902
7010,14.285139282646272,10.26158243020122,2.5585747651084736
7011,14.268349465802954,10.272889625609697,2.5389309434966276
7012,14.251794759437436,10.284517183386816,2.5197469445498326
7013,14.23563796550911,10.296306169850217,2.5034490683155357
7014,14.219637276650282,10.308404461410428,2.4842598826310853
7015,14.203794157218573,10.320851285343194,2.4689071013954726
7016,14.172588030255762,10.34645774659821,2.438146412542916
7017,14.172588030255762,10.34645774659821,2.438146412542916
7018,14.15735784447074,10.359598142706275,2.4203464932495193
7019,14.142445130345308,10.372960780867407,2.401567495039872
,,,
7020,14.12766248899664,10.386775474326107,2.376120318756956
7021,14.37256730318143,10.099774065670847,2.6991729034677374
7022,14.369647802640968,10.101108231981856,2.7229178262859532
7023,14.349211113776247,10.109315679809558,2.765139927897701
7024,14.349211113776247,10.109315679809558,2.765139927897701
7025,14.333237808079751,10.115862317793082,2.740360143257823
7026,14.297505624296155,10.131754738943417,2.699929262399058
7027,14.297505624296155,10.131754738943417,2.699929262399058
7028,14.27937491936897,10.14056774897132,2.682485910789499
7029,14.26128729344094,10.149667571163965,2.666950106727363
7030,14.243388132309136,10.1590758229826,2.6477503858967446
7031,14.225887497628882,10.168690935743122,2.6310386952530784
7032,14.208447104231125,10.178731061412217,2.605378399503632
7033,14.191218850087207,10.189266955795876,2.5795689985238823
7034,14.174194052751627,10.200335971269853,2.549942428900715
7035,14.157520412512605,10.21186415682587,2.523166070986044
7036,14.141241450571268,10.223691140266146,2.503721141988919
7037,14.125407829524947,10.235627351421783,2.4871926320537416
7038,14.109562255747045,10.24796688594852,2.472465132825532
7039,14.093847910610608,10.260577635532306,2.458001036017769
,,,
7040,14.07864095421372,10.273228170501747,2.436454870856592
7041,14.329740406548604,10.009407274226492,2.6987934869012693
7042,14.326375848778278,10.011025683182424,2.6856546566993953
7043,14.318316053978231,10.015195512973696,2.6367718071518857
7044,14.30633227512053,10.022236624782925,2.5866909882415907
7045,14.291175153886055,10.031848044321995,2.5707457757365964
7046,14.274376315632502,10.042847311472284,2.5518641150720693
7047,14.257704793464699,10.054160438248955,2.538951151847777
7048,14.241126507278656,10.06582339402249,2.5169359324344054
7049,14.224969005149083,10.077766759221623,2.4928980138223995
7050,14.209114957327829,10.090044345025648,2.472370063535178
7051,14.193468622853409,10.102516459331886,2.4659708466294155
7052,14.177828503911261,10.115107001046876,2.4613595147153386
7053,14.16220598632416,10.127795977446034,2.457665783607701
7054,14.146751513042725,10.14046576888918,2.4524218761947036
7055,14.131397172954012,10.1531617742597,2.4490700401867374
7056,14.11603534661457,10.16589050983004,2.450233782353544
7057,14.10059567898031,10.178604780311709,2.4554428282531493
7058,14.0850471209553,10.191335433714942,2.4553277524216632
7059,14.069588311261917,10.204006559787446,2.4552282146583533
,,,
7060,14.054313584412885,10.216599939904375,2.447875571082881
7061,14.501076223612863,10.370854702987481,2.6988488690649817
7062,14.496312601166865,10.373119803795776,2.6975285549485455
7063,14.484332837414213,10.378794872210813,2.700596014592157
7064,14.46832263120637,10.386262871661353,2.711185819230533
7065,14.451048145764199,10.394076123396124,2.7205421586088923
7066,14.432879345087507,10.4021439971159,2.726430971247824
7067,14.414574691472918,10.410189910745737,2.7281535730676634
7068,14.396182073476677,10.418282993258488,2.725674498997878
7069,14.377802812368374,10.4264634299478,2.7205425381726576
7070,14.359701908892612,10.434601807068562,2.7177222264268117
7071,14.323319677148787,10.451017739222907,2.7168963605569645
7072,14.323319677148787,10.451017739222907,2.7168963605569645
7073,14.305039480209237,10.45928903125987,2.7165294339010746
7074,14.268595301801481,10.475737886372961,2.718588904998512
7075,14.250439062272886,10.483909832017398,2.7185634384551034
7076,14.250439062272886,10.483909832017398,2.7185634384551034
7077,14.232220237251473,10.492106548749183,2.7189968944312546
7078,14.213933242106474,10.500331633764059,2.718550581920493
7079,14.195608316706593,10.508593697479068,2.7177069652320784
,,,
7080,14.1774853246316,10.51681256425315,2.713218990803721
7081,14.54394608623906,10.46119704137488,2.6988413603097685
7082,14.539994510636667,10.463076588276707,2.69534962256308
7083,14.528414421595055,10.468642364830716,2.6906521605452562
7084,14.511372564963246,10.476832952540327,2.7005071402578738
7085,14.49329076808938,10.485195164784233,2.7179238493818976
7086,14.475229297680048,10.493148469226238,2.735375373853684
7087,14.456960966686474,10.5008537374529,2.749192815567851
7088,14.438486955607736,10.508393830395148,2.7586561920707005
7089,14.41987842834591,10.515810760803111,2.7668548239016384
7090,14.401272174165118,10.523066104763783,2.77273568564579
7091,14.382705549158736,10.530181110143351,2.777719395942751
7092,14.36409280318377,10.537210511949025,2.7830301191138167
7093,14.34537108947498,10.54417543397322,2.7878796574353584
7094,14.326560193480546,10.551081548622578,2.79176983668165
7095,14.307819063197133,10.557888117550476,2.79434000008055
7096,14.28906015487264,10.564651784362436,2.7961418239589557
7097,14.27031405492411,10.57136736221023,2.7987946699080015
7098,14.251490928261836,10.578056871674804,2.801518148582346
7099,14.232594430226284,10.584723383377847,2.80344018580909
,,,
7100,14.213778273887705,10.591323171918132,2.8042524064939376
7101,14.586796269528227,10.551548563547968,2.699119059826532
7102,14.584376362245063,10.552653411509525,2.717220057645057
7103,14.560995174034636,10.562126209850058,2.776744539666411
7104,14.560995174034636,10.562126209850058,2.776744539666411
7105,14.543583664408324,10.56861550644746,2.7929607668458756
7106,14.50598356243469,10.581485728778432,2.828250404967692
7107,14.50598356243469,10.581485728778432,2.828250404967692
7108,14.50598356243469,10.581485728778432,2.828250404967692
7109,13.5294152220737,10.473256627406416,-2.6053675848577273
7110,13.512315786375531,10.46292111529838,-2.5900754434028777
7111,13.495377151676756,10.452344763804401,-2.5749728117852895
7112,13.47881023438518,10.441618630010431,-2.5595446803253736
7113,13.462354517382604,10.430605016053965,-2.5440798284339974
7114,13.44600041505509,10.419289454774049,-2.5286037744731877
7115,13.429766862982197,10.407687986553352,-2.5132392177903946
7116,13.413744660908298,10.395865948347318,-2.4986528156662096
7117,13.39794995266741,10.383846814103144,-2.4838536459086695
7118,13.382388879940352,10.371626091628748,-2.468079029312829
7119,13.36696268210845,10.359115307828645,-2.4522713511396845
,,,
7120,13.351704555101994,10.346337235958357,-2.4367790497744064
7121,13.855172953205265,10.562143521743774,2.4211216435168605
7122,13.852330327508907,10.564628751185786,2.422326973530363
7123,13.845306757350121,10.570572934292306,2.4575759083028985
7124,13.834959480392401,10.578471230466503,2.516854364689352
7125,13.804987069345215,10.598705360488905,2.56276772845072
7126,13.804987069345215,10.598705360488905,2.56276772845072
7127,13.788251692971741,10.609466132092907,2.5775684252385815
7128,13.771304977796936,10.620013268939761,2.592587705438902
7129,13.754246205081738,10.630269957885407,2.6083659773037713
7130,13.737117486659175,10.640189867906045,2.6238622069318702
7131,13.719840573171538,10.649857362438,2.6389039129649423
7132,13.684640488859499,10.668522933182437,2.6691969094111756
7133,13.684640488859499,10.668522933182437,2.6691969094111756
7134,13.66676459665987,10.677511505523434,2.6843605619417366
7135,13.648945339859674,10.686110570061087,2.6994213369593534
7136,13.631002745037469,10.694436735960299,2.7148122468866274
7137,13.594523136551189,10.710350002462903,2.745629233897221
7138,13.594523136551189,10.710350002462903,2.745629233897221
7139,13.576098356811412,10.717894298563914,2.7602948452817375
,,,
7140,13.55758341985639,10.725158696464403,2.774643224615145
7141,13.789179742607088,10.487009728047504,2.421717481682923
7142,13.78587349693923,10.489855564524847,2.4339321842831967
7143,13.777137540398776,10.497221482366204,2.440190721317476
7144,13.765279885344345,10.507366351737659,2.4254310503184113
7145,13.751879559774663,10.519074395051536,2.4249931050034133
7146,13.736770065598446,10.532034511867595,2.439907222087832
7147,13.721524740415179,10.544709384909432,2.4559503058499472
7148,13.706059499378066,10.557155826549703,2.4717256048357257
7149,13.6904708720381,10.569315542065443,2.486280378640992
7150,13.674626078911862,10.581309216638122,2.501035467055899
7151,13.658549724419771,10.593111086631827,2.515956475622688
7152,13.642298130490072,10.604664052719945,2.5314356823148554
7153,13.6259639732532,10.615886238752102,2.5472669834972566
7154,13.609491851149714,10.626835671317185,2.562339877613289
7155,13.592795018344013,10.637577148542043,2.5774097883277602
7156,13.559000334232445,10.659872488871622,2.514325858302726
7157,13.559000334232445,10.659872488871622,2.514325858302726
7158,13.542780614800618,10.672298184614153,2.4585864957252954
7159,13.527284350184717,10.685635850337736,2.4016503864351404
,,,
7160,13.512807593067578,10.699592075704466,2.3482335707138615
7161,13.723250040207313,10.41182139278478,2.4215698796556033
7162,13.720660964306445,10.414043114093609,2.430670336381936
7163,13.71222572433182,10.421183947623327,2.443477176815358
7164,13.68399062577644,10.445564565259597,2.403244776512995
7165,13.68399062577644,10.445564565259597,2.403244776512995
7166,13.669428948252063,10.459203181139202,2.375579259024712
7167,13.655116553639623,10.47339898624712,2.344201480284087
7168,13.627852992039987,10.50363920320326,2.261507174066115
7169,13.627852992039987,10.50363920320326,2.261507174066115
7170,13.615282287622867,10.519477589003136,2.2227572405519105
7171,13.58075377112726,10.569674865545535,2.1270101812620226
7172,13.58075377112726,10.569674865545535,2.1270101812620226
7173,13.570403985341146,10.586881054420278,2.0975328753968907
7174,13.570403985341146,10.586881054420278,2.0975328753968907
7175,13.560513907442381,10.604427466310026,2.070758678885682
7176,13.551014075800255,10.622323025877522,2.049457124540251
7177,13.54179131282195,10.640179717152707,2.0468202626411247
7178,13.532615676867628,10.657971658381609,2.047419986399609
7179,13.523452193267335,10.675647148185375,2.050097100673639
,,,
7180,13.987053913287289,10.712503681364876,2.4212634198632204
7181,13.987053913287289,10.712503681364876,2.4212634198632204
7182,13.98306085150826,10.7160019216965,2.4262081498087937
7183,13.963232638548728,10.732140609722297,2.4912947886342995
7184,13.963232638548728,10.732140609722297,2.4912947886342995
7185,13.949713431261456,10.742208593274812,2.504372705735324
7186,13.933776433806116,10.754038085317795,2.5008230936200406
7187,13.917711586277607,10.766038199323269,2.4991577716617472
7188,13.901636305528088,10.778040658500794,2.502332331429126
7189,13.869655084730448,10.801700933831587,2.50542219196601
7190,13.869655084730448,10.801700933831587,2.50542219196601
7191,13.85359941690258,10.813558625838468,2.5047205778753105
7192,13.83749677526328,10.825487817134325,2.5029754714872317
7193,13.821375253035232,10.837534293928083,2.4966015472055894
7194,13.805444076071417,10.849600230269576,2.489292858463457
7195,13.789790879920314,10.861613896580675,2.484728821943955
7196,13.758202292726116,10.886198939275491,2.47390467068376
7197,13.758202292726116,10.886198939275491,2.47390467068376
7198,13.742446660930861,10.898717320995916,2.465927260745582
7199,13.726756275753036,10.911329327907806,2.4637025122362006
,,,
7200,14.053040164119222,10.787641584734818,2.421063470359515
7201,14.053040164119222,10.787641584734818,2.421063470359515
7202,14.049362552343382,10.790887714158334,2.4161633479751243
7203,14.039986935770086,10.799154409746073,2.42340768708807
7204,14.02685195473951,10.810296334919753,2.4546175817731903
7205,13.996603429062569,10.833803924898298,2.499123695728452
7206,13.996603429062569,10.833803924898298,2.499123695728452
7207,13.98057590578419,10.845611583540796,2.5119716378082386
7208,13.964359254533893,10.85728093339999,2.5240083837929337
7209,13.947969461460746,10.868845518390202,2.531365610376068
7210,13.931652934008362,10.880166916457295,2.5385347176681576
7211,13.915269107262263,10.891352009076952,2.546569331800324
7212,13.898730720755417,10.902456843048954,2.5537339588772667
7213,13.88205454601715,10.913433110893502,2.5654595954477006
7214,13.865209960669175,10.924316089523758,2.570921617504071
7215,13.84836451844658,10.93512503691197,2.5698800868434786
7216,13.831680092508012,10.945906023110046,2.565466554232089
7217,13.814944059016957,10.956812557547185,2.5624983495311024
7218,13.79817630793365,10.96779150214507,2.560996748835699
7219,13.781385396493544,10.97880305833866,2.5615086318979117
,,,
7220,13.764674229129797,10.989740234432382,2.5618962174712103
7221,14.119009072933956,10.862793022005423,2.421467517984378
7222,14.115804804015497,10.865569722850626,2.428190857489855
7223,14.1064297625115,10.873592267301458,2.436092403027716
7224,14.092809485356739,10.885058488200263,2.448949050719198
7225,14.07814143805459,10.897001013804585,2.468751846610435
7226,14.0625216779711,10.909076243866387,2.4981698689284157
7227,14.046679172455873,10.920612387332971,2.5255041174859403
7228,14.030409930470752,10.931784600109575,2.5545936853805067
7229,13.996914986217035,10.95305045337008,2.590983647677808
7230,13.996914986217035,10.95305045337008,2.590983647677808
7231,13.97985457500564,10.963377683757985,2.6034899302840664
7232,13.962757194989731,10.973428360432207,2.614273638449685
7233,13.945499090285574,10.983351450370307,2.6255728192638204
7234,13.928158152578325,10.993096429597454,2.6325510313448826
7235,13.910741034241315,11.002771224599302,2.636276301133225
7236,13.893216880864689,11.012450708676528,2.637444532036279
7237,13.875637782422363,11.022152771415717,2.63707739363353
7238,13.858283499403978,11.031721079936984,2.636087542994986
7239,13.840918259074906,11.041410146642523,2.6288841002504584
,,,
7240,13.823557877552537,11.051212882487306,2.626299230596064
7241,13.551372315624272,10.870326371613483,2.2386776726533046
7242,13.548379309355264,10.874095709666827,2.2496091159614617
7243,13.542212999391717,10.881444405023986,2.2858574912962824
7244,13.534107063742999,10.890420002550508,2.3150947422888155
7245,13.522937452398864,10.902515603136587,2.31221960933157
7246,13.509497043713745,10.917319084621369,2.303879549285965
7247,13.496103796664855,10.932310411722986,2.2958208545499303
7248,13.48297867907156,10.947254815495425,2.2858391192766785
7249,13.469902469480271,10.962496348456849,2.273813983211824
7250,13.457036117736601,10.977886433649202,2.259461303772049
7251,13.444373817318416,10.993539515590193,2.2421165915622665
7252,13.431979962311363,11.00939510353746,2.226191825440252
7253,13.419870215066858,11.025337780559095,2.214823824998978
7254,13.396126789558162,11.057756633141192,2.1948292360848796
7255,13.396126789558162,11.057756633141192,2.1948292360848796
7256,13.38451607145296,11.073938571399234,2.1915573334879666
7257,13.37289699012123,11.090155510737267,2.193545791938537
7258,13.3612496446965,11.106270032324598,2.199565233022284
7259,13.349481347640044,11.122347224205429,2.208593549937991
,,,
7260,13.337506319092578,11.138258883686222,2.2230814430102095
7261,13.4728698225624,10.80837575551938,2.2383985778400013
7262,13.470469598187282,10.811401536758536,2.2410469397900945
7263,13.464940097440481,10.818133989458078,2.2723966525705976
7264,13.45724176198461,10.82693235161819,2.3002175959306426
7265,13.44608287294271,10.839357038206531,2.29755750304811
7266,13.420163627823502,10.869693902533205,2.257823243119103
7267,13.420163627823502,10.869693902533205,2.257823243119103
7268,13.407608182936537,10.88531197597356,2.236874389524262
7269,13.395338802063836,10.901332033835422,2.211120114223201
7270,13.383439655682164,10.91775185917534,2.1841113972231976
7271,13.371974004095998,10.934569974872302,2.153951445332941
7272,13.361054926052372,10.95160618220146,2.127919378078563
7273,13.35065356031248,10.968828506067975,2.099827219282819
7274,13.340688379222872,10.98634038481305,2.076305147419663
7275,13.33107925781691,11.004096074364387,2.0573168863695064
7276,13.32180666983445,11.021859181927395,2.046814242052382
7277,13.312678379698088,11.039645587188781,2.043208267619749
7278,13.294537389310047,11.075134763505925,2.044174969967077
7279,13.294537389310047,11.075134763505925,2.044174969967077
,,,
7280,13.285403992417734,11.092924290171531,2.046964269664774
7281,13.392679790793979,10.748532268054655,2.2562675873200524
7282,13.392679790793979,10.748532268054655,2.2562675873200524
7283,13.388364811250968,10.75366858354523,2.265125559488614
7284,13.378816988321923,10.774169531365455,2.2287770945089935
7285,13.378816988321923,10.774169531365455,2.2287770945089935
7286,13.37546471636058,10.783193739771763,2.262261152690163
7287,13.367639602094089,10.799878187417791,2.330697694724596
7288,13.367639602094089,10.799878187417791,2.330697694724596
7289,13.367729230003656,10.808915003842586,2.3791305305172217
7290,13.362143249859963,10.816878579054604,2.411389615794126
7291,13.357464303683988,10.823299088583138,2.4431258550430934
7292,13.352326937540345,10.828423063782108,2.478409711601401
7293,13.348600642304161,10.834173795192278,2.522475732060654
7294,13.341479998360843,10.839472998760108,2.558323122024327
7295,13.335210627969197,10.84385748574482,2.5998887845879266
7296,13.329732443626225,10.848115408902364,2.6384524283143875
7297,13.327980836823736,10.85199419841953,2.6787556714941876
7298,13.320882580858013,10.855482345620509,2.690712937053676
7299,13.311255719743988,10.86241768410568,2.7675026303769363
,,,
7300,13.311255719743988,10.86241768410568,2.7675026303769363
7301,13.708437862941551,10.99414238706987,2.2387906355813407
7302,13.706028836554397,10.997143592365772,2.256223250793848
7303,13.700524573870059,11.003541204409267,2.2985729921487437
7304,13.692110379584697,11.012671744937798,2.3224363711478184
7305,13.680194303036206,11.025388379899326,2.3250203635346054
7306,13.666465145831449,11.039814561702721,2.3379407038304865
7307,13.652502715478287,11.054061531042514,2.354800515749201
7308,13.638338567406109,11.067991379269076,2.375519907426637
7309,13.623977328867532,11.081517221017526,2.395846162116948
7310,13.609328280757271,11.094767601983266,2.4167361900704476
7311,13.594342839641799,11.107710058114865,2.4419725990858465
7312,13.578977940845203,11.120324711487779,2.466610783548109
7313,13.563335182971496,11.132560082760623,2.489278625369785
7314,13.531703808853415,11.155960825510693,2.5189159455377044
7315,13.515482201729302,11.167415861278043,2.5351827155963416
7316,13.515482201729302,11.167415861278043,2.5351827155963416
7317,13.499006625074118,11.178661829610002,2.5486358787983505
7318,13.48232148273993,11.189848142105685,2.5513090530471727
7319,13.465717742722683,11.20093153811869,2.5548754165434473
,,,
7320,13.786931603890592,11.05609942657476,2.238558231343727
7321,13.786931603890592,11.05609942657476,2.238558231343727
7322,13.784406087415748,11.059324100575374,2.2258537534796723
7323,13.779130617714792,11.066486427584335,2.180027870451653
7324,13.595564725700964,11.430465674321722,1.0581381633743228
7325,13.595564725700964,11.430465674321722,1.0581381633743228
7326,13.59843678409501,11.440652361847553,1.0213005407521834
7327,13.598455787611321,11.449424832156657,0.9743236755091007
7328,13.602683758439516,11.459500430967369,0.9469028522795406
7329,13.60082218855273,11.469260710259734,0.9136986982484981
7330,13.598390334568123,11.477855083673829,0.8752650982803313
7331,13.604083330355435,11.486099494250471,0.8355745389313637
7332,13.60711312226336,11.490020422661718,0.7968868149047077
7333,13.609671315045839,11.494014698548463,0.7625568337190847
7334,13.609531637512333,11.494697413988467,0.7512772217704081
7335,13.60956982486284,11.494774892614073,0.748993397909652
7336,13.609504960867811,11.494752294955813,0.7509120773673477
7337,13.609483173859916,11.494752594271716,0.7513959803383603
7338,13.609492959992616,11.494786106142158,0.7505438596692685
7339,13.609694508817414,11.495112076555598,0.7391350607410735
,,,
7340,13.865516469748114,11.11792645627435,2.238642682673158
7341,13.865516469748114,11.11792645627435,2.238642682673158
7342,13.859178722949023,11.12544858837505,2.2972691976544555
7343,13.859178722949023,11.12544858837505,2.2972691976544555
7344,13.841522765844438,11.144217173857035,2.3413603957092146
7345,13.841522765844438,11.144217173857035,2.3413603957092146
7346,13.813118517561438,11.17179066711019,2.4012787667990896
7347,13.813118517561438,11.17179066711019,2.4012787667990896
7348,13.798333296097965,11.184909511801349,2.430790140286114
7349,13.7840268987743,11.195914707857582,2.4507253211715287
7350,13.775565417126318,11.19729671593688,2.4162969697631147
7351,13.769140332072292,11.199551282409939,2.3835392521680134
7352,13.763161851557722,11.205226329428985,2.336248287161129
7353,13.750998283776722,11.21694944741006,2.2549497984210927
7354,13.750998283776722,11.21694944741006,2.2549497984210927
7355,13.746339700089989,11.21922824881905,2.23060321838698
7356,13.743704086045268,11.220748905974062,2.2156058459722825
7357,13.740898586686525,11.22430579746568,2.190689199110463
7358,13.73669651237732,11.229599205463883,2.158750839519367
7359,13.732016694722656,11.237064672793956,2.117005521859479
,,,
7360,13.72396875373665,11.238882570828165,2.081769329269539
7361,13.125431269109773,11.210456178710663,2.492688785657395
7362,13.123529848221617,11.211858818756008,2.507420558590034
7363,13.117175894495364,11.216274950930247,2.5554208214953213
7364,13.105506001130356,11.223487667549724,2.6135750152955888
7365,13.08954283619895,11.23240642968186,2.644783708752275
7366,13.07208056593799,11.241545827221737,2.674262675718489
7367,13.054275075116564,11.250203728498988,2.7040142761121198
7368,13.017979391652318,11.265880100537524,2.7643047981027276
7369,12.999623780338036,11.272836112993048,2.794471056891134
7370,12.999623780338036,11.272836112993048,2.794471056891134
7371,12.981002436435015,11.279256623040409,2.8247111429205867
7372,12.962115765522185,11.285136579829603,2.85499703382151
7373,12.943065224141824,11.290444345787515,2.8847315188522593
7374,12.92392064456459,11.295178623299423,2.9138029120468825
7375,12.90544415028391,11.299320599560625,2.9229118151625624
7376,12.886344404518896,11.303593428231185,2.9180795829208575
7377,12.866793181326921,11.308105722583118,2.9112195116793718
7378,12.847262873835769,11.312758631051347,2.9033924146933767
7379,12.827854525515976,11.317565290511267,2.894291784738407
,,,
7380,13.064997218882306,11.13078854796516,2.4926754575698418
7381,13.064997218882306,11.13078854796516,2.4926754575698418
7382,13.061494158831506,11.133448236710986,2.4934657173101265
7383,13.051942995006751,11.140764214510035,2.4786929772192163
7384,13.039058772590424,11.151170652200719,2.442251069203219
7385,13.025559288686921,11.162887861110312,2.4117787288654458
7386,13.010960361924608,11.176086330115533,2.401265140241033
7387,12.99621070021524,11.1896852660752,2.391982792819366
7388,12.981526442719586,11.203432528463654,2.3862657520343213
7389,12.966912437413272,11.217245534947018,2.3831473563071115
7390,12.938023187608636,11.244523817510137,2.3893468211147995
7391,12.938023187608636,11.244523817510137,2.3893468211147995
7392,12.92342481044456,11.258186908758196,2.385676226027819
7393,12.908824874366681,11.271931880824601,2.3873678271035943
7394,12.894175484687391,11.285658973189182,2.390963352080249
7395,12.879656478431727,11.299113728496597,2.399190759791753
7396,12.864999356723185,11.312435425290937,2.408180374729863
7397,12.835103980120527,11.338485291081811,2.4488804136177955
7398,12.835103980120527,11.338485291081811,2.4488804136177955
7399,12.81968179318853,11.35091416709383,2.477236488691795
,,,
7400,13.008239712272246,11.079256807078492,2.659759790264692
7401,13.008239712272246,11.079256807078492,2.659759790264692
7402,13.00464135599331,11.081245041670353,2.6715912159220703
7403,12.993830769104969,11.086617445931157,2.686287696471752
7404,12.976846136881433,11.09490653348485,2.6846119955467995
7405,12.94112019940737,11.112819346279997,2.669199781221192
7406,12.923362508109282,11.12194615263156,2.6645091498426994
7407,12.923362508109282,11.12194615263156,2.6645091498426994
7408,12.905564469084526,11.131209824003488,2.6576146841368486
7409,12.870059012003146,11.1503558832046,2.633346112534799
7410,12.870059012003146,11.1503558832046,2.633346112534799
7411,12.852688059226908,11.160227415816404,2.614215717347868
7412,12.818339809060012,11.181089696704584,2.5823158530608312
7413,12.818339809060012,11.181089696704584,2.5823158530608312
7414,12.801309880240405,11.191875691550011,2.571830078178741
7415,12.784429671180298,11.202835291698795,2.5594911807886556
7416,12.767795531751759,11.21394609768655,2.545520257883003
7417,12.751390223709194,11.225193019451906,2.5362536400580336
7418,12.718547663328252,11.248395387066305,2.5145730715096386
7419,12.718547663328252,11.248395387066305,2.5145730715096386
,,,
7420,13.246297956279268,11.369809949531232,2.4925500359806105
7421,13.246297956279268,11.369809949531232,2.4925500359806105
7422,13.237477181563996,11.376983251365914,2.4285064441015156
7423,13.237477181563996,11.376983251365914,2.4285064441015156
7424,13.227007822507302,11.386303548653416,2.4077928862061473
7425,13.21315466268123,11.398593595875209,2.4283517026938792
7426,13.198095881176226,11.411220339362455,2.4585835884158245
7427,13.18264143939212,11.423521675618039,2.4783824563499945
7428,13.150939766934352,11.447443254375052,2.512779000053432
7429,13.134681042987552,11.459075011529027,2.5281067737960017
7430,13.118347598876047,11.470456296158646,2.538658744536046
7431,13.118347598876047,11.470456296158646,2.538658744536046
7432,13.085480039542524,11.492768594784803,2.5466848418192303
7433,13.085480039542524,11.492768594784803,2.5466848418192303
7434,13.068897308611975,11.503985415917908,2.5470944466563346
7435,13.052260120256992,11.515233790136248,2.5470109914840813
7436,13.03569061731506,11.526456634397952,2.5455373478413157
7437,13.00270898838098,11.548754756186575,2.5500881498493637
7438,13.00270898838098,11.548754756186575,2.5500881498493637
7439,12.986105524258203,11.559802572189579,2.5589370585339046
,,,
7440,12.969372339481016,11.570590998967308,2.5787849460537737
7441,13.30512290584278,11.450666630890678,2.50068482143307
7442,13.30512290584278,11.450666630890678,2.50068482143307
7443,13.29973351421762,11.454494213559286,2.5416885059997516
7444,13.289074155975866,11.461281794926661,2.602180025125379
7445,13.256350360419544,11.479465774160282,2.651507876301202
7446,13.256350360419544,11.479465774160282,2.651507876301202
7447,13.220931972466504,11.497888977786948,2.6678370922479604
7448,13.220931972466504,11.497888977786948,2.6678370922479604
7449,13.203146248363652,11.50690910827596,2.678264202270457
7450,13.185334140512289,11.515834854424806,2.6741923669998764
7451,13.149696386054865,11.53413029173284,2.6574751372877423
7452,13.149696386054865,11.53413029173284,2.6574751372877423
7453,13.13194146098598,11.543600940248934,2.644290339505744
7454,13.114375391942765,11.553287488403722,2.6310185088355933
7455,13.096893306145008,11.563213659199814,2.619216026969339
7456,13.062464138687638,11.583481352123899,2.6029862173791813
7457,13.062464138687638,11.583481352123899,2.6029862173791813
7458,13.04499574944083,11.593923543535448,2.606032336779202
7459,13.01034321139866,11.613647670512117,2.64385696270664
,,,
7460,13.367171942275972,11.529146473097473,2.4926241925787593
7461,13.367171942275972,11.529146473097473,2.4926241925787593
7462,13.36405294033129,11.531533864059417,2.484944307132757
7463,13.354852835854995,11.538653219760068,2.482096739704001
7464,13.341305995872988,11.548959649071383,2.5046202764569654
7465,13.326171486410628,11.559795963388886,2.5402485530423897
7466,13.309913155976774,11.570526535836063,2.575574789497787
7467,13.293131413357868,11.58081522179735,2.6076243412800086
7468,13.275963694373138,11.59059637595682,2.640050763252422
7469,13.258381817877401,11.59985019345102,2.670999582615394
7470,13.24060418870214,11.60870659302924,2.6875301320551435
7471,13.222644584955873,11.617321655478374,2.700797580005283
7472,13.186539643886533,11.63402639320074,2.709402202285881
7473,13.168585129739254,11.64231176727016,2.709376356483175
7474,13.150516245099935,11.650545419935076,2.721260562676218
7475,13.150516245099935,11.650545419935076,2.721260562676218
7476,13.113580906929748,11.665956934796643,2.780578350423713
7477,13.113580906929748,11.665956934796643,2.780578350423713
7478,13.095030246310028,11.672557099687257,2.817387794487429
7479,13.076463779508977,11.678398410196591,2.85665791970837
,,,
7480,13.057427180678404,11.683643275393386,2.8873149880506195
7481,12.595318774076093,11.517839808248807,2.7312308999117914
7482,12.592604720001681,11.519063939504825,2.7249535289521045
7483,12.587301189129485,11.521430537782024,2.7080640399397
7484,12.566627867829212,11.531263652579828,2.6908950813904697
7485,12.566627867829212,11.531263652579828,2.6908950813904697
7486,12.548728973321738,11.540058921323807,2.6785385721661554
7487,12.530717673121837,11.549178931183198,2.6672271783645747
7488,12.512919882675892,11.558417235810992,2.6583808257366712
7489,12.477725499482583,11.577525008697359,2.627722288607013
7490,12.477725499482583,11.577525008697359,2.627722288607013
7491,12.46023730927288,11.58761524860858,2.6071123759814516
7492,12.426043725345213,11.608270723420825,2.586207031008547
7493,12.426043725345213,11.608270723420825,2.586207031008547
7494,12.409093929120713,11.618981084264176,2.5686313622473746
7495,12.39231740575685,11.630070733450868,2.545799442595652
7496,12.375823487468882,11.641361072557444,2.538578619496765
7497,12.359335301159794,11.652752962395283,2.535292264909588
7498,12.342923828464539,11.664119039905644,2.536576450816316
7499,12.326480212815637,11.67547515957582,2.537305924862945
,,,
7500,12.31011336200447,11.686773054760092,2.536872209120078
7501,12.552074342906222,11.42758491015295,2.7433806771141156
7502,12.552074342906222,11.42758491015295,2.7433806771141156
7503,12.54425057476256,11.43063665062959,2.791555443218249
7504,12.53301742278362,11.434459392373725,2.8262431707390454
7505,12.517239245831226,11.439596351866685,2.8170736404087573
7506,12.4989730802272,11.446030679703004,2.7906769998636487
7507,12.480145921082395,11.453158986052044,2.7675952458615916
7508,12.461501677412722,11.460730133798636,2.743698002864991
7509,12.442994267429304,11.46870037472966,2.726117802306701
7510,12.424524858311363,11.477108944141271,2.7018187365947575
7511,12.406439111650494,11.48579311408541,2.6875110689883686
7512,12.388770320044417,11.494592871990141,2.6684169312444648
7513,12.370987084906831,11.503938849557032,2.6471829096503545
7514,12.35332524384001,11.51372644456698,2.6231623478873485
7515,12.31865696470508,11.534645536117305,2.5758024233911794
7516,12.31865696470508,11.534645536117305,2.5758024233911794
7517,12.301790191187369,11.545622619375312,2.551669232574641
7518,12.285457513907645,11.556809345681186,2.5307879811477996
7519,12.269071015272985,11.568500308743678,2.512668706343699
,,,
7520,12.515529902912084,11.334445364024743,2.7312351529050276
7521,12.515529902912084,11.334445364024743,2.7312351529050276
7522,12.505023576508343,11.339084977289335,2.704060701113548
7523,12.505023576508343,11.339084977289335,2.704060701113548
7524,12.492821537799871,11.345211185685251,2.648299570190283
7525,12.477517227081306,11.353858415574615,2.6111595639700913
7526,12.460377748195407,11.364057049485247,2.598469202427843
7527,12.443236058232396,11.37458509760603,2.5825800437888957
7528,12.426208696630463,11.385421116548216,2.5667811054518794
7529,12.40926260067411,11.396690503774238,2.5412040455352325
7530,12.392803489766283,11.408283262549654,2.514579239779106
7531,12.376676342349255,11.420215227295698,2.494891298804785
7532,12.360728583359082,11.432424310548427,2.4813822506562464
7533,12.34487853261781,11.44489034942876,2.468596392106735
7534,12.329161897256832,11.457630868598722,2.4521684086184177
7535,12.313811372566896,11.470494013428379,2.4357106433964986
7536,12.298744640278517,11.483416883759553,2.432431712567568
7537,12.283584682961992,11.496358442757257,2.4374912611224198
7538,12.252903255642302,11.52217295207975,2.446018277453121
7539,12.252903255642302,11.52217295207975,2.446018277453121
,,,
7540,12.675105363367868,11.701235991694556,2.7312299331490943
7541,12.675105363367868,11.701235991694556,2.7312299331490943
7542,12.661122417110874,11.707347005224392,2.7316431907666323
7543,12.661122417110874,11.707347005224392,2.7316431907666323
7544,12.649084461427574,11.712538799470773,2.734337881817601
7545,12.634459082475862,11.718866392631666,2.730266798338695
7546,12.597937514422656,11.734859448367423,2.728098448923347
7547,12.579535511522472,11.742941481254492,2.7275701483075925
7548,12.579535511522472,11.742941481254492,2.7275701483075925
7549,12.561256402005517,11.750978834305915,2.72714774253931
7550,12.54303731345114,11.75899774311003,2.7265643594776163
7551,12.52477267036627,11.767049648009825,2.7259682744638942
7552,12.506447275439836,11.775140020702198,2.725371487313175
7553,12.488069978186692,11.783270327158204,2.7248082417013633
7554,12.469774830580766,11.791377934820845,2.724485989609702
7555,12.451588962641294,11.799439787301129,2.723815330568006
7556,12.433359293337665,11.807536806346967,2.723202893389392
7557,12.415068300431045,11.815672449152737,2.7225985333801805
7558,12.396720860504237,11.823849806343535,2.7220140604154226
7559,12.378414584272228,11.832026675583355,2.7216691953544565
,,,
7560,12.71481463629599,11.79302520256148,2.731131190510543
7561,12.71481463629599,11.79302520256148,2.731131190510543
7562,12.709569012057456,11.795316709858719,2.7282404115825285
7563,12.696636586805568,11.800994128176796,2.726996142881316
7564,12.67895770428553,11.808750184031139,2.7288419059561613
7565,12.660761579371629,11.816709328333218,2.7283985386052434
7566,12.64251960746148,11.824713009086459,2.7277444513261417
7567,12.624216272252708,11.832755583827062,2.7271213161248675
7568,12.605853406089912,11.840838722091314,2.7265062878295514
7569,12.587473339489048,11.848947768941835,2.726045649620397
7570,12.569257233559881,11.856983311810817,2.7255793098035888
7571,12.551042508669786,11.865034470695624,2.7249372076679976
7572,12.532774262170209,11.873123416749449,2.7243016127065265
7573,12.514445880671415,11.881252623790298,2.7236735734208057
7574,12.496083682751307,11.889415228521202,2.723173975640352
7575,12.477862994921349,11.897515163958117,2.722772686367622
7576,12.459681954034501,11.90561273869246,2.7221161156239573
7577,12.441449745634909,11.913747932822266,2.7214632357123327
7578,12.423156276651644,11.921923463303509,2.720823685264918
7579,12.404818016189985,11.930137104053168,2.7202840543584315
,,,
7580,12.386578946389434,11.938308823459499,2.720059830485598
7581,12.754805966901722,11.88467844313367,2.7310844050417575
7582,12.750872669237252,11.886394605998351,2.7253942993554254
7583,12.739394954714111,11.891523896840575,2.7162049572279203
7584,12.721767927653481,11.899564957086247,2.712621151056214
7585,12.703566871520035,11.90789228195279,2.7124981762065303
7586,12.685488695577998,11.916163260578356,2.711714631570711
7587,12.66736814035599,11.924476505068327,2.7110191498320213
7588,12.649184616542371,11.932831900000988,2.7103611710856677
7589,12.630946125660634,11.941229548482083,2.7097354948707597
7590,12.6123716716344,11.949659254327072,2.7271361407988866
7591,12.594072411748002,11.957436214207235,2.752703051137588
7592,12.575739609417893,11.96472063175572,2.7737817784497594
7593,12.557190826553462,11.971612903922349,2.798047975097366
7594,12.538466918966089,11.9779477748264,2.833896682200659
7595,12.518992717641272,11.983888484621392,2.8535231768653335
7596,12.49985758928286,11.989481859648635,2.8602208907681272
7597,12.480791746699195,11.994947521954982,2.8621027038293447
7598,12.442325828597955,12.005957349596596,2.8626670957876144
7599,12.442325828597955,12.005957349596596,2.8626670957876144
,,,
7600,12.423112346556886,12.011469882385969,2.860598521265393
7601,11.99508447116668,11.715249512274928,2.891305465875671
7602,11.992537939443526,11.715849716102216,2.9139128808451606
7603,11.984684071300437,11.717475713957304,2.9500113004956456
7604,11.971087327765755,11.720009877617532,2.9574075649099165
7605,11.95219288467392,11.723713296226647,2.9355827106022505
7606,11.912821729300905,11.73327715797009,2.869445154126537
7607,11.912821729300905,11.73327715797009,2.869445154126537
7608,11.89336594539696,11.739092032253085,2.829675351135522
7609,11.874102296474785,11.745736987972439,2.7886426240824433
7610,11.855123350189412,11.753079445694096,2.7572017604981935
7611,11.836550780798332,11.760983948915218,2.7199395666075143
7612,11.818155799605703,11.769602487757869,2.68664152900331
7613,11.799969583234326,11.778963510943589,2.6440924154124206
7614,11.782643646679212,11.788766087418928,2.6107216558209507
7615,11.765460240475909,11.799097062105142,2.590424358654731
7616,11.74841340974502,11.809829111670899,2.5683113507239583
7617,11.731539050139132,11.820968938789544,2.547516985218048
7618,11.698278787293715,11.844191122440645,2.5227118837406004
7619,11.698278787293715,11.844191122440645,2.5227118837406004
,,,
7620,11.682102565956283,11.855724347717558,2.522975138252755
7621,11.970141269330888,11.618409748940138,2.8908071707857834
7622,11.964287952754509,11.619918719221618,2.8887814356295594
7623,11.951192494502697,11.623294596274269,2.8880985861091686
7624,11.935908728223572,11.627279412621194,2.880449833072531
7625,11.898973748421664,11.638451809845039,2.808403894119463
7626,11.898973748421664,11.638451809845039,2.808403894119463
7627,11.879856583923997,11.645534023326586,2.76316241692429
7628,11.860721413952977,11.653540056929979,2.729053926319283
7629,11.842326010317889,11.661946823798157,2.695804165039965
7630,11.8241114018462,11.671084739282028,2.6563643908994137
7631,11.806221698339765,11.6809767343562,2.6162239341587608
7632,11.788949015826242,11.691349927968425,2.5816562031325416
7633,11.772063306308848,11.702330503842617,2.5476711028763153
7634,11.75551590299503,11.713791605766191,2.523964628138905
7635,11.739168784346017,11.725628898879748,2.505715663691651
7636,11.723012854081496,11.7376590509592,2.4981881282386005
7637,11.69107727004242,11.761546476236234,2.501395211492317
7638,11.69107727004242,11.761546476236234,2.501395211492317
7639,11.67507534672052,11.773431691385387,2.5037226949628844
,,,
7640,11.658992227173222,11.785314308203514,2.5071171213345296
7641,11.945440628154328,11.521509503217699,2.8915257754704955
7642,11.943082476103172,11.522091435826988,2.910086895109648
7643,11.927463149290185,11.525707494373409,2.8944914914632642
7644,11.927463149290185,11.525707494373409,2.8944914914632642
7645,11.910866510679133,11.530206276905789,2.8616236760142337
7646,11.891512897121755,11.5360738853038,2.8312777286168083
7647,11.872386098140495,11.542546676788481,2.79848983727865
7648,11.83460665294368,11.557702049777301,2.7245776751633906
7649,11.83460665294368,11.557702049777301,2.7245776751633906
7650,11.816281709153914,11.566180934965542,2.6910995954189314
7651,11.798307136884766,11.575283066718375,2.652752550170077
7652,11.780580308762856,11.585193597487121,2.609991711686621
7653,11.76322493442359,11.595898444628297,2.5671374226706805
7654,11.72991924336869,11.619182058143481,2.5009557893887355
7655,11.72991924336869,11.619182058143481,2.5009557893887355
7656,11.713892306017168,11.631426097018519,2.4790415112383655
7657,11.698467733629323,11.643609629984033,2.4674665347198608
7658,11.682843749252738,11.656098666568287,2.4677676584576456
7659,11.667218153953952,11.668492028974306,2.474295504818562
,,,
7660,12.044664790419315,11.909006266253035,2.8902178114574153
7661,12.044664790419315,11.909006266253035,2.8902178114574153
7662,12.041424723530556,11.90987565007695,2.8642458054222657
7663,12.03236143879576,11.912682839354712,2.8192949313964095
7664,12.017881715979232,11.917754774565545,2.795184069476045
7665,12.000333962068787,11.92412176583037,2.7884335993190708
7666,11.981526896000107,11.931155049952244,2.7790753013460234
7667,11.962822473994423,11.93832286625545,2.772426028856934
7668,11.944255695113359,11.945603983832179,2.7659560469053126
7669,11.907532260775389,11.960511698971397,2.7456497940926576
7670,11.907532260775389,11.960511698971397,2.7456497940926576
7671,11.889061286953762,11.968302680467842,2.740210954833267
7672,11.870540202820747,11.976334750269363,2.7242491502323483
7673,11.852240519472023,11.984590473107502,2.710980791276024
7674,11.833946529592508,11.99306084314992,2.706459598876294
7675,11.815892343426052,12.001504322329339,2.701404754375914
7676,11.797778373929246,12.01014079766016,2.6913308063258854
7677,11.779755263310204,12.018831986646335,2.693297871497036
7678,11.761690911384253,12.027520030816046,2.6931708970098063
7679,11.74377159434259,12.036118934349915,2.6947735361978173
,,,
7680,11.725809550522287,12.044704793241033,2.696242221638628
7681,12.069382750795613,12.005904514765762,2.890906358376903
7682,12.063846879010308,12.007348034572155,2.883328096547893
7683,12.051987837715746,12.010605972321573,2.8596855439171334
7684,12.037645615845685,12.014990848436637,2.828150151572613
7685,12.021192722977927,12.020464571836813,2.8168269168833806
7686,12.002287334158156,12.026805848847554,2.8189220440207055
7687,11.983275875722478,12.033175727108606,2.817205056661808
7688,11.964218816145312,12.039625731391737,2.8131984546943922
7689,11.94530975461096,12.04610723560267,2.8086834053902106
7690,11.926504363662437,12.05261178775803,2.8085926215060697
7691,11.907641996830824,12.059131595610145,2.808692309996143
7692,11.888713153689901,12.065662411469562,2.8100758413115416
7693,11.850819259035198,12.078682801071885,2.8104383053789124
7694,11.850819259035198,12.078682801071885,2.8104383053789124
7695,11.832004904533333,12.08513805526283,2.8113024693294584
7696,11.813153897977978,12.09156058385442,2.815014115863278
7697,11.794197047034356,12.097965311626501,2.8163187057780537
7698,11.775146923376976,12.104433729568514,2.8117194987843486
7699,11.756371029899732,12.110841086900697,2.8139273346130893
,,,
7700,11.737496492074113,12.1172010494237,2.818790992858684
7701,12.094279120493688,12.102754778384552,2.8910266809325615
7702,12.089087600233633,12.1040819646958,2.889824883136066
7703,12.075946912126675,12.107534729944506,2.8765179348147027
7704,12.059411036627626,12.112152336486256,2.8617311266052727
7705,12.041994471726504,12.11721873922339,2.8565117659822694
7706,12.023001258970789,12.122637696541185,2.871108199274222
7707,12.003809624792728,12.12782579711661,2.8838078003134315
7708,11.984455417377923,12.13284376531555,2.892002722684658
7709,11.965142692759777,12.13768977072747,2.8992151024303454
7710,11.945763167756134,12.142404703362079,2.9059574847377005
7711,11.926432474784203,12.146975657285195,2.9122985957437564
7712,11.907009479280617,12.151451213890835,2.9178538041403526
7713,11.887494049016675,12.155842010090431,2.922939816823356
7714,11.868052515753556,12.160108113073038,2.9275539287444765
7715,11.828998220601742,12.16847440315655,2.9325379447391935
7716,11.828998220601742,12.16847440315655,2.9325379447391935
7717,11.80948265814959,12.17258664684023,2.9356635603292434
7718,11.77037788582855,12.180644623793043,2.9399405529617493
7719,11.77037788582855,12.180644623793043,2.9399405529617493
,,,
7720,11.75080124797561,12.184632534791147,2.940931124267206
7721,11.377598400063796,11.804506108458261,3.1158477248811707
7722,11.373971586733333,11.804545188671232,3.1373676586504424
7723,11.346998747595942,11.803988272542677,-3.1212937282240403
7724,11.346998747595942,11.803988272542677,-3.1212937282240403
7725,11.327674212023872,11.803727101611162,-3.1321976409344163
7726,11.307710053732519,11.803622626759623,-3.141464362940698
7727,11.287747767698235,11.803735319615887,3.129581407135041
7728,11.247436514463024,11.804782269973618,3.0995109427628114
7729,11.247436514463024,11.804782269973618,3.0995109427628114
7730,11.207165365124451,11.807298781338634,3.054400280279258
7731,11.187135247706422,11.809310139326984,3.0286912719157044
7732,11.167112443672679,11.811812925583071,3.006043300125898
7733,11.167112443672679,11.811812925583071,3.006043300125898
7734,11.147033413898903,11.814852385702588,2.976094041382205
7735,11.12709014351601,11.818479223368804,2.947227524026649
7736,11.087274226679527,11.82795209935567,2.8611592760274718
7737,11.087274226679527,11.82795209935567,2.8611592760274718
7738,11.067788795932872,11.834098217460669,2.8104657325270255
7739,11.04873409272465,11.84112170210366,2.765948930746531
,,,
7740,11.030015894918606,11.849002729019556,2.719193547996613
7741,11.37481797055642,11.70454920326261,3.1149789329855766
7742,11.369256421191515,11.704700648186606,3.1177573723159404
7743,11.358578989666562,11.704829188381611,3.1402375832071217
7744,11.344997726220688,11.70466324469843,-3.1251971363377264
7745,11.327274699648262,11.704403917047518,-3.128983214176451
7746,11.307342845333748,11.704083115437099,-3.121751385911091
7747,11.287334607408768,11.7036059315742,-3.113456119425767
7748,11.267322841079409,11.702926520643592,-3.1014282616786564
7749,11.24753714491234,11.70196950820141,-3.085517913614474
7750,11.227835765044068,11.700673636473653,-3.0663112369695362
7751,11.208139408233352,11.698944142923084,-3.0413693233550045
7752,11.188363810425004,11.696748394581492,-3.0207977890670983
7753,11.168613533568774,11.69414088680018,-2.9990670717666257
7754,10.310406501684405,11.234061709761336,-2.2995950389117223
7755,10.310406501684405,11.234061709761336,-2.2995950389117223
7756,10.284195945953922,11.203888688616923,-2.2718995702919553
7757,10.27151583926169,11.188659276905856,-2.258488270391417
7758,10.259059615008137,11.173274625360792,-2.2444473142011367
7759,10.246779788773857,11.157663708192725,-2.230306222986575
,,,
7760,10.234673723518666,11.141822027112356,-2.216272380577064
7761,11.371802202918282,11.604591677369571,3.1098813385308124
7762,11.367580470367267,11.604751784710466,3.0950329937132532
7763,11.359076135284289,11.60508021993668,3.1101804004792504
7764,11.345221939023517,11.60521096277132,-3.131699840510497
7765,11.32649420809614,11.60476910266901,-3.1100923895558226
7766,11.306710866527851,11.604010921851206,-3.0972732380833543
7767,11.28684076739602,11.603000332252147,-3.0842084234036204
7768,11.266927008341057,11.601720662101096,-3.070948201949146
7769,11.247095252101195,11.600176430431569,-3.056707230700225
7770,11.227320992644492,11.598348873106264,-3.0424162720462085
7771,11.207641294500023,11.596256934863112,-3.02914201924187
7772,11.187904088934253,11.593893892564953,-3.0157862770540604
7773,11.168125859794333,11.591259294392081,-3.0022825656203223
7774,11.148376443126006,11.588353397161352,-2.9882452716405608
7775,11.12878319694859,11.585174697073516,-2.973338521223799
7776,11.109303572907123,11.58172617631985,-2.959677730549022
7777,11.089797293749095,11.5779990132076,-2.94601737617386
7778,11.07025906336189,11.57398923389897,-2.9322934534530867
7779,11.05070544952615,11.569707596162202,-2.9184812616395037
,,,
7780,11.03133762698142,11.565192194296873,-2.9043268880015605
7781,11.382252196907302,12.004442922969714,3.1155890207419565
7782,11.375577728552104,12.004595453475293,3.1176658367593895
7783,11.360453675102548,12.004953990942903,3.1171658912691056
7784,11.340821026270834,12.00533989973044,3.128471786422053
7785,11.320934354410811,12.005476685738516,3.1411153478868425
7786,11.301087296859777,12.005348807476544,-3.128533698311768
7787,11.281262096403202,12.004948855774002,-3.1143524756107137
7788,11.261370352759883,12.004265058489667,-3.100161809113181
7789,11.241484840842585,12.003300928295477,-3.0865356970158637
7790,11.22168353502669,12.002084945401686,-3.0738931999196097
7791,11.201811217021218,12.000603302033005,-3.060819716369688
7792,11.182014611091763,11.998860751587113,-3.046745471050447
7793,11.162240211297679,11.996836101145055,-3.0323205420501194
7794,11.142488385585503,11.99452553220234,-3.018285429428599
7795,11.122791931702059,11.991950060089003,-3.0050230633375232
7796,11.10306654195642,11.989107758320186,-2.991701730664493
7797,11.083371418774629,11.985994772494417,-2.9778519863868578
7798,11.06381764161995,11.982616529372955,-2.9629249431927356
7799,11.044340819316988,11.978948277653888,-2.948949235806029
,,,
7800,11.024897377893831,11.975018471468799,-2.93545252351586
7801,11.384502261495948,12.10442992934347,3.115285098876547
7802,11.376652042025148,12.104598658527323,3.1245998575248097
7803,11.36493914157199,12.104641940901582,-3.1362994038248377
7804,11.350369802959671,12.104512824539132,-3.136849927070659
7805,11.331488934846563,12.10471048327679,3.114320562665179
7806,11.311230300361888,12.10558459562556,3.0816980454312795
7807,11.291110549995816,12.107116368740497,3.0491998564248712
7808,11.271009043293374,12.109288933690701,3.0190727414106346
7809,11.25089393268405,12.112041145698306,2.9891759713473225
7810,11.23079680518103,12.1155001560082,2.954012885173915
7811,11.210940468017276,12.119593185728764,2.9232807370851916
7812,11.191370767213451,12.124217198326967,2.8955540446647006
7813,11.171867549234742,12.129397613736693,2.8680210013394922
7814,11.152457267138036,12.135121040505588,2.840977330751527
7815,11.133345579395808,12.141214538536303,2.823791918704911
7816,11.114836038124778,12.147596019836133,2.795444871707839
7817,11.095817885888277,12.154636249033375,2.7755895450789327
7818,11.076933889485312,12.162224693520502,2.7432223537090636
7819,11.0584367807871,12.170242456983193,2.720747817193644
,,,
7820,11.04018761165088,12.178684424195572,2.6948989217373893
7821,11.387341047774555,12.204387319581098,3.115583281274166
7822,11.379340332423066,12.204596288138859,3.1123970032135873
7823,11.364277274438763,12.205149169417822,3.0954689584701742
7824,11.346027872915185,12.206246508635518,3.0657869396421904
7825,11.326367075743683,12.207967666975616,3.0429990087174907
7826,11.30637684729281,12.210145609267519,3.0234399232407476
7827,11.28637339537903,12.21269436017532,3.002484614387708
7828,11.266283479715092,12.21581377119054,2.9734267837924273
7829,11.2463315321188,12.219434610461207,2.951008509603816
7830,11.226779316465107,12.223392536221334,2.932288872411049
7831,11.207231711972467,12.22769738905242,2.916766527090705
7832,11.187631794974303,12.232354237347476,2.899376143975051
7833,11.168243696444158,12.237233090448733,2.8897803458540934
7834,11.14901059975064,12.242330121439423,2.874979887026256
7835,11.129651014907909,12.247752650724868,2.861829978905244
7836,11.110463407494095,12.253392420747799,2.8486238803820227
7837,11.09126688868954,12.259333334899653,2.8321269670091227
7838,11.072164899769083,12.265658049867675,2.8122742862895858
7839,11.053251785365132,12.272288751711827,2.793321834007365
,,,
7840,11.034343420409906,12.279427822180288,2.770606348363306
7841,10.727306985951998,11.82640576613047,3.1057819226123455
7842,10.723537637255127,11.826590997761064,3.083393047758101
7843,10.717381654817805,11.826964743049057,3.071855324473354
7844,10.705711317973439,11.827794575041683,3.0682400367428886
7845,10.687318109492766,11.829281054419273,3.0484758393798552
7846,10.666955365215156,11.831568200945098,3.012702968217228
7847,10.64695594738326,11.834421737555168,2.9864341291023977
7848,10.626919898774503,11.83789673939286,2.9518111875525355
7849,10.607028609573595,11.84210317313634,2.9129228860427965
7850,10.587242653428683,11.847207175297545,2.8631638497449554
7851,10.56783702668515,11.853299204469353,2.811040674054801
7852,10.548696546672586,11.860415177525542,2.7582723667797144
7853,10.529866498372355,11.868658463953276,2.6984742697557613
7854,10.51143788189112,11.87808075495837,2.640474684510342
7855,10.493669382927786,11.888355741138621,2.594934707767789
7856,10.476598634042057,11.899193695759987,2.555949734041569
7857,10.460235459626114,11.9104493266482,2.5236970732786155
7858,10.443868792933436,11.922336409279385,2.50504156302865
7859,10.411736566932447,11.946340100354753,2.4962586575642582
,,,
7860,10.411736566932447,11.946340100354753,2.4962586575642582
7861,10.723774142158607,11.726464692604129,3.1062145823690015
7862,10.717795124064349,11.726748034357687,3.0725248656288384
7863,10.707146559694094,11.727775572373893,3.018954365316786
7864,10.692616633678963,11.729790356312348,2.993772028998033
7865,10.673803109188368,11.732729119273628,2.9756807666411182
7866,10.653828551617952,11.736393187791563,2.9440864534166695
7867,10.633901425602344,11.740702332922643,2.911218434837726
7868,10.614169577460189,11.745782858968541,2.8671856392323747
7869,10.59468427663888,11.751747345231808,2.820196316001943
7870,10.57548237850398,11.75871421423797,2.766432775607029
7871,10.556679662892329,11.76668122969115,2.712780064389782
7872,10.538462161752955,11.775676498565849,2.6525840031953303
7873,10.520670811374167,11.7857793577969,2.597706376380497
7874,10.503419168471963,11.796768241115778,2.552099912817559
7875,10.486674369203197,11.808402295631236,2.5174820685109465
7876,10.47055627890025,11.820335071589174,2.4916128647885776
7877,10.455106634640483,11.832246182977903,2.479736789853507
7878,10.439352149282874,11.84460258983344,2.47303788990004
7879,10.423624257272072,11.857024924498857,2.4744617808092375
,,,
7880,10.407849414981607,11.869392244140379,2.4799114685842625
7881,10.72122771493455,11.626475346975981,3.1088691426061428
7882,10.709683301509116,11.627087015936189,3.067993634498482
7883,10.709683301509116,11.627087015936189,3.067993634498482
7884,10.692912153538279,11.628531887364502,3.047254771452329
7885,10.672923493232666,11.63051843126857,3.035970909901173
7886,10.652962305041985,11.632793911023292,3.0185782598767887
7887,10.633057299054476,11.635482705241689,2.9965142197285677
7888,10.613185391839393,11.638569340610223,2.977103294939344
7889,10.593284325422694,11.642103845507737,2.953537131180395
7890,10.573499689388802,11.646124275516142,2.9277203090659
7891,10.5538228855486,11.650680120240033,2.8988129726899596
7892,10.534158760826575,11.655929419438099,2.8614780322643774
7893,10.514540575475511,11.661993354492592,2.8202894857778764
7894,10.49479207872394,11.669101787281392,2.7684232670700517
7895,10.476024158189736,11.677000574006167,2.715494884768168
7896,10.457632874105322,11.68601922282622,2.65522511791943
7897,10.43976390895543,11.696143391985675,2.597749636994211
7898,10.422566888197847,11.70712306161493,2.5496967332798373
7899,10.405943098068489,11.718780751872439,2.5111506844135913
,,,
7900,10.389753716698632,11.73099958269758,2.48027979504765
7901,10.734006901033638,12.026289298252426,3.1050431995021794
7902,10.731064191888613,12.02641227533455,3.09270455008394
7903,10.724648531077804,12.026683739538546,3.097589709710203
7904,10.711757283824456,12.027213121009812,3.099489623655494
7905,10.693297521233905,12.028202610269295,3.0720733784593417
7906,10.672999192252371,12.030019099542129,3.032473789823937
7907,10.652880034042553,12.03262014239432,2.9921391244416387
7908,10.6327769814099,12.036093306152955,2.9478430236419713
7909,10.612866020926042,12.040461142370756,2.9024488673491096
7910,10.593207979922814,12.045726633670006,2.856960830434749
7911,10.573908155774525,12.051822852494606,2.81471287288493
7912,10.554800446800314,12.058702768536085,2.7748135633186735
7913,10.535874420906577,12.066471147568166,2.7286850987810602
7914,10.51729793594638,12.075111713584757,2.683751965780208
7915,10.499305842745835,12.084415302694389,2.6448906127992884
7916,10.481758897094702,12.09432046139554,2.608356468307519
7917,10.464579261900907,12.104810482645833,2.581091864534783
7918,10.447532946723753,12.115733545208034,2.563071486125503
7919,10.43076956327978,12.126821606146834,2.5534149065725114
,,,
7920,10.41412903524487,12.137942877545491,2.552591645693602
7921,10.736963518871631,12.126242568588015,3.104263977846649
7922,10.731890688471521,12.126514709907278,3.067226716894737
7923,10.722071725468158,12.127439885797736,3.03041510821005
7924,10.708303557740779,12.129032651422893,3.0211384468779734
7925,10.6905050684763,12.131426019664966,2.9905384997419633
7926,10.6703586085287,12.134944195050988,2.9465268044040145
7927,10.650377436217804,12.139334623108102,2.904516814395763
7928,10.630792399942417,12.144460812514508,2.8664337605260126
7929,10.611520971143054,12.15026042230126,2.832301354925422
7930,10.592330018293273,12.156727325339284,2.797308877181119
7931,10.573229417805118,12.164091667025446,2.751667745133809
7932,10.554567388258505,12.17213188308803,2.7175955532960323
7933,10.536223170447148,12.180771329002097,2.6849138902477723
7934,10.518112341451642,12.190021994870962,2.6540575623086413
7935,10.500325220483916,12.19977448505471,2.6262167376519194
7936,10.483101530052865,12.209767986540012,2.605234740353901
7937,10.46595286724968,12.220153905820178,2.58966684996204
7938,10.448909730424127,12.230706954644365,2.584987487249123
7939,10.431866324999968,12.241290563083135,2.5874559942255115
,,,
7940,10.41479383829588,12.251834984652836,2.5898792904999963
7941,10.740723543403407,12.226140266130272,3.108510374764448
7942,10.737090434941484,12.22624866967322,3.105922691738566
7943,10.726106523611119,12.226644837901143,3.103025105314393
7944,10.708884031515272,12.227442815599435,3.083538559226504
7945,10.68965754080363,12.228850231029716,3.051523569414349
7946,10.669566360998212,12.231033203013538,3.0137075581941035
7947,10.649542994413158,12.234004205721753,2.975094529931681
7948,10.629693240157156,12.237688319553895,2.9415091509079696
7949,10.609999499504553,12.241987674992119,2.9109809279451118
7950,10.590421310978726,12.246909053214855,2.8789686311511318
7951,10.570939372406972,12.252481477557136,2.846979270485913
7952,10.55157627510475,12.258670338918604,2.8170017788569885
7953,10.53235605874019,12.265511975588787,2.7816430573701374
7954,10.51360071933683,12.272920522151043,2.748132584703407
7955,10.495164286153658,12.280925045563455,2.716204793375641
7956,10.476879203656479,12.289529372458306,2.689058868696855
7957,10.458810644705997,12.298517015863615,2.671115028258851
7958,10.441000757346124,12.307745471934027,2.6554702173913505
7959,10.423309105342994,12.317262215971299,2.6423991019270816
,,,
7960,10.405746809679833,12.326875127468446,2.638317214562132
7961,10.07969468632268,11.840245664613427,3.1243342706405897
7962,10.073986060767082,11.84032237059604,3.128428091331498
7963,10.06377000072603,11.840276441311998,-3.123552485400019
7964,10.049434431216936,11.839864561322612,-3.1083241248996107
7965,10.029839722360595,11.839241394121052,-3.114074302919526
7966,10.009734009020937,11.838776093129846,-3.123163225061656
7967,9.027326303173332,12.078423459694909,2.6410919577428262
7968,9.027326303173332,12.078423459694909,2.6410919577428262
7969,9.009783346489627,12.088142798989448,2.6293117748009824
7970,8.992288985454625,12.09812359628953,2.6166630884609656
7971,8.974921836461931,12.108320616188676,2.6044897179782764
7972,8.957748115859896,12.118681708168356,2.5930409472383595
7973,8.940757992892536,12.129202291209209,2.580356350289898
7974,8.923851062044195,12.139981424557252,2.5675185068669957
7975,8.907020658487626,12.151017758345713,2.554659110952983
7976,8.89037515056375,12.162231722642884,2.542598949248097
7977,8.87386708376012,12.17364222064436,2.531016384267107
7978,8.857458502532454,12.185267950775831,2.519111311963193
7979,8.841268780901432,12.197040731232619,2.5058751392541807
,,,
7980,8.825171119170562,12.209083877928375,2.492852759293208
7981,10.07733821139811,11.740244856559983,3.1406040592113675
7982,10.069859297196944,11.74007993546702,-3.1049391774888377
7983,10.055474941353895,11.739309198049574,-3.080026541544224
7984,10.036013446247015,11.738152823875778,-3.088114236485744
7985,10.015953985670553,11.737213675928068,-3.1011364561012615
7986,9.99601317842283,11.736521293244419,-3.1129957367096366
7987,9.975978981751313,11.736065531984629,-3.1249730272525587
7988,9.955853762401686,11.735848630659,-3.1370200242148467
7989,9.93565488108146,11.735878721333304,3.1339302348230844
7990,9.915504065091117,11.736162831383945,3.121672377912022
7991,9.895572794956893,11.736681711781745,3.1095818135556486
7992,9.875557434754352,11.737441072208886,3.097344051463594
7993,9.855469048832324,11.738450314407856,3.085045392977287
7994,9.835316795624257,11.739714302313146,3.0727303872642775
7995,9.815252583777246,11.741221473106306,3.0610433642267845
7996,9.795319584468436,11.74294633396153,3.049054096770941
7997,9.77539775296255,11.744918241943802,3.03659139738555
7998,9.75541985085672,11.747146220194157,3.0239770818901803
7999,9.735405612405044,11.749637420646604,3.0113943264507497
,,,
8000,9.715479637741733,11.752363851904361,2.9995567471460975
8001,10.076026393942678,11.640269970501025,3.1217889986091407
8002,10.070347150077415,11.640459124613633,3.0863849291867154
8003,10.058214042742886,11.641470960154917,3.033708672711394
8004,10.040351987753239,11.643702499286304,3.007335434397889
8005,10.020492472297397,11.646499313190246,2.9955698572192233
8006,10.000631941467423,11.649536640969622,2.983908813079231
8007,9.980872366612292,11.652797273463408,2.971083882883295
8008,9.961129348520164,11.656331271380798,2.957855971346477
8009,9.941385990509136,11.660126732177044,2.9450642540475656
8010,9.921776118578832,11.664152400920024,2.933255601708425
8011,9.90214029054813,11.668421021722112,2.9214522281432447
8012,9.882506258256404,11.672936714687026,2.909356952020543
8013,9.863031816781588,11.677673747072655,2.895873169849107
8014,9.843616846725519,11.682674664893684,2.8831214820945807
8015,9.82431386080237,11.687901444779714,2.8711355918063193
8016,9.804995366882254,11.693378240179923,2.8591153200463415
8017,9.785534770882812,11.699223290313283,2.8315785749305666
8018,9.766142623606534,11.706007466264444,2.7793439298135096
8019,9.747103572051154,11.713762350523668,2.7273219835769487
,,,
8020,9.728523524823522,11.722593002322744,2.6651234329971834
8021,10.08160518228507,12.040248546345751,3.121603697121995
8022,10.074502446737693,12.040357427566862,3.1269932659898263
8023,10.063391922459813,12.040370526693298,-3.1345900182485624
8024,10.047442604976153,12.040243749469395,-3.1368832399691926
8025,10.02733937280131,12.040374930010689,3.1225668872313648
8026,10.007003245078552,12.041039036008952,3.092965987832615
8027,9.98687157340134,12.042363740695933,3.0583039871799245
8028,9.966707599826663,12.044425377531613,3.017818751353326
8029,9.946491667105443,12.047437882065825,2.9653829249491093
8030,9.926418436869234,12.051584237593364,2.911143103429065
8031,9.906718294618576,12.056735730313578,2.858286450913637
8032,9.88723590971484,12.06295565392032,2.8078284284047657
8033,9.868005378541763,12.0701582757804,2.7570617410927616
8034,9.849188076578995,12.078325424414931,2.7070288373308875
8035,9.831132993624518,12.087228201664091,2.6597979761058483
8036,9.813402162615176,12.096952418759379,2.6205721886567703
8037,9.79598636309745,12.107349498452585,2.5891070358350814
8038,9.778837364104671,12.11815285741668,2.5712984990152505
8039,9.762029819179851,12.129083985400355,2.559953514377268
,,,
8040,9.74529692943271,12.140168245509864,2.5531975174598953
8041,10.083596703678857,12.140232094067747,3.1124590875933165
8042,10.077030064641585,12.140537007935299,3.0767297164672716
8043,10.065804956400536,12.141362156236404,3.063088016900718
8044,10.051160424731666,12.142570094982766,3.050407536023235
8045,10.032213592974987,12.144679098289226,3.0065154483651972
8046,10.011909315054375,12.14801186342531,2.9499671764135975
8047,9.99185780985626,12.152451364230261,2.9004231724879603
8048,9.97216717538604,12.15775795067825,2.854483478062775
8049,9.952717050851607,12.164016200808232,2.8041089839951066
8050,9.933599838286847,12.171290646871547,2.750749226652895
8051,9.914946189719776,12.179504221944656,2.7055415065444386
8052,9.896732615587823,12.188409761998122,2.66852807843264
8053,9.878799476462616,12.197964639884283,2.6367945056269653
8054,9.861176222239537,12.207988734595576,2.6142426787303594
8055,9.84388041848751,12.218229256697748,2.6000525866646402
8056,9.8268439915306,12.228634258471704,2.586538443727315
8057,9.809868320773433,12.23931281223457,2.574794704983853
8058,9.792970201891073,12.25012423529686,2.5704320870644364
8059,9.776078754921198,12.261034193208058,2.564892776022193
,,,
8060,9.759330530150363,12.271976633933512,2.5615853939544886
8061,10.085536781069166,12.240194643861429,3.1169968867239577
8062,10.079320135736614,12.240430918572791,3.087389703826585
8063,10.065688456188605,12.241420011627131,3.054702794128482
8064,10.04823129358332,12.243181235090793,3.0238833559262988
8065,10.029382635161097,12.245769294440395,2.9835056945294367
8066,10.009337558876224,12.249406854928846,2.942759333287991
8067,9.989396533798724,12.253816980804173,2.9049685334762296
8068,9.969752417648571,12.258933211498238,2.86801097404464
8069,9.950385086634393,12.264798874532842,2.8255956546813583
8070,9.931202203555522,12.27152666669958,2.7825720838941486
8071,9.912277952744859,12.279066426115195,2.742798392334004
8072,9.89365887302484,12.28730611036891,2.707413700920994
8073,9.875435879778513,12.296095369615811,2.677888785951561
8074,9.85754983382824,12.305334718547247,2.653013241375407
8075,9.840130378600051,12.314760164534713,2.6381768711377713
8076,9.822632628882472,12.324501367923734,2.6306772681644164
8077,9.805252661820026,12.334267660268278,2.6293240099972865
8078,9.787844903048446,12.34406678027858,2.6271089821153955
8079,9.770409256615608,12.353947027939176,2.6262427856897586
,,,
8080,9.753061422315547,12.363752244579985,2.6282860865440547
8081,9.42807298253389,11.849527894904153,3.1110606184746046
8082,9.422649651574943,11.849620339791544,3.131930388145259
8083,9.411923005887141,11.849495704746628,-3.1151307285698255
8084,9.395437936238459,11.84894092186518,-3.1074998551709045
8085,9.375359103933082,11.848369609242939,-3.117300927285772
8086,9.355280394954239,11.847939432687944,-3.123984799824939
8087,9.335411826987524,11.847670186217053,-3.133323242458153
8088,9.315402599657494,11.847604582308204,3.1403984502853284
8089,9.295318301224436,11.847708735716774,3.13199389423256
8090,9.275123857394338,11.848008592250793,3.1199555560564884
8091,9.25495992788274,11.848607194249626,3.103299391629243
8092,9.234958085402505,11.849571202042057,3.081349095170707
8093,9.21487338662686,11.851028983094778,3.0564894772600795
8094,9.194740567352767,11.85300228505332,3.030227468750221
8095,9.174600216436886,11.855536021519733,3.002003111950776
8096,9.154783943952493,11.858577945108001,2.9749285462818107
8097,9.134765742673528,11.862410029327329,2.926522879671382
8098,9.11458384678899,11.867404925504129,2.8689718752371287
8099,9.094868218980896,11.87355549587255,2.807488570253364
,,,
8100,9.075812791120667,11.880828086858553,2.7449254899762376
8101,9.423744195031894,11.749625665703908,3.10988692927115
8102,9.413291792177425,11.749956189586824,3.1088863679571417
8103,9.39667977378941,11.750430192529441,3.1170446918440127
8104,9.37842292257832,11.750819882246168,3.1204331196608552
8105,9.358421171536044,11.75129597253388,3.115415617512317
8106,9.33842821563174,11.751873449083991,3.10882530444469
8107,9.318354365588512,11.752618551946407,3.0994630882874503
8108,9.298372022364413,11.753573515660273,3.086573489589709
8109,9.278377457959406,11.754841094943014,3.0668937819180564
8110,9.25826782507929,11.756568871942498,3.0472453069747063
8111,9.238031786881114,11.758660872183222,3.0280070468117968
8112,9.217944984596196,11.76122482280458,2.999553736032834
8113,9.198069003078688,11.764363151380087,2.969836082007488
8114,9.178148859140583,11.768142318182333,2.9348349600483647
8115,9.158251292282452,11.77278558886982,2.8880738816166707
8116,9.138513679403173,11.778423483249279,2.8372611082613655
8117,9.119265876014852,11.785021417065261,2.783097384655118
8118,9.100207344831313,11.792800575849398,2.7223996075319987
8119,9.081669703508954,11.80176895743434,2.6583011230308142
,,,
8120,9.063724465278787,11.811890102336216,2.5999296619446093
8121,9.421712952217842,11.6496171414363,3.1152901937401563
8122,9.413362004784162,11.649790189359097,3.1211884788875244
8123,9.39637510404661,11.650111323210377,3.1233492814680064
8124,9.376285987610169,11.650454903180696,3.1262096155068146
8125,9.356329996995155,11.65072608090316,3.12945008381789
8126,9.336478831648888,11.65090961658009,3.134974647197673
8127,9.316569099241057,11.650980196863337,3.1410303628523804
8128,9.29658422085757,11.650922878628215,-3.1350674202495323
8129,9.256632087322208,11.650248996466019,-3.112124850985808
8130,9.256632087322208,11.650248996466019,-3.112124850985808
8131,9.23679078945784,11.649516490976984,-3.0965021212623878
8132,9.217048574860193,11.648434442763163,-3.0768481421470533
8133,9.19727355446752,11.64694130560553,-3.0549337244171673
8134,9.177475679586161,11.64501310077187,-3.0357668114459537
8135,9.15777047212985,11.642780140887087,-3.0224996048587145
8136,9.138027691465858,11.640286430825578,-3.009125138521729
8137,9.118451201447462,11.637523124386583,-2.9942825705500016
8138,9.09883287073092,11.63451096067727,-2.9872658271941224
8139,9.07892446702704,11.63136929128407,-2.9849796418288443
,,,
8140,9.0591549300352,11.628270650189673,-2.987731626080808
8141,9.433379885004413,12.049463917409113,3.114201166497752
8142,9.426186697866825,12.049533159367856,-3.1364095821495166
8143,9.41506978324772,12.049264601636672,-3.1062083962348095
8144,9.398387938133023,12.048629495271161,-3.1068832322182605
8145,9.378225452889795,12.048122355839366,-3.126886703649132
8146,9.358333171993255,12.048044691625615,3.132320899117024
8147,9.338309437401396,12.048510233920995,3.1038687705934
8148,9.318106890458775,12.049570545615211,3.0727875676192644
8149,9.297816136392544,12.05132725290424,3.034794828094589
8150,9.277726117458085,12.053932879104169,2.9869059030484686
8151,9.257753445447415,12.057611033011277,2.9292196162465864
8152,9.23778935485867,12.062548807395258,2.867717521565299
8153,9.218385243033001,12.068606047061877,2.8112428076947307
8154,9.199380681652372,12.075700139651389,2.75541792539221
8155,9.180788010420395,12.083827716268074,2.7070066975719906
8156,9.162508873119895,12.092782685147094,2.6649352175137397
8157,9.144575779875874,12.102464995310912,2.63096736112896
8158,9.126850185576275,12.112674936529675,2.6090999595109348
8159,9.109642061262779,12.122957059433336,2.598095185406533
,,,
8160,9.09260472788701,12.13336902826798,2.5870961062438758
8161,9.436030596675277,12.14944039489785,3.107099509636258
8162,9.426580094759204,12.149749811702161,3.1100254050611635
8163,9.414085112169227,12.150075613531767,3.1166996846238515
8164,9.398527319746815,12.150528221562904,3.10325217589729
8165,9.378704223323107,12.151673549289967,3.0618800860646807
8166,9.358137885274145,12.153798776642455,3.0125281611550427
8167,9.337842289388616,12.15696444434648,2.9576199726644674
8168,9.317896306281696,12.16124486488588,2.9026329365146855
8169,9.298156475039107,12.166607005579907,2.849813117945092
8170,9.278732337099855,12.172992187349827,2.7967713887816075
8171,9.259753833151242,12.18035118041066,2.7469430184461046
8172,9.241129180504567,12.18862345913846,2.7008489797849884
8173,9.222878949639139,12.197643329844466,2.6661965832835217
8174,9.205025600599484,12.207141771062679,2.638388472251644
8175,9.187723807540925,12.216883436379591,2.6207150487454403
8176,9.170451119095592,12.226926160716152,2.6113218330621146
8177,9.153188241282601,12.237081960668428,2.6080496400594106
8178,9.135897518343183,12.247329867071565,2.6051921458505456
8179,9.118674390567644,12.257591872493824,2.60410723285798
,,,
8180,9.101608434109261,12.267760555606074,2.603792328074841
8181,9.439486991832855,12.24936906286109,3.110115381379136
8182,9.429749586657739,12.249674132114679,3.1078174086746713
8183,9.429749586657739,12.249674132114679,3.1078174086746713
8184,9.429749586657739,12.249674132114679,3.1078174086746713
8185,9.2226599860092,12.973606592753423,0.5531785887151244
8186,9.24021363445389,12.9838264268786,0.49996679296771546
8187,9.258424239080115,12.993155236342686,0.4459821426441319
8188,9.277187437936606,13.001516450393321,0.3916561559792498
8189,9.296382720770238,13.008840106798472,0.3371651570366551
8190,9.315755353985674,13.015072256542627,0.28304914622474897
8191,9.335491674854085,13.02024233386776,0.22840815569810746
8192,9.355547001380536,13.024334970504503,0.17343495372693069
8193,9.375742869571026,13.027318617382088,0.119090544865763
8194,9.39603026012552,13.029203718100424,0.06525048879330735
8195,9.416503886919921,13.029993879157866,0.01100500961380522
8196,9.437066610031637,13.029666583560235,-0.04344225774326743
8197,9.457452302646551,13.028238387797325,-0.09697366358690236
8198,9.47775047092796,13.025721738467672,-0.15093040374208422
8199,9.497866867488181,13.022105813101849,-0.20575423230757064
,,,
8200,9.517786265360499,13.017377601693651,-0.26081412392766695
8201,8.777032185369906,11.888055600947116,2.9491160232698954
8202,8.771924586245088,11.88902889397889,2.9535461673975205
8203,8.759201028911502,11.891460240474165,2.9461009677598926
8204,8.74285638526114,11.894934834872155,2.9166698515238836
8205,8.725477595084069,11.89922249766102,2.8794743579899116
8206,8.705959877293898,11.904999164402401,2.826246150259254
8207,8.686619832062009,11.911884981021535,2.7716467338385367
8208,8.667794932322884,11.919769214929412,2.717001194172284
8209,8.649456823248764,11.928659078053988,2.662586289196402
8210,8.631567989931614,11.938568126815994,2.6079428917792753
8211,8.614189919086595,11.949480480211868,2.553135349401131
8212,8.5975076245342,11.96126244605446,2.499216043980033
8213,8.581453480090667,11.973952999174744,2.4452859410708463
8214,8.566060038215735,11.987537811484492,2.390955107597235
8215,8.551437646135788,12.00192571868704,2.3361582277493174
8216,8.524848059520158,12.032727145141058,2.2269767024404152
8217,8.524848059520158,12.032727145141058,2.2269767024404152
8218,8.512801291652202,12.049280081481779,2.172061006384782
8219,8.501689400593413,12.066447911606357,2.1175782686927187
,,,
8220,8.491557410296247,12.084127868614242,2.0638052372146
8221,8.757800494316534,11.789930497078853,2.9483422059690687
8222,8.75248639751445,11.790996960922298,2.942589006443568
8223,8.742975248700652,11.792915519829377,2.9373860422903304
8224,8.71474494019208,11.799561659133154,2.8701119723489583
8225,8.71474494019208,11.799561659133154,2.8701119723489583
8226,8.695220764680789,11.805574611761097,2.814979192330081
8227,8.676130426077714,11.812605611331318,2.761018599027193
8228,8.657372855767997,11.820696939887878,2.706757581409108
8229,8.621137272277599,11.839972587335408,2.5978554384383847
8230,8.621137272277599,11.839972587335408,2.5978554384383847
8231,8.603937987899224,11.85100101626787,2.544199961353418
8232,8.58734973976539,11.862938209640223,2.4897518896746953
8233,8.572612723077208,11.874631846485064,2.457275807859018
8234,8.557655100585418,11.886829614867775,2.4617508618578903
8235,8.542204236315534,11.899186988593007,2.4713071707476506
8236,8.526550672159804,11.911445030688043,2.483159194010796
8237,8.510733665692895,11.923537399616245,2.4939750795194198
8238,8.49483372858106,11.935461896178431,2.5018634660345125
8239,8.478784609415785,11.94730145572632,2.5106070198124897
,,,
8240,8.462599023766193,11.958999648038104,2.5204230997601385
8241,8.738707863425704,11.691763736772339,2.9487714826859444
8242,8.735526421871064,11.692374401950502,2.9399705414699553
8243,8.727526964963154,11.694154836386184,2.8997556375728912
8244,8.713324878118724,11.698086205104714,2.8464351115216706
8245,8.694982047208134,11.70406174975996,2.805988850598801
8246,8.657264673432016,11.71940338852015,2.7025618540178074
8247,8.657264673432016,11.71940338852015,2.7025618540178074
8248,8.638883071810236,11.728660684409109,2.644171011339877
8249,8.62108871947515,11.738964127887177,2.589184112878416
8250,8.604218553379459,11.749930494048588,2.5398745384750234
8251,8.587910953906826,11.761667683364706,2.496192075927379
8252,8.571796100003954,11.7743025937304,2.4632605736355906
8253,8.555793998024079,11.787251154885883,2.4607675811787075
8254,8.540276735400989,11.79970530799791,2.4701292251701252
8255,8.524603231456872,11.812029686910286,2.4804507361713846
8256,8.508804640524952,11.824225920859039,2.487043799771253
8257,8.492940945210133,11.836321200099619,2.4941656189245833
8258,8.476967819349483,11.848287081950096,2.5024577613259384
8259,8.46096097754173,11.860078724249028,2.5106405605175435
,,,
8260,8.444812980560464,11.871797056967422,2.5167404322485045
8261,8.815408206805694,12.084343143473083,2.94768158660368
8262,8.810664486846058,12.085294940136995,2.937889888030494
8263,8.799715927131214,12.087554411356816,2.9349635359465904
8264,8.787112656981597,12.090236915984327,2.924146741431304
8265,8.770762898219276,12.09411739356176,2.888486226505223
8266,8.751089322575838,12.09980880813495,2.83036570053348
8267,8.731757223523235,12.106636315493809,2.773647206142636
8268,8.713280955084127,12.114282055766703,2.7248611892671173
8269,8.694944370977206,12.122884821323458,2.680555505545963
8270,8.67687501608095,12.132314368627144,2.6415040841226416
8271,8.659166437627846,12.142321489129355,2.6139561586672273
8272,8.641862912421258,12.152542609886813,2.6045567877183746
8273,8.624650225939579,12.16282164081379,2.6019794326184758
8274,8.607527488227571,12.173088186161939,2.6006337822764194
8275,8.590417777221404,12.183369745319999,2.600114458476003
8276,8.57332941796414,12.193645509793267,2.59999897457531
8277,8.556228710377422,12.203912369190165,2.601715901482732
8278,8.52187175567983,12.224387546354373,2.60624991334336
8279,8.52187175567983,12.224387546354373,2.60624991334336
,,,
8280,8.504715277698061,12.234548308963289,2.6073093856966936
8281,8.83464770054431,12.182471442448634,2.949875704019292
8282,8.831048747500192,12.183110019226564,2.9738402071522136
8283,8.821643546171762,12.184539201789342,2.994793646065803
8284,8.807489104090127,12.186759960266514,2.9722917156041984
8285,8.790037219317103,12.190140872817583,2.9270178252936514
8286,8.77152878882662,12.194667075838597,2.8723841712821923
8287,8.732938029639728,12.20772356664429,2.76609303818355
8288,8.732938029639728,12.20772356664429,2.76609303818355
8289,8.695755552416054,12.2241241636665,2.6872043362248985
8290,8.695755552416054,12.2241241636665,2.6872043362248985
8291,8.677652774141006,12.233344489010305,2.6565953672293463
8292,8.659832450708596,12.242908222180985,2.64245647412156
8293,8.6424457149173,12.25245931099738,2.6366910025128836
8294,8.62503701332172,12.262085383336434,2.6356853409609915
8295,8.6075845148,12.271688997820817,2.6422317548647585
8296,8.590022184038679,12.281194254353046,2.648568393768003
8297,8.572358726797951,12.290559537461657,2.660184854479296
8298,8.554443831021896,12.299881027523666,2.6619754529085844
8299,8.536766886493158,12.309056480061159,2.6627595094311665
,,,
8300,8.51907936652638,12.318238323352496,2.6624812039960957
8301,8.853685142684913,12.280646931550919,2.948445479807179
8302,8.83646939806413,12.284268873293438,2.914997006398847
8303,8.83646939806413,12.284268873293438,2.914997006398847
8304,8.823313089533263,12.287505337947412,2.8850811700273518
8305,8.80659601661,12.29217206682203,2.8513023307031764
8306,8.787200184137896,12.298460469942018,2.8039406861667073
8307,8.7681091735185,12.305601738814481,2.7639023444057944
8308,8.749378630269815,12.31342316427797,2.727508193683127
8309,8.730969592092396,12.321809573152354,2.7018468185083235
8310,8.69500488645129,12.339417475490825,2.6743100012122607
8311,8.69500488645129,12.339417475490825,2.6743100012122607
8312,8.677158024267023,12.348504979911619,2.667425236724016
8313,8.659417540436058,12.357601831935803,2.6696674805615768
8314,8.64161097953758,12.36665943349629,2.6723629883730444
8315,8.623732848844162,12.375685217391712,2.675684954399459
8316,8.605962730639774,12.384582759684566,2.679006813191659
8317,8.58808162575371,12.393443543702013,2.6833344927546077
8318,8.570215537008801,12.402183076910333,2.68975806023133
8319,8.534194979655313,12.41928371853986,2.708047112778266
,,,
8320,8.45622120253706,11.985685534236822,2.9864997697610556
8321,8.45622120253706,11.985685534236822,2.9864997697610556
8322,8.452049924479008,11.986332640349636,2.9839407440617047
8323,8.443649565106782,11.987572261908822,3.000267636897803
8324,8.432388280074122,11.989159774410213,2.9966033823534994
8325,8.41606450507088,11.991798349733562,2.961735443243706
8326,8.396576641054773,11.995939744139164,2.900962843469425
8327,8.376893319395037,12.00143078901907,2.8368587707404314
8328,8.338609595676992,12.015983975772594,2.7218222897097215
8329,8.338609595676992,12.015983975772594,2.7218222897097215
8330,8.320192483560586,12.024792069594294,2.6695939616145212
8331,8.302339707927834,12.034357883129767,2.629439551289455
8332,8.284823145314194,12.044557110427165,2.600363354449093
8333,8.267590744603257,12.055057908551012,2.590691568432114
8334,8.250464762118067,12.065574415719384,2.5936306193232075
8335,8.21648810512223,12.08612877753265,2.601407747308353
8336,8.21648810512223,12.08612877753265,2.601407747308353
8337,8.199361950035192,12.096333766480207,2.607456049699684
8338,8.18210927228851,12.106434162105478,2.6166196477088204
8339,8.164715956078258,12.116416710326765,2.6262057092022375
,,,
8340,8.147342307073142,12.126177345165276,2.6335820143145816
8341,8.44089834038803,11.88686068567323,2.987490647544041
8342,8.435742140489852,11.887658261546054,2.9869164374471637
8343,8.422499651074128,11.889754565148927,2.9768612489725
8344,8.404962974756012,11.893001306986436,2.937746860980994
8345,8.38645626439477,11.89728139941354,2.8874926430060683
8346,8.366771652757746,11.902996181904777,2.8291899505595843
8347,8.328562588677741,11.918005657112744,2.7085170737222333
8348,8.328562588677741,11.918005657112744,2.7085170737222333
8349,8.310331787983593,11.926999449456378,2.6585800109256943
8350,8.275100445118003,11.947420352750939,2.5766724108255064
8351,8.275100445118003,11.947420352750939,2.5766724108255064
8352,8.257710537547451,11.958829819560233,2.54947581473141
8353,8.240772557187377,11.97030597987702,2.545045130749213
8354,8.224335739074386,11.981473219494585,2.544144179415998
8355,8.207831611597664,11.992676430960259,2.5463380648548837
8356,8.17456997925978,12.014977600094081,2.5561998385747025
8357,8.17456997925978,12.014977600094081,2.5561998385747025
8358,8.15792868030676,12.025925488306536,2.5631994839715633
8359,8.14129314836256,12.036704555080835,2.5697048240986673
,,,
8360,8.124529540235983,12.047384105285389,2.5789826393287574
8361,8.425414307007866,11.788069298243434,2.9875285497968256
8362,8.419969997322273,11.788913653568493,2.9938517343935076
8363,8.410400135272923,11.79021040574631,3.0143254750051334
8364,8.398254397535053,11.791685121298462,3.01799661162122
8365,8.381147004012002,11.794014959640037,2.991677690866225
8366,8.361115561237687,11.797410880994585,2.954766947227788
8367,8.34130422533485,11.801541501977288,2.9163802510868573
8368,8.321595918251283,11.806557113045608,2.8648602858767735
8369,8.302029874713273,11.812660323093509,2.8130047766908555
8370,8.282731164273844,11.819841881723544,2.756770921994665
8371,8.263969342372013,11.828033127599356,2.7018785025737646
8372,8.245927156403715,11.837085892959294,2.6509449365632674
8373,8.228192892027158,11.847104139625083,2.603282215080122
8374,8.210929389971463,11.857919613263919,2.5604417952693814
8375,8.194124652451507,11.869380262352191,2.528467241842786
8376,8.177763222509327,11.880964469436426,2.5266839243180788
8377,8.16138712869392,11.892462491263492,2.532358342198904
8378,8.145023627951465,11.90381269851359,2.537741783999296
8379,8.112118511759899,11.926309776048274,2.5458027557223644
,,,
8380,8.112118511759899,11.926309776048274,2.5458027557223644
8381,8.486872605862386,12.183318248378589,2.9875062094238403
8382,8.48153486391501,12.184162760445123,2.980233333913708
8383,8.470445474959561,12.186151302031178,2.940306093272773
8384,8.455845927744475,12.189582082380396,2.880210850723497
8385,8.438775736875051,12.1945971070297,2.830816143480999
8386,8.419559695997084,12.201338757699984,2.778322887527849
8387,8.400613002246798,12.20904469528568,2.7330163110873484
8388,8.382114734472305,12.217477359058032,2.6946067473678457
8389,8.363959122078645,12.226531371088207,2.6655695866393994
8390,8.346154688632756,12.235873791729862,2.6519278430081
8391,8.311277788760787,12.254615246992579,2.6551591593342825
8392,8.311277788760787,12.254615246992579,2.6551591593342825
8393,8.293657144170606,12.263775517996097,2.668675005763514
8394,8.275920388629654,12.272768931978714,2.6752822394105054
8395,8.258059004077428,12.281706642183153,2.6792533724355487
8396,8.240248845534088,12.290555420154504,2.681368325404423
8397,8.222338020508161,12.299397778698124,2.6849615541625322
8398,8.204370735017282,12.308139210814591,2.692126395834955
8399,8.204370735017282,12.308139210814591,2.692126395834955
,,,
8400,7.256623335995104,12.607265039725236,2.978628034816655
8401,8.50247208875938,12.282096520822067,2.98720592321952
8402,8.498730018257493,12.282707434109133,2.969944511641751
8403,8.489956678038165,12.284440480531453,2.91978763317982
8404,8.476572916317364,12.287742331123695,2.884974759481804
8405,8.459035942302405,12.292335864127047,2.888761324517511
8406,8.439711885369787,12.297266315739423,2.894970538392876
8407,8.420354787706167,12.30207031674697,2.900461215959269
8408,8.401034218860064,12.306779391393778,2.904939220523211
8409,8.3815978952346,12.311412681235522,2.9098454593889165
8410,8.362170060306381,12.3159332839424,2.915629253311245
8411,8.342724748789621,12.32034310522749,2.921903790595439
8412,8.323264787666972,12.324620191079845,2.9274985867685834
8413,8.284282395591884,12.33290920107661,2.9370253211033046
8414,8.284282395591884,12.33290920107661,2.9370253211033046
8415,8.264687872052505,12.336911167786884,2.942456836702437
8416,8.245137785136649,12.34079483223601,2.9487872468380667
8417,8.225590165840112,12.344541500693522,2.9544799840009053
8418,8.206059894104976,12.348189063254775,2.9592738306408606
8419,8.186412427533648,12.35176524414662,2.9642506593618907
,,,
8420,8.16669314124991,12.355241601494715,2.969510460389191
8421,8.51787846088249,12.380898769828663,2.9874161672339397
8422,8.515708184301063,12.381222936951138,2.9809762612797535
8423,8.50900320536544,12.382406134452465,2.9471605536877785
8424,8.495808370878681,12.385298698896394,2.9099398640119625
8425,8.477597161273971,12.389679757650159,2.905982860328489
8426,8.458130757219722,12.39429915110801,2.9119008874207113
8427,8.438751700227941,12.398760687098616,2.9177753263883734
8428,8.419381421754979,12.403114576582196,2.9228912509757947
8429,8.399902242131011,12.40739017236739,2.9281208714552314
8430,8.380322300680053,12.411586049404205,2.9334044414497367
8431,8.360689581293695,12.41568002418144,2.939020388092496
8432,8.341185907019666,12.41961982721627,2.944921317130052
8433,8.302135347271845,12.427180507190982,2.9555040729178526
8434,8.302135347271845,12.427180507190982,2.9555040729178526
8435,8.26270527149794,12.434397510944148,2.9664209446274072
8436,8.26270527149794,12.434397510944148,2.9664209446274072
8437,8.223482839300459,12.441107010833505,2.9775889292297895
8438,8.223482839300459,12.441107010833505,2.9775889292297895
8439,8.184074854011735,12.447405771981417,2.988532509576652
,,,
8440,8.184074854011735,12.447405771981417,2.988532509576652
8441,7.824136867321786,12.023924168179384,3.1031643956900092
8442,7.822608262445474,12.024074595055705,3.102317240090735
8443,7.819326367011646,12.02415408893764,3.1028841281213384
8444,7.810614097926046,12.024480368450613,3.1037847201536657
8445,7.793865356651233,12.025114898470768,3.103896627458969
8446,7.7738194645875005,12.025824851569315,3.1094601553582133
8447,7.753821957554897,12.026421720100666,3.114507601106619
8448,7.734638318230756,12.026958211174989,3.1053129285919656
8449,7.714678648789035,12.027995947177596,3.0725794770696337
8450,7.6943841632616765,12.029818649986217,3.0301248387284536
8451,7.67405909145723,12.032657511075875,2.973521338337899
8452,7.654196866603015,12.036651073408168,2.910704731681314
8453,7.634370553547425,12.04190413604864,2.8544258616706983
8454,7.614852819568546,12.048205413707203,2.8036908396800357
8455,7.595898747793843,12.055344455557865,2.7557327107214316
8456,7.577343987869256,12.063407923247691,2.706213745964242
8457,7.5591105721986445,12.07235888900645,2.6653643143916788
8458,7.523503654113943,12.091570923225692,2.6444428010685197
8459,7.523503654113943,12.091570923225692,2.6444428010685197
,,,
8460,7.82029451859815,11.923992263803324,3.103069903780521
8461,7.82029451859815,11.923992263803324,3.103069903780521
8462,7.816780733554196,11.924129441044942,3.09787028417639
8463,7.787079388185015,11.925597127950814,3.083332054434786
8464,7.767437453336435,11.92691934726307,3.0627592363229432
8465,7.767437453336435,11.92691934726307,3.0627592363229432
8466,7.747312475135758,11.928778998898844,3.03454321691389
8467,7.727024846095157,11.931301276882442,2.999181740437539
8468,7.706884471926171,11.93463409556745,2.952529767777537
8469,7.687152911413306,11.938974051704905,2.8956211608272966
8470,7.667480325768849,11.944516325654167,2.83748291189667
8471,7.629059151046429,11.958692442292989,2.7394456247806938
8472,7.629059151046429,11.958692442292989,2.7394456247806938
8473,7.610488032489876,11.967105286651428,2.691220874538564
8474,7.57516272248402,11.98595165193601,2.615038418208701
8475,7.5580487594140235,11.996067319834607,2.6052531124584783
8476,7.5580487594140235,11.996067319834607,2.6052531124584783
8477,7.540605531288034,12.006419961307643,2.6093114901336136
8478,7.523402666285154,12.016390080955638,2.6235605797426422
8479,7.5060645496748934,12.026076231784717,2.641009707741162
,,,
8480,7.488577118427497,12.035472438641293,2.655177636443909
8481,7.816441678517048,11.824070526014026,3.103208224715195
8482,7.812538593680099,11.82420056208451,3.1130984851500463
8483,7.803530124672585,11.824242900241138,-3.126030473633258
8484,7.7908367467129205,11.823786371684784,-3.0943453602436395
8485,7.773477291146086,11.822944373260702,-3.0978653033290793
8486,7.753900144690982,11.822114386474489,-3.099288364480961
8487,7.733902862545039,11.821264995143967,-3.099194658011296
8488,7.7140164427153195,11.820402617901902,-3.097890642237358
8489,7.6940686021217655,11.81950024119769,-3.0945509649107596
8490,7.674136213470759,11.818514309798942,-3.0906687016072474
8491,7.634302407634617,11.81622568888148,-3.076130303098657
8492,7.634302407634617,11.81622568888148,-3.076130303098657
8493,7.614337898715477,11.81481121202729,-3.0656553211930735
8494,7.5945649646970566,11.813137279211073,-3.048170801664625
8495,7.574948560920715,11.811117415566452,-3.030491829204042
8496,7.555276547780392,11.808749424275405,-3.0133467180139593
8497,7.535595446302086,11.806015348632979,-2.9935751052354362
8498,7.515933111156644,11.80286550973143,-2.971272320416247
8499,7.496335137511985,11.799280582786285,-2.9492707167226886
,,,
8500,7.831797635502455,12.223773751728036,3.103187146664276
8501,7.826652522323943,12.223977296518298,3.102139131606024
8502,7.826652522323943,12.223977296518298,3.102139131606024
8503,7.813367779400093,12.224532037851713,3.0951132389807823
8504,7.795804822972429,12.225580098186857,3.066952374378262
8505,7.777635078750958,12.22729245419444,3.0216865755365823
8506,7.757595976366718,12.230354391187651,2.9578960308465745
8507,7.737561220862174,12.234668610370838,2.9020050238032518
8508,7.717937728763663,12.23994856923111,2.85543897900599
8509,7.698595688569635,12.246060162577145,2.8151285601119596
8510,7.6794284682487595,12.252978579438198,2.7745020086135592
8511,7.660498517643679,12.260693154614897,2.7342740389779463
8512,7.642006137925054,12.269039916190142,2.699736616046652
8513,7.624474962108803,12.277539950299312,2.6851835044660963
8514,7.588624636521216,12.294486076715563,2.7174769837161215
8515,7.570371330444489,12.302535472646069,2.735407978280986
8516,7.570371330444489,12.302535472646069,2.735407978280986
8517,7.5517552623355515,12.31037830181476,2.748090176507799
8518,7.533386463605891,12.318036362839036,2.742478243495176
8519,7.5150078477880795,12.32588208110981,2.733617852757885
,,,
8520,7.496641331009711,12.333835735224334,2.732335747510982
8521,7.8356325318392495,12.323704920227753,3.103090667603409
8522,7.832956769103919,12.323842190579727,3.097612861570955
8523,7.828235476592479,12.324037612668718,3.0930539928935046
8524,7.81941921504177,12.32446090483845,3.09102974430133
8525,7.7863095774277715,12.32718006079423,3.017113173918716
8526,7.7667476505356,12.33015524939874,2.9625271269179687
8527,7.7667476505356,12.33015524939874,2.9625271269179687
8528,7.746720103888664,12.334335580287862,2.9103380364681772
8529,7.726966509597399,12.339380286860399,2.8734211116508246
8530,7.7074292383137575,12.345109840604492,2.8370252701706704
8531,7.688295965314538,12.35149875297888,2.799724631601287
8532,7.669370974156756,12.35859443848978,2.765647229025946
8533,7.6506738801100065,12.36629071353194,2.7396585403858302
8534,7.632185690213378,12.374212027661148,2.735999685722892
8535,7.613598773692722,12.38213401491233,2.743588307278412
8536,7.59527129701641,12.389714031825758,2.7542752923703073
8537,7.576865397317654,12.397114762846918,2.763960060158161
8538,7.558288088189061,12.404449061411494,2.766678562106542
8539,7.539622275040733,12.411790168131954,2.7668448454858194
,,,
8540,7.520969608747598,12.419107042605113,2.769109051102964
8541,7.839495212882955,12.423623324421733,3.103021026338488
8542,7.836745298730122,12.423725237701593,3.095848260699915
8543,7.826900924745175,12.42422099296808,3.0856075867188153
8544,7.8108345178634035,12.425277571532837,3.0622166081447872
8545,7.792845206849904,12.426976626956778,3.030327761273978
8546,7.773195362547685,12.429574483252066,2.9876463304447407
8547,7.753085302136319,12.433131485847758,2.9446988892011547
8548,7.733135844810364,12.437546673077646,2.9019979798827134
8549,7.71353946511785,12.442727638014764,2.86447672432233
8550,7.6941985422171415,12.44858417042382,2.830097991679901
8551,7.675016266122854,12.455088041219108,2.798817911610805
8552,7.656013883733594,12.462238418083508,2.7688846365881434
8553,7.636789079088286,12.469822492075766,2.7658586111985968
8554,7.61810673472321,12.477074767100444,2.778631014105417
8555,7.5995538060485455,12.483971608835654,2.792348905212298
8556,7.580812792525704,12.490700164749311,2.8009925932629076
8557,7.561927057846615,12.497326829630099,2.807593711003202
8558,7.54294842831832,12.503879623479312,2.811244815678943
8559,7.524130113196887,12.510298297207187,2.8135610161309175
,,,
8560,7.177036635950384,12.039606437698621,3.1267291968216346
8561,7.171638100224032,12.039690939543407,3.126253055929945
8562,7.171638100224032,12.039690939543407,3.126253055929945
8563,7.158763646118521,12.039889706249333,3.125061009778039
8564,7.142692667146038,12.04017210065928,3.123310574274944
8565,7.124574246617226,12.040514579090626,3.121658046555749
8566,7.104637871885174,12.040886697330857,3.124005663033359
8567,7.084620304390282,12.041222113807427,3.125641973430772
8568,7.064533876266178,12.04153873557553,3.126022446951894
8569,7.024612843092467,12.042207474976484,3.123795338869124
8570,7.024612843092467,12.042207474976484,3.123795338869124
8571,7.004669770734478,12.042569535922542,3.1229388202249506
8572,6.984660652183565,12.04293650702283,3.1234065278635414
8573,6.944493036642,12.043741284297793,3.120112543001819
8574,6.944493036642,12.043741284297793,3.120112543001819
8575,6.924599797429442,12.044190430172485,3.1172245056197205
8576,6.904661123623577,12.044715292231214,3.1134683931165474
8577,6.884626670072481,12.045339538356203,3.1069221125487885
8578,6.84444698104824,12.04699098581143,3.089729695813619
8579,6.84444698104824,12.04699098581143,3.089729695813619
,,,
8580,6.824417418268998,12.048158210675247,3.0747921758483714
8581,7.175585807982283,11.939616181868027,3.1266355915256785
8582,7.171174420786982,11.939695634508757,3.1225572140085553
8583,7.159534074065769,11.939883385696042,3.1289737300449745
8584,7.1433914672639895,11.939831579711765,-3.1226726762858403
8585,7.124964865216006,11.939247551395573,-3.1025833985839593
8586,7.104657383023639,11.938435411345369,-3.103821984190557
8587,7.084659586085633,11.937731441638187,-3.108822101102655
8588,7.064589397292026,11.93712468860231,-3.1140074247476424
8589,7.0447113617824595,11.93667213534772,-3.1246070534227757
8590,7.004778778155418,11.936318300824034,-3.135507497909816
8591,6.984825639495351,11.936178871477164,-3.1342043255434127
8592,6.984825639495351,11.936178871477164,-3.1342043255434127
8593,6.964824268766992,11.936004715928709,-3.131157893968252
8594,6.944815800175544,11.935771198938395,-3.1293874496829783
8595,6.9248594331344915,11.93554206798921,-3.1312788564210305
8596,6.904826579490448,11.935375297253053,-3.1355949633600724
8597,6.8848400864011685,11.93529215635221,-3.139566532365648
8598,6.8647861208796135,11.93530107403825,3.138671478200859
8599,6.8448048307409035,11.935370535651977,3.13759323377376
,,,
8600,6.82482734300512,11.935469968225243,3.1354356112575354
8601,7.174105911374981,11.839624853247415,3.126469729455073
8602,7.162533267053212,11.840226086005375,3.0615970482073314
8603,7.162533267053212,11.840226086005375,3.0615970482073314
8604,7.148071641803323,11.84153143629621,3.0474946394907283
8605,7.130569441515858,11.843151482562288,3.046908537589665
8606,7.110660466455378,11.845204782515252,3.0297008516239834
8607,7.0905635634565565,11.847679725049167,3.007064396226118
8608,7.070506368017401,11.850689249591829,2.9770678211619983
8609,7.050872340055542,11.854283828476742,2.942209678517826
8610,7.031031552458826,11.858690638354348,2.898599430315561
8611,6.991854657885944,11.870424453639467,2.806895292881894
8612,6.991854657885944,11.870424453639467,2.806895292881894
8613,6.973170602021487,11.877416367045882,2.756273227352657
8614,6.973170602021487,11.877416367045882,2.756273227352657
8615,6.922897294698024,12.715657571380563,0.5294642637150079
8616,6.922897294698024,12.715657571380563,0.5294642637150079
8617,6.958917474864481,12.734732122317032,0.44382920210725274
8618,6.977574828603014,12.743118498703712,0.4004270450361259
8619,6.977574828603014,12.743118498703712,0.4004270450361259
,,,
8620,7.180081280335667,12.23957542376352,3.126731351062284
8621,7.180081280335667,12.23957542376352,3.126731351062284
8622,7.176014100377943,12.23965068646636,3.124337324956328
8623,7.164367474967393,12.239840301923756,3.124919856251139
8624,7.15013646340817,12.240078607295162,3.1220506026608152
8625,7.113667507087167,12.241628277333328,3.0639847949622214
8626,7.113667507087167,12.241628277333328,3.0639847949622214
8627,7.073293741304521,12.246512019638176,2.97764675563976
8628,7.073293741304521,12.246512019638176,2.97764675563976
8629,7.033519044954733,12.254860994765302,2.890975403013427
8630,7.033519044954733,12.254860994765302,2.890975403013427
8631,7.013843422203498,12.260351891450359,2.8474745283130125
8632,6.994515157276372,12.266647010952132,2.8048263055403484
8633,6.956637401982409,12.281738262440035,2.718936562135838
8634,6.956637401982409,12.281738262440035,2.718936562135838
8635,6.938356359186291,12.290450185156208,2.674094768231715
8636,6.920466420023499,12.299959944715777,2.630943990614444
8637,6.9029741952377695,12.310253057318276,2.587716442605796
8638,6.885875441802499,12.321339075483166,2.5442733418448458
8639,6.869231039852534,12.333192378688612,2.5008167434524653
,,,
8640,7.181572298940315,12.339562550660224,3.126734350048489
8641,7.181572298940315,12.339562550660224,3.126734350048489
8642,7.1789148042087625,12.339644821798307,3.106789155955249
8643,7.172249882856801,12.34002380226468,3.059420788339079
8644,7.162521566313776,12.340983817394356,3.0286598652378514
8645,7.147391557528418,12.342832114205537,3.010362856667182
8646,7.127713621489945,12.345810464394436,2.9700889599537152
8647,7.107647287730287,12.349734214715955,2.926717902841619
8648,7.08791359047716,12.35447152825385,2.8846587231814897
8649,7.068311433655321,12.360063589985531,2.8419429340363997
8650,7.048947399440175,12.366496636549448,2.7986154962217595
8651,7.02991648389678,12.37375628266462,2.7547803562235957
8652,7.011323591289921,12.381791957933276,2.711801376112897
8653,6.993028930820556,12.390650812592172,2.668661614775123
8654,6.975059766867756,12.400333423759205,2.6253260071883258
8655,6.957498341261603,12.410801345915011,2.5821039546736784
8656,6.940506726612119,12.421942466529574,2.539790015081685
8657,6.924010435388916,12.433786626776378,2.496428408344862
8658,6.908107014334045,12.446318156922588,2.451886941286269
8659,6.877946069042055,12.473461296079584,2.365457277806727
,,,
8660,7.183056709597261,12.439552026797793,3.126741202156809
8661,7.183056709597261,12.439552026797793,3.126741202156809
8662,7.178609755124074,12.439634736355403,3.126473682463071
8663,7.167543837080142,12.439766600472396,3.132616453916231
8664,7.154158151314442,12.439828847759289,3.1353099754648412
8665,7.137166351264329,12.440109723396677,3.1073964388835478
8666,7.116926918496026,12.441301067199099,3.057549818342006
8667,7.096697553297482,12.44346690317922,3.0117405745357506
8668,7.076669511119763,12.446519597794095,2.968208140951529
8669,7.056677570451026,12.450475419788575,2.9234350630799475
8670,7.036829486409797,12.455295311403955,2.882985893622163
8671,7.017201620204642,12.460907100677433,2.8426365397768807
8672,6.9983218612873666,12.467024054556994,2.815703804271961
8673,6.961257487426513,12.4796930983234,2.818596913623304
8674,6.961257487426513,12.4796930983234,2.818596913623304
8675,6.942274523327093,12.485943349176189,2.82826887708786
8676,6.904214884927268,12.498027239540114,2.8388041807309023
8677,6.885237982614993,12.503918218522035,2.8414653710966715
8678,6.885237982614993,12.503918218522035,2.8414653710966715
8679,6.8661681680470235,12.509801438083006,2.8434816726976946
,,,
8680,6.847020116872194,12.515642124659182,2.848053499026203
8681,6.527439343290164,12.045142349478814,3.1385300491417043
8682,6.524056308519566,12.04513239550212,3.130152276449082
8683,6.524056308519566,12.04513239550212,3.130152276449082
8684,6.514471413114954,12.04532916034226,3.112012150407509
8685,6.476855269998472,12.047230588795678,3.067249387052459
8686,6.456834477006507,12.04902669368357,3.035614820222701
8687,6.456834477006507,12.04902669368357,3.035614820222701
8688,6.416427005495832,12.054868119521243,2.9555513762032417
8689,6.396973263433391,12.058881274433546,2.917079047618536
8690,6.396973263433391,12.058881274433546,2.917079047618536
8691,6.377796413520257,12.0637593702434,2.8647916106719538
8692,6.358315376095681,12.069831975718174,2.8136648808030347
8693,6.339160758033788,12.076722770453195,2.7799117307898125
8694,6.320247708216791,12.084118294237404,2.7581700462061165
8695,6.301576002274784,12.091777381654081,2.7485343907561743
8696,6.283397047108738,12.099355925007554,2.7448033014009026
8697,6.264991818328251,12.107066869246955,2.7445842290447318
8698,6.246516545600807,12.114821072357797,2.74346613114068
8699,6.2280264588278005,12.122605391900981,2.742485598769417
,,,
8700,6.527714085878942,11.945129106008462,3.1357830499813493
8701,6.527714085878942,11.945129106008462,3.1357830499813493
8702,6.524183573768434,11.945165881764982,3.1274873187714127
8703,6.512854708456495,11.945374904690121,3.119487874068833
8704,6.477830566390908,11.946224282287375,3.1106326790338423
8705,6.477830566390908,11.946224282287375,3.1106326790338423
8706,6.457816609353041,11.947011950739462,3.093105572689069
8707,6.437756576541318,11.94815390497767,3.0759362512996122
8708,6.4176608708923775,11.949646989999628,3.0587569674669153
8709,6.377760994397319,11.953820099882801,3.0158868028656274
8710,6.377760994397319,11.953820099882801,3.0158868028656274
8711,6.357685343607136,11.956610478028479,2.9878025884242683
8712,6.337576525055109,11.960096148945045,2.951364496305067
8713,6.317245365774764,11.964454674179137,2.9073914092253084
8714,6.278035142279448,11.97612073177048,2.798552256449669
8715,6.258927116331407,11.98347338947787,2.7514639822313933
8716,6.258927116331407,11.98347338947787,2.7514639822313933
8717,6.221534135233344,11.999678878432995,2.7202597773732133
8718,6.221534135233344,11.999678878432995,2.7202597773732133
8719,6.203287010478433,12.007881226558565,2.719510819066187
,,,
8720,6.185053482867711,12.016074627320362,2.7180433353251905
8721,6.527140266821213,11.845130672988354,3.1358357492868465
8722,6.524430087753174,11.845122623961116,-3.129800023482144
8723,6.503727994026509,11.843827587296017,-3.056910887824631
8724,6.503727994026509,11.843827587296017,-3.056910887824631
8725,6.485426656670949,11.84228764344848,-3.0629549254047803
8726,6.465696419170457,11.840801566737705,-3.069004969838121
8727,6.445862795424791,11.839415563096688,-3.075262966157332
8728,6.425891899230312,11.838182838493726,-3.0848895557219134
8729,6.405766358636372,11.83719252994321,-3.100763939770259
8730,6.365355545706108,11.83619575415543,-3.13464430753697
8731,6.365355545706108,11.83619575415543,-3.13464430753697
8732,6.325315864059633,11.836708032352174,3.1078560298582656
8733,6.305137211575468,11.837604593894998,3.0853787770387386
8734,6.305137211575468,11.837604593894998,3.0853787770387386
8735,6.284887205366306,11.838922571041119,3.071333376402555
8736,6.264778384376041,11.840504892526276,3.055118143151573
8737,6.244856799957114,11.842378194477257,3.040290789323179
8738,6.204962761051922,11.847143923633498,3.0075606108201116
8739,6.204962761051922,11.847143923633498,3.0075606108201116
,,,
8740,6.529452950066216,12.245122830491443,3.135822555287006
8741,6.529452950066216,12.245122830491443,3.135822555287006
8742,6.526584860176745,12.24513397399996,3.133339425287701
8743,6.505555342139299,12.24620769170283,3.037373801700422
8744,6.505555342139299,12.24620769170283,3.037373801700422
8745,6.470330106871674,12.251744129925132,2.941318486806536
8746,6.470330106871674,12.251744129925132,2.941318486806536
8747,6.450399604805431,12.256301737705321,2.8919663663903132
8748,6.430742647260919,12.261713107460121,2.8535330054642
8749,6.39203206123276,12.274103291509169,2.818993535614959
8750,6.39203206123276,12.274103291509169,2.818993535614959
8751,6.354266526973459,12.287026444858782,2.804954753525906
8752,6.354266526973459,12.287026444858782,2.804954753525906
8753,6.335339110849063,12.2937093705072,2.800053289176594
8754,6.297661378104606,12.3071149447129,2.7996482022642506
8755,6.297661378104606,12.3071149447129,2.7996482022642506
8756,6.2789308052835855,12.3137838726516,2.7985054534494624
8757,6.260109663138975,12.320510513509019,2.7979437363766486
8758,6.2224462481794705,12.333951993019426,2.7995512218565954
8759,6.203621926309277,12.340643430681684,2.800503409989771
,,,
8760,6.530032398264282,12.345120208429249,3.135811575290941
8761,6.530032398264282,12.345120208429249,3.135811575290941
8762,6.526632678746196,12.34516183992299,3.126969378612474
8763,6.516384372295589,12.345321041857725,3.1237855655256594
8764,6.503524154829292,12.345538387894491,3.1217744178728593
8765,6.487769711148319,12.345982045399515,3.1003625704174196
8766,6.467795453332528,12.347270612302264,3.051725666267985
8767,6.447437411914785,12.349599384952215,3.0040990743267004
8768,6.427382626970656,12.3528289298328,2.958222029632718
8769,6.4075360054634904,12.35694087216654,2.916042570781618
8770,6.387844784801209,12.361828104827918,2.8803464054867174
8771,6.368290980148654,12.367395687400244,2.8509816338717076
8772,6.3488579785190105,12.373329280211038,2.8413383566106845
8773,6.3297318342164415,12.379303548267572,2.836363353755184
8774,6.310692709095938,12.385357574757839,2.8301241282239418
8775,6.291714149220912,12.391510835054579,2.8260601851614227
8776,6.253717201461676,12.403951836938605,2.8252228456188413
8777,6.253717201461676,12.403951836938605,2.8252228456188413
8778,6.234721722596468,12.410155415458659,2.8270043671119374
8779,6.215720478046285,12.41629928038632,2.829968120296072
,,,
8780,6.196788572592968,12.422371862536046,2.8326475623349623
8781,6.530609977371745,12.445119237424658,3.1358251391272285
8782,6.528139932212155,12.445105478090815,-3.1261593098760994
8783,6.508123499887971,12.444143186261947,-3.0911789688351297
8784,6.508123499887971,12.444143186261947,-3.0911789688351297
8785,6.490489800648416,12.443494061347156,-3.1228577137322286
8786,6.470955407523374,12.443549608367812,3.1164149071926595
8787,6.430384725934102,12.446580954373738,3.017621036737812
8788,6.430384725934102,12.446580954373738,3.017621036737812
8789,6.410192785016015,12.449533953327485,2.975071580806616
8790,6.390195283620646,12.453272106878872,2.9385596666506246
8791,6.370407923727066,12.457664441384113,2.9075318144284963
8792,6.35078673485318,12.462594536047042,2.8831172760311548
8793,6.331671758431434,12.46789072519282,2.86234815166911
8794,6.312610399364869,12.473360745343067,2.8622494145524024
8795,6.29346068896492,12.478819961138214,2.8652825329643723
8796,6.274239915824574,12.484239629403271,2.8683194285453846
8797,6.254949363146221,12.489605945142019,2.8722934246938006
8798,6.235749992266708,12.494867589159899,2.8756283249012937
8799,6.216476622408879,12.50006528048973,2.8802159857693557
,,,
8800,6.197221652470022,12.505145653127837,2.8868461007286155
8801,5.878935321642578,12.047265041040363,3.1412475794380343
8802,5.875225030299638,12.047285937297787,3.134850957518959
8803,5.8659231257616815,12.047500596368206,3.0941218585063215
8804,5.85262036642492,12.048517089216562,3.036430565013398
8805,5.8162709127408,12.053784438455915,2.9613460112291126
8806,5.79630392509813,12.057820805319329,2.9233780109458234
8807,5.79630392509813,12.057820805319329,2.9233780109458234
8808,5.75701910309705,12.067774514996394,2.8680123255876735
8809,5.75701910309705,12.067774514996394,2.8680123255876735
8810,5.737935617721775,12.073356189974367,2.8453650224629357
8811,5.699817560145241,12.0855036484614,2.824748205737163
8812,5.699817560145241,12.0855036484614,2.824748205737163
8813,5.6807707465627715,12.091801340370717,2.820022301489737
8814,5.6428536021129325,12.10442876397165,2.8195672907684712
8815,5.6428536021129325,12.10442876397165,2.8195672907684712
8816,5.623969609342838,12.110746095887915,2.817321882646323
8817,5.604999491456222,12.117131411970576,2.8165130210649885
8818,5.5671046168144995,12.129796411601628,2.822078939009861
8819,5.5481412114130935,12.136028263821272,2.8255616281716875
,,,
8820,5.5481412114130935,12.136028263821272,2.8255616281716875
8821,5.8752848624285265,11.947279933060729,3.1384944617683788
8822,5.8752848624285265,11.947279933060729,3.1384944617683788
8823,5.851802359763786,11.946945602844314,-3.111116165882278
8824,5.851802359763786,11.946945602844314,-3.111116165882278
8825,5.834635132902235,11.946390323998886,-3.1131352552964757
8826,5.794269488476651,11.94597343009515,3.1298654932758865
8827,5.794269488476651,11.94597343009515,3.1298654932758865
8828,5.774239007320007,11.946432809484536,3.106600423577561
8829,5.754053867193759,11.947438839990806,3.0748514397908933
8830,5.733789202401291,11.949172356294826,3.0367669189362845
8831,5.187405077757791,12.634386966026668,1.4622616319132087
8832,5.187405077757791,12.634386966026668,1.4622616319132087
8833,5.189911457474988,12.654469279291447,1.4306129462852188
8834,5.193062129831877,12.67451964359984,1.398432858584376
8835,5.196862861624701,12.694439604667332,1.3654026817737555
8836,5.201318550509016,12.714208945486687,1.3323109873181727
8837,5.206387935330086,12.733716564308956,1.3001574422324065
8838,5.21210991388362,12.753140200297638,1.2677867306487711
8839,5.218486656008858,12.77244812209757,1.2352512721634568
,,,
8840,5.225508193817866,12.791578075289157,1.2026544228364762
8841,5.878507610874559,11.84724749003686,3.1396279026602483
8842,5.875313822606018,11.847256764433059,3.1210120922185145
8843,5.865704955471065,11.84762458548468,3.08696675696226
8844,5.8488919320300985,11.848822086019487,3.057478628853949
8845,5.829606130126935,11.850685898255012,3.0309141665406947
8846,5.809552591511763,11.853230696775036,2.999188710051591
8847,5.789480172678004,11.856434567679422,2.966876317065905
8848,5.769503589751227,11.860289550574988,2.934050338389535
8849,5.7498271628047855,11.864763837171516,2.901439124753983
8850,5.730301954241101,11.869877914112994,2.868922526131115
8851,5.710883673943524,11.875643646188966,2.836304829141636
8852,5.6915865651725115,11.882068467066913,2.803550545100005
8853,5.672519614464068,11.889114697621874,2.771197420657766
8854,5.653781094191437,11.896732474047912,2.7393724321573014
8855,5.635410233290955,11.904901227179385,2.7057666901563966
8856,5.61718516889765,11.913753877359955,2.6725701620014886
8857,5.599244149573649,11.92321353656187,2.639510235865024
8858,5.581715334227246,11.933200962012448,2.60749041149128
8859,5.564435181705411,11.94379296979114,2.575267146799313
,,,
8860,5.547440839946563,11.954982813268387,2.542810805985782
8861,5.878099803543433,12.247321159543475,3.1391758567421992
8862,5.8757358529209505,12.247374462662775,3.1368573610196835
8863,5.869401487380808,12.247404875623877,3.133071723174247
8864,5.855815293589337,12.247572408535119,3.1253780706694387
8865,5.836732859523256,12.24808769314949,3.100477062441159
8866,5.816540659577726,12.24923696144297,3.068667499963208
8867,5.796340758168627,12.251032019598728,3.036773715979568
8868,5.776173920507017,12.253476440345546,3.004419431987367
8869,5.7561306770459195,12.25657764349153,2.9711784617416823
8870,5.736306762114407,12.26031829609755,2.9387093372381554
8871,5.7165919655518485,12.264701670571794,2.9064057779869747
8872,5.696951854838041,12.269738874295006,2.8739314876213498
8873,5.6774071860919,12.27543755964976,2.8413145943682014
8874,5.658078177639768,12.28176379205144,2.8089501287749195
8875,5.639147509799676,12.288638117301836,2.7764191460348613
8876,5.620424659384222,12.29615085956686,2.7433326336454273
8877,5.601867709874095,12.304316826374821,2.7102105904102642
8878,5.583583285973301,12.31309420154688,2.6767167079215928
8879,5.565482666003311,12.322486799613534,2.657401989456281
,,,
8880,5.547761907924094,12.33159138348085,2.677011750469047
8881,5.877833650710791,12.347273095268552,3.1304279956512553
8882,5.8710943015065595,12.347464163050251,3.0948701613774094
8883,5.857766323919534,12.348290269996003,3.0684936121541533
8884,5.841969395161027,12.349550176119449,3.0530614229655284
8885,5.822947243348751,12.351510723153044,3.0223411968023073
8886,5.802788015358587,12.354265248273471,2.990336419992672
8887,5.782811381298744,12.357610181610598,2.960177562987793
8888,5.763330933537158,12.361383405541725,2.9429231579221242
8889,5.743817918503803,12.36529686476365,2.9448826175624507
8890,5.724225437298806,12.369164846477775,2.94857566349226
8891,5.704546971455076,12.372974029107072,2.9529953269903095
8892,5.68483546955599,12.376701582244028,2.9578098325565767
8893,5.665264759984063,12.380274969904441,2.963908993585254
8894,5.645716631332766,12.383709820377534,2.9713995419169694
8895,5.626072953482484,12.387005828654177,2.9791944969450497
8896,5.606319979232294,12.390164321858352,2.986533964536305
8897,5.586496209651163,12.393225117752133,2.989899044132482
8898,5.566778604919184,12.396217387677583,2.991593459526498
8899,5.547107369222398,12.399160725660806,2.9943911165565487
,,,
8900,5.527372784402838,12.40205578315244,2.9971995524264914
8901,5.876999363371538,12.447281315895786,3.140043414544904
8902,5.868199989125235,12.447350872346483,3.124359731099739
8903,5.855971707237149,12.447743082065893,3.0929597425289646
8904,5.841613930616317,12.448635314262297,3.065632285791057
8905,5.822399643170793,12.450394443556721,3.0337271502950798
8906,5.802267757104405,12.452896118699115,3.0035788677348862
8907,5.781922660864145,12.455949116074004,2.9859924795988855
8908,5.761839313642912,12.459138990450707,2.984904730976474
8909,5.742252360326248,12.462180203023326,2.9892206142718933
8910,5.722595568872858,12.465146453687666,2.9943972819317493
8911,5.702834183303092,12.46802253079,3.0001509251505656
8912,5.682988511780342,12.470794729359412,3.005067469647599
8913,5.663177036032831,12.473471646674914,3.0094628223256548
8914,5.643438699693087,12.476064721922874,3.0110469365334254
8915,5.623680138586218,12.478649399711749,3.011560305876034
8916,5.6038595914665414,12.481232238459937,3.0133488138660707
8917,5.583980960376171,12.483749338854995,3.0183935387240184
8918,5.564101505642872,12.486160468078182,3.0238384526506814
8919,5.544337918100791,12.48844295091669,3.0280740250772835
,,,
8920,5.524565867638654,12.490664047093125,3.0309954807031776
8921,5.22643753850965,12.048037170695055,3.1390782342035943
8922,5.2161334463996605,12.04804861526595,-3.1415388081665547
8923,5.200730046148693,12.047983779515397,-3.135201192539269
8924,5.183777455929235,12.047878694863526,-3.139823767422688
8925,5.164041304561693,12.048076564012495,3.117576785192503
8926,5.1439554013500235,12.048786998387333,3.0966903282871887
8927,5.123837833947475,12.049845603319026,3.083526516553555
8928,5.103910712119602,12.05110873420136,3.0719685986884357
8929,5.083885407195997,12.052624925219117,3.06042917267552
8930,5.063856326090012,12.054354771460055,3.0503515416914437
8931,5.0439288058361464,12.056281816977188,3.039431742132472
8932,5.023965253458693,12.05843754587803,3.0285903271302126
8933,5.004073782811319,12.060750277131064,3.023630677112855
8934,4.984217881266482,12.063130913068223,3.0211361215255
8935,4.964314546755757,12.0655537303178,3.0198369122113253
8936,4.944531488013263,12.067983652196585,3.0181797452663335
8937,4.92470322090377,12.070437141231652,3.019015350419665
8938,4.90492654651487,12.072838945752743,3.0222891100731113
8939,4.885120383882712,12.075174453858425,3.0261461834565453
,,,
8940,4.865239144064766,12.077441072032421,3.0301878151089485
8941,5.2273535121267924,11.948043590934809,3.1294876557297546
8942,5.222027876111485,11.948174410177131,3.1006567920203456
8943,5.212663719414179,11.948586070899463,3.096698657285496
8944,5.197925503313126,11.949133901285586,3.1086750871858446
8945,5.17850550491608,11.949882884842046,3.0928795172366925
8946,5.158277470825358,11.951081450423471,3.0730878409554783
8947,5.1381994729117935,11.95262927482178,3.0564119566076515
8948,5.118326436247817,11.95447980197336,3.04188445303736
8949,5.098417840072238,11.956587506000458,3.030937503281058
8950,5.078466252291723,11.958890292345838,3.022255969883294
8951,5.058464677666891,11.961372049439086,3.0140379499856444
8952,5.038513831930927,11.964006566937305,3.0070948970279296
8953,5.018822272551571,11.966698623268213,3.003990350385418
8954,4.999075477814544,11.969453166874093,3.0019114861656666
8955,4.979265982405792,11.972244069507495,3.0019382530020104
8956,4.959393807148122,11.97502449037107,3.0036572219550286
8957,4.939533141749885,11.977761063088783,3.006263728902483
8958,4.919831198088343,11.980411159073537,3.0082252791115214
8959,4.880278289602663,11.985671815337035,3.0100805759961466
,,,
8960,4.880278289602663,11.985671815337035,3.0100805759961466
8961,5.226552897146579,11.84804215894623,3.1400758665192887
8962,5.219199590275208,11.848021887798696,-3.1351055632660283
8963,5.20909611263255,11.847853628273445,-3.1237316569294236
8964,5.1953842752981645,11.847671143484856,-3.1378850195962418
8965,5.176123990704713,11.847890634858233,3.1147662220136665
8966,5.155862824039004,11.848738534510751,3.0848535899548497
8967,5.135817464572908,11.850112494878365,3.0620680540349383
8968,5.11573638809903,11.851909016090731,3.0431500540810235
8969,5.095662390850908,11.854062383146815,3.0265421748679926
8970,5.075618637017832,11.856546141740994,3.0075660676291576
8971,5.055372055862713,11.859477241312943,2.991459493066602
8972,5.035599550777326,11.86251816601805,2.987407244629729
8973,5.015837535525348,11.865606480042487,2.9856920144980803
8974,4.99602215947983,11.868731100010763,2.9846340310701525
8975,4.976294624339803,11.871862308309717,2.9831736233064854
8976,4.956569532839628,11.875015830592924,2.9823266879956822
8977,4.93689859889307,11.878168944356272,2.9824808462355556
8978,4.917170559094611,11.881333572372284,2.9822128994484447
8979,4.89737534737962,11.884519383582596,2.9814786255181853
,,,
8980,4.877602493425736,11.887722371786907,2.9799629315192777
8981,5.228373208322449,12.24802065157187,3.1404223433558185
8982,5.22429679325845,12.247959620731539,-3.121934156322924
8983,5.2139617593133245,12.247566437202986,-3.0914494006037496
8984,5.197713206560611,12.246701451851244,-3.0915736315142364
8985,5.1776394467431315,12.245937244931216,-3.1169101130013255
8986,5.157452513714939,12.245706070715828,3.139795833602978
8987,5.137368127632538,12.245998856431328,3.114903917586631
8988,5.117270120951944,12.246744011416233,3.095165088871559
8989,5.097131209678012,12.247850561408669,3.0784186203100363
8990,5.076954067498802,12.24926789681812,3.064993914231184
8991,5.056936203628716,12.250878723826336,3.058441435218296
8992,5.037150352504232,12.252572609027737,3.054287148792744
8993,5.017323649791986,12.254326596760006,3.052219823974541
8994,4.997395538610694,12.256113827102137,3.0528509836468376
8995,4.957533342614353,12.259571893787696,3.057603753247267
8996,4.957533342614353,12.259571893787696,3.057603753247267
8997,4.937674946236521,12.261211005805727,3.059791569466053
8998,4.917876969882962,12.262818147874889,3.061374447076514
8999,4.897958028268691,12.26439743436344,3.063701449403864
,,,
9000,4.877979987703532,12.265927463702942,3.066717236766307
9001,5.22842148099135,12.348032403026506,-3.136584045443806
9002,5.223753532679519,12.347938511279304,-3.128251844765466
9003,5.214580619000145,12.347905169014142,3.1293586833871894
9004,5.199727269586143,12.348442519757223,3.0828871368920896
9005,5.18052391190488,12.349820897288819,3.061672808917539
9006,5.1606026919960994,12.351487402392104,3.0564677460325176
9007,5.1406741886004275,12.353174741103444,3.058025413342316
9008,5.120769778563474,12.354822312882419,3.0591327929859435
9009,5.100899106393821,12.356464897303466,3.058443751517492
9010,5.080955128095976,12.358131870880793,3.057794631472223
9011,5.061068628094093,12.359789832419212,3.0593504563281213
9012,5.041165084693267,12.361399556424256,3.0632746167521674
9013,5.021239637812263,12.36291488882817,3.0670193978896614
9014,5.001382940664743,12.364383414030375,3.067674586314254
9015,4.9814327110444045,12.365854899326795,3.0684777389424025
9016,4.961517265785106,12.367287373017044,3.0709926019856453
9017,4.94161129694616,12.368655975380918,3.075038211780346
9018,4.921664161889091,12.369948525083437,3.077847099540733
9019,4.901802216785313,12.371202716201632,3.0786401358293913
,,,
9020,4.881840997177195,12.372452638656668,3.0796243877534266
9021,5.2283829414119385,12.448017992870598,-3.132766686503862
9022,5.2221230093599615,12.447806102505519,-3.0934472134910855
9023,5.20975483766037,12.446974333640977,-3.0656790067196455
9024,5.1921349680524775,12.445684229881616,-3.0789365288537556
9025,5.171993626282473,12.44473400434027,-3.1090686979276647
9026,5.151915706650112,12.444343712810753,-3.135154266053023
9027,5.131749534281789,12.444463471413153,3.1227290225649282
9028,5.111614103626356,12.444972101585973,3.110312202084648
9029,5.0914347558055235,12.445722369696025,3.0994965186107932
9030,5.071427769603785,12.446630523131445,3.093274667359107
9031,5.051540917264563,12.44761907968487,3.0909749878491817
9032,5.031627066329298,12.448623929219362,3.0922725788807015
9033,5.011641813694423,12.44958122720564,3.0950936013202757
9034,4.991589337563772,12.450491257783883,3.098447303813738
9035,4.971592714421492,12.451324947257314,3.1020320566402386
9036,4.951727042921125,12.452073356889745,3.105082409757775
9037,4.931816858572927,12.452775845986647,3.106998713273226
9038,4.911824289959146,12.453454318317712,3.1079587280113277
9039,4.891765143509453,12.454121429630982,3.1089829685906545
,,,
9040,4.871723839614792,12.454763382117953,3.1110784056145504
9041,4.888395216358959,12.04800593091434,-3.129996472474454
9042,4.883603212931892,12.047905108414957,-3.1238373094274214
9043,4.870960659171031,12.047642031824422,-3.119132112429428
9044,4.014577705881308,12.489825051857592,2.159011151775772
9045,4.014577705881308,12.489825051857592,2.159011151775772
9046,4.003504773923505,12.506779312249629,2.1396372858153976
9047,3.982555891817886,12.54098433925412,2.101020355072867
9048,3.982555891817886,12.54098433925412,2.101020355072867
9049,3.9725485280384736,12.558427229522461,2.0817964906427195
9050,3.9628385940938737,12.576135292151944,2.062475030236192
9051,3.953450184259459,12.594078227008273,2.043221380972294
9052,3.944462734416852,12.612069986885245,2.024892111806009
9053,3.9358423771520927,12.630160688004123,2.005458212607635
9054,3.9275486483147,12.648481387583136,1.9858865655301947
9055,3.9119969501702085,12.685711507802678,1.9470598649673265
9056,3.9119969501702085,12.685711507802678,1.9470598649673265
9057,3.904781800554153,12.704467838392654,1.9287605644846275
9058,3.897889661431301,12.723423829194793,1.9099984319797982
9059,3.891377322100712,12.742457454940741,1.890151549026713
,,,
9060,3.885235606058852,12.761667645212805,1.8702246174680337
9061,4.8899390883663925,11.94803951218175,-3.1317269024100387
9062,4.88640273347975,11.947987284422876,-3.124323950216889
9063,4.874963633149275,11.94774151537194,-3.1204818405068218
9064,4.856526254988641,11.947408930205164,-3.1308291645785786
9065,4.836341211033498,11.947383797526594,3.132928330095476
9066,4.796253897962294,11.948484742093743,3.0949065733053502
9067,4.796253897962294,11.948484742093743,3.0949065733053502
9068,4.7761013978721545,11.949615947931969,3.075665644454694
9069,4.755903643222081,11.951143304071115,3.056408795287749
9070,4.735840412506745,11.953044687129324,3.0379153534604266
9071,4.715885905516084,11.955307677645925,3.0190487493144813
9072,4.676014601874174,11.961001403238832,2.979888530533397
9073,4.65609730120611,11.964446421074172,2.960368493381591
9074,4.65609730120611,11.964446421074172,2.960368493381591
9075,4.636345756113105,11.968253806375488,2.941867110663426
9076,4.616626032868128,11.972435100524072,2.9231148283738624
9077,4.5971052135165165,11.976966240078863,2.9028364157035993
9078,4.558170174096974,11.98725771243968,2.863525856932079
9079,4.538899617201817,11.992952719897607,2.844754432432703
,,,
9080,4.538899617201817,11.992952719897607,2.844754432432703
9081,4.890918432635273,11.84804621813889,-3.1317478776077783
9082,4.887326546994362,11.848051412026598,3.1415419480347957
9083,4.869468959883122,11.848612571654835,3.0848570204867833
9084,4.869468959883122,11.848612571654835,3.0848570204867833
9085,4.854220170540958,11.849542656217695,3.0773356963803447
9086,4.81415063076331,11.852843629511048,3.0400148111782577
9087,4.81415063076331,11.852843629511048,3.0400148111782577
9088,4.794086071692167,11.855084411448033,3.021268556701856
9089,4.774187709767763,11.85767680408746,3.0024283945072083
9090,4.754323225032363,11.860652109476169,2.983009749813605
9091,4.734445036913973,11.864025603996682,2.963386323190191
9092,4.694883551588397,11.87193905446906,2.925196588510407
9093,4.694883551588397,11.87193905446906,2.925196588510407
9094,4.675303662921157,11.876398995662719,2.9125267167795634
9095,4.6559254869639535,11.880994986444833,2.9041412901579107
9096,4.6364798587550125,11.885759681063975,2.8985992879443456
9097,4.597646918216064,11.895427354509557,2.897413312973927
9098,4.597646918216064,11.895427354509557,2.897413312973927
9099,4.578246546107927,11.900253536245305,2.898064265225081
,,,
9100,4.5395337551193755,11.9099386494959,2.8932218458642915
9101,4.5395337551193755,11.9099386494959,2.8932218458642915
9102,4.884021545268234,12.247995649342256,-3.1265327486142653
9103,4.875827971065249,12.247706153717411,-3.0889205314942916
9104,4.864275565194416,12.246912661271292,-3.0650754221944556
9105,4.847189120411783,12.24561754527424,-3.0723706170607907
9106,4.806915362454351,12.2438440246857,-3.1208059787498725
9107,4.806915362454351,12.2438440246857,-3.1208059787498725
9108,4.786823731614125,12.243667781522673,3.135560248020091
9109,4.746446275384863,12.24471376132123,3.09976597740179
9110,4.746446275384863,12.24471376132123,3.09976597740179
9111,4.726183941187953,12.245706903324168,3.086594191890421
9112,4.686340211821954,12.248177250102817,3.0758382611696864
9113,4.686340211821954,12.248177250102817,3.0758382611696864
9114,4.666389166743291,12.249518687854032,3.0720019840332027
9115,4.646351109920325,12.250970156672711,3.066273740300482
9116,4.62626531993065,12.252558197948565,3.0591284301295403
9117,4.606338843870484,12.254282063853218,3.050753124446039
9118,4.586484091642107,12.256195280176668,3.040195893327067
9119,4.566541278946811,12.258348232589778,3.027395458523086
,,,
9120,4.546546589218915,12.260771782146104,3.0141956236844183
9121,4.885993961387188,12.348020130017758,-3.131717037554144
9122,4.877978067169457,12.347857704453583,-3.132366260316569
9123,4.877978067169457,12.347857704453583,-3.132366260316569
9124,4.866767567241125,12.347969061590295,3.110114879962349
9125,4.829824106812405,12.350299983346133,3.0690874556670598
9126,4.809908862474941,12.35173541376928,3.0704112549863645
9127,4.809908862474941,12.35173541376928,3.0704112549863645
9128,4.789964283272134,12.353138656497569,3.0718547115378234
9129,4.75016008825528,12.355914765569167,3.0721594004682227
9130,4.75016008825528,12.355914765569167,3.0721594004682227
9131,4.73018857606184,12.357290525500675,3.0731255576547682
9132,4.710275722187734,12.35863312000123,3.075480159221505
9133,4.6903213606062995,12.35995076413114,3.0753549097279085
9134,4.670391261076237,12.361292351231883,3.0723401254911216
9135,4.630410375129393,12.364263252372597,3.0623622359591387
9136,4.630410375129393,12.364263252372597,3.0623622359591387
9137,4.590507578803607,12.367617099884178,3.0524882249477354
9138,4.590507578803607,12.367617099884178,3.0524882249477354
9139,4.550760421036711,12.371384346571942,3.040809225718399
,,,
9140,4.550760421036711,12.371384346571942,3.040809225718399
9141,4.885009474368059,12.448015427335784,-3.1317238744097735
9142,4.8823113223725185,12.447961918613947,-3.114384786235522
9143,4.872982998099417,12.44753706534772,-3.0867773673371937
9144,4.856753949360623,12.446537902642683,-3.080530116869122
9145,4.836721994433724,12.44552864678653,-3.1042035137476858
9146,4.816431712894857,12.444997764549104,-3.1248671786932998
9147,4.796398144861683,12.444818651877911,-3.1403880418019354
9148,4.7763252581211795,12.444898426952063,3.1323174369885827
9149,4.75622913031056,12.445123998407778,3.1286443047186165
9150,4.716134489160528,12.445902224835924,3.1160191672742665
9151,4.716134489160528,12.445902224835924,3.1160191672742665
9152,4.696203430907991,12.446470877590805,3.1104978764230764
9153,4.676195117679167,12.447149161290977,3.1045493133663506
9154,4.656155542389501,12.44789056968754,3.1048834676140284
9155,4.616076564441499,12.449298692906533,3.106929782139384
9156,4.59617544691741,12.449995862875591,3.1057678374172446
9157,4.59617544691741,12.449995862875591,3.1057678374172446
9158,4.576207675429093,12.450732830597891,3.103154511662482
9159,4.536096600503994,12.45234815501686,3.103010676492737
,,,
9160,4.5161481733269815,12.453088260441236,3.1063955616899466
9161,4.5161481733269815,12.453088260441236,3.1063955616899466
9162,4.3237960988575495,11.89420505094144,-2.690212530310405
9163,4.3166726627958845,11.890686619786292,-2.680052411008798
9164,4.302141227649682,11.883310387205219,-2.665440314707202
9165,4.2840826592212595,11.874032723996386,-2.6690703915215455
9166,4.266256482801944,11.864948893843664,-2.671442179628187
9167,4.2305812852445435,11.847070019775355,-2.685292445467084
9168,4.212542992638873,11.83828891870597,-2.690855918146493
9169,4.212542992638873,11.83828891870597,-2.690855918146493
9170,4.194418838685645,11.829555210769561,-2.6942156314918115
9171,4.176301902865774,11.82092343035869,-2.6986870777798075
9172,4.158290176944366,11.8124268554289,-2.703365491540838
9173,4.140193622182733,11.804002587145334,-2.7084281007824695
9174,4.103579152620297,11.787399271869022,-2.723260005832123
9175,4.103579152620297,11.787399271869022,-2.723260005832123
9176,4.08522256840327,11.779325907901079,-2.7321121816468943
9177,4.066862228116957,11.771482620282189,-2.744500565024149
9178,4.048358939659282,11.763858987694649,-2.757148014232894
9179,4.0297113750454105,11.756423277322211,-2.767422130895808
,,,
9180,4.368654025525245,11.804841440134446,-2.6935168014120037
9181,4.367202686110921,11.804132114314736,-2.696686622138102
9182,4.367202686110921,11.804132114314736,-2.696686622138102
9183,4.3622158942619595,11.80182315841917,-2.7276598995298866
9184,4.334118017222223,11.790939216607216,-2.792014068962667
9185,4.334118017222223,11.790939216607216,-2.792014068962667
9186,4.3153783713011835,11.784159867131478,-2.797886259221629
9187,4.2965224643391915,11.777504478117157,-2.8069972983692653
9188,4.277510808106423,11.771022809673447,-2.8201276778267985
9189,4.2584232381728295,11.764799594549443,-2.832829964964864
9190,4.239263744230682,11.758765422165693,-2.839794292815867
9191,4.220206891505668,11.752871131183538,-2.843372212940315
9192,4.20103633434709,11.747061194771216,-2.851684598493835
9193,4.16259885273646,11.735835880219765,-2.8644036228995975
9194,4.16259885273646,11.735835880219765,-2.8644036228995975
9195,4.124026606111588,11.725087369362384,-2.8719367496328223
9196,4.124026606111588,11.725087369362384,-2.8719367496328223
9197,4.104762772971862,11.719762233442163,-2.87185733410521
9198,4.085460861012658,11.71443190902866,-2.8725715132579954
9199,4.066199962381129,11.709131836965284,-2.874320252796466
,,,
9200,4.0468848116998695,11.703862845689242,-2.876124258805674
9201,4.411977555416306,11.714712588862023,-2.693512191116974
9202,4.400613633502456,11.709019142642639,-2.6746268696827866
9203,4.387193822464902,11.702412562475125,-2.701149629290301
9204,4.387193822464902,11.702412562475125,-2.701149629290301
9205,4.3709410490651965,11.695048630996517,-2.728325462256334
9206,4.352697912621357,11.68714161924633,-2.737196187871379
9207,4.334248225780736,11.679353855852515,-2.7472591464995118
9208,4.315693268049453,11.67169298355782,-2.752830233144509
9209,4.278373021524948,11.65679295954431,-2.7717254842784524
9210,4.278373021524948,11.65679295954431,-2.7717254842784524
9211,4.259812375658386,11.649701604656471,-2.782647968610397
9212,4.241015975235763,11.642777801509288,-2.7948333352645602
9213,4.22201040637621,11.63607706234366,-2.8110791085497433
9214,4.202781386140208,11.629689567509297,-2.8311157189360916
9215,4.1642297868992335,11.618205109534005,-2.8716234089808848
9216,4.1642297868992335,11.618205109534005,-2.8716234089808848
9217,4.124293968117004,11.608042561024464,-2.911358572176454
9218,4.124293968117004,11.608042561024464,-2.911358572176454
9219,4.104628199445811,11.60355440443024,-2.9228775132727964
,,,
9220,4.085056910396126,11.599268801682582,-2.9286338029046997
9221,4.23603620610721,12.073964512917629,-2.703285752374927
9222,4.23603620610721,12.073964512917629,-2.703285752374927
9223,4.226634224604051,12.069646809682464,-2.718882382066341
9224,4.19250771977761,12.054032112717662,-2.6966259941184507
9225,4.19250771977761,12.054032112717662,-2.6966259941184507
9226,4.157075694223013,12.036409694431217,-2.6673442077140885
9227,4.157075694223013,12.036409694431217,-2.6673442077140885
9228,4.139379986149114,12.027233914602347,-2.65943567148358
9229,4.121648840742959,12.017899920586473,-2.6540363198117816
9230,4.103930546035071,12.008471418801586,-2.6499652653731447
9231,4.086428897741172,11.999053274743629,-2.6459907168614034
9232,4.068952174734795,11.989571536780199,-2.643164108624707
9233,4.03383323870471,11.970388268023749,-2.640188847433389
9234,4.03383323870471,11.970388268023749,-2.640188847433389
9235,4.016224820272567,11.960725362106789,-2.6387429420823363
9236,3.981335228843978,11.941497609043214,-2.6371699215920716
9237,3.981335228843978,11.941497609043214,-2.6371699215920716
9238,3.963861715075618,11.9318415244487,-2.6366407370279608
9239,3.946323367000152,11.922146805215199,-2.63687860980527
,,,
9240,3.9287046216898016,11.912440465325952,-2.6392494087118026
9241,4.193912020998875,12.164627704287895,-2.690454647398682
9242,4.193912020998875,12.164627704287895,-2.690454647398682
9243,4.18711748217752,12.161277509667675,-2.681597028212762
9244,4.17294061407329,12.154119247429946,-2.6667377463261737
9245,4.1380510788575675,12.13519054313248,-2.6221110430620866
9246,4.1380510788575675,12.13519054313248,-2.6221110430620866
9247,4.121103229555082,12.125274247084356,-2.6029240679863
9248,4.104227418650151,12.114966981859581,-2.5837799885089394
9249,4.087433636106755,12.10431979397203,-2.569679784146769
9250,4.070728242645199,12.093429666797512,-2.5586448697491724
9251,4.054169947522905,12.082396484675508,-2.5490308533971926
9252,4.037668960760076,12.071181189622061,-2.540370156533488
9253,4.021366257389518,12.059881071299468,-2.5312510467608
9254,4.005073835677921,12.048399984130382,-2.523841029087677
9255,3.9889225329412907,12.036787613044552,-2.5134604155497464
9256,3.972908218777868,12.025023057223967,-2.5027260232219546
9257,3.9412496026567077,12.000847163381671,-2.473113540071151
9258,3.9412496026567077,12.000847163381671,-2.473113540071151
9259,3.925816912158884,11.988424755096979,-2.4552034139788153
,,,
9260,3.925816912158884,11.988424755096979,-2.4552034139788153
9261,4.151612508219115,12.25530157266659,-2.692601688402754
9262,4.149414637966598,12.254301710291399,-2.6869038266390404
9263,4.1451704787077,12.252182309500556,-2.680074437869021
9264,4.135470734537209,12.247275465010645,-2.667429199417604
9265,4.119129516437684,12.238707624945839,-2.6506303913562212
9266,4.101603034930385,12.229153319768567,-2.633778724590438
9267,4.084275448682196,12.219330264184956,-2.6176392726327453
9268,4.06725393182755,12.209294545519944,-2.600715080529651
9269,4.050375820504447,12.198957560137602,-2.5834391603802738
9270,4.033613379699444,12.188289091718108,-2.5661568471137373
9271,4.017015994138057,12.177320772966945,-2.549290963250623
9272,4.000645147934194,12.166112996979082,-2.533329198674415
9273,3.9844182071763896,12.154618194851915,-2.5170785008599617
9274,3.9684569467302735,12.142897590996565,-2.4996402491606595
9275,3.952671970363409,12.130881500516164,-2.4820752313421006
9276,3.9371361980333712,12.11862066154787,-2.4654225151331435
9277,3.9217733326427107,12.106084216625804,-2.4491082750300057
9278,3.9065599328366645,12.093253637464194,-2.432706704877699
9279,3.891524331078674,12.08014248802778,-2.4160054237328157
,,,
9280,3.8767938875840473,12.066843108039642,-2.398249155865478
9281,3.8125161668026957,11.556377751350386,-2.4528717421263764
9282,3.8075783655815747,11.552347258455569,-2.4659501032556017
9283,3.796240251339364,11.54338555597196,-2.4768325508205375
9284,3.7809789316763665,11.531291089915634,-2.463499145375503
9285,3.765516024689567,11.51864989284087,-2.446712825951075
9286,3.7504747288046323,11.505887499456742,-2.4298214480539695
9287,3.735606844441179,11.492839298997314,-2.4127943443362057
9288,3.7209004799650565,11.47948249809518,-2.395743022748708
9289,3.7063732759400647,11.465834814953636,-2.378803576840096
9290,3.6921120088563963,11.45198020626893,-2.3626899482249746
9291,3.6780967027207314,11.437916416547035,-2.3464964191648825
9292,3.664379273288934,11.423681863733943,-2.329135147613
9293,3.650860048751042,11.40915979293544,-2.3117223899239003
9294,3.6375733915583353,11.3943808783027,-2.294672418807675
9295,3.6245807834310084,11.379442302872146,-2.27875500843351
9296,3.6117709748815634,11.364233165546802,-2.2625595875833744
9297,3.599203323510279,11.348798598166479,-2.2458714747591335
9298,3.5869533881803504,11.333214806159862,-2.22819098849584
9299,3.575014835557335,11.317468331224374,-2.2114473362796114
,,,
9300,3.563313243034861,11.301497116858632,-2.195031721972235
9301,3.8755962757634412,11.478796305034003,-2.448749755495996
9302,3.8685757976559345,11.472896585019068,-2.435721387382978
9303,3.858069592349515,11.463650914847543,-2.401411305407744
9304,3.846757942524918,11.452884277740402,-2.3648500867833833
9305,3.8334254082459296,11.43944014033074,-2.34281881310437
9306,3.8196939459340755,11.425095540767499,-2.3259791340896445
9307,3.8060409323336866,11.41042692073005,-2.322053571361219
9308,3.791829516295298,11.395769386957545,-2.3634452914148665
9309,3.7772959539332858,11.382041585981483,-2.406094832329892
9310,3.762110651838984,11.368818538314905,-2.4438095610891484
9311,3.746377557500686,11.356065053750411,-2.476278128043732
9312,3.730232365023354,11.343783541795524,-2.5068882513811412
9313,3.713834285981576,11.332066321578171,-2.5346156112893157
9314,3.697087947372985,11.320761511994219,-2.5644430615883294
9315,3.679919241830082,11.309938440781702,-2.5936544057451525
9316,3.662533633129792,11.29965061295351,-2.6209445135288276
9317,3.644977399393757,11.289866036360548,-2.6453301948539676
9318,3.6271743571103676,11.280496565870811,-2.6693886722333615
9319,3.6090928329754153,11.271520022975835,-2.692284017793594
,,,
9320,3.590760030007783,11.262916037644176,-2.7130602382732043
9321,3.9403100645307103,11.402575582149575,-2.4466604077729
9322,3.9384721482071754,11.401000657239937,-2.4446074138425082
9323,3.93372723414497,11.397090749882521,-2.465740589391446
9324,3.9236596560533954,11.38934001353203,-2.5041794620858324
9325,3.90827984434092,11.378353011588345,-2.5375921697700563
9326,3.891601052547693,11.367200086308182,-2.5659202195952138
9327,3.8744877713685604,11.356405308502271,-2.5933677102230854
9328,3.856972373821271,11.346074325686018,-2.625833241990176
9329,3.839155278497711,11.33638402397284,-2.6621384106848898
9330,3.8211233345278313,11.327410937181899,-2.699174582250743
9331,3.802724063136361,11.319091400420103,-2.731516213827263
9332,3.7840056991941378,11.311293934658146,-2.763692971565437
9333,3.7649071307176953,11.304068043451187,-2.7939357821997857
9334,3.745715804879734,11.297252629235851,-2.8042313178361273
9335,3.726878782912208,11.290685234804185,-2.8082202787929385
9336,3.7079899055147663,11.28420249476286,-2.815155543471561
9337,3.6889745181820532,11.277853030341786,-2.8230705880345734
9338,3.669897865279729,11.271603121252618,-2.826118666938754
9339,3.6509290225572633,11.265421226841992,-2.8270695376217385
,,,
9340,3.6319281881677106,11.259251816148085,-2.8289029913447954
9341,3.684593426099278,11.710129246327863,-2.4561933367357116
9342,3.678887064732483,11.705572825437494,-2.4814516179690322
9343,3.666893773929664,11.696499496731022,-2.5025245948724546
9344,3.6509553608176137,11.684674658087431,-2.503169674356278
9345,3.634964289605607,11.67276010801563,-2.499503235333411
9346,3.6190789888875017,11.66083770548184,-2.4965155677288395
9347,3.58722623598006,11.636718377743808,-2.4903573777353967
9348,3.58722623598006,11.636718377743808,-2.4903573777353967
9349,3.5713010121909448,11.624540550030211,-2.4867864428466695
9350,3.5555531886635388,11.612394947482928,-2.4835163340781596
9351,3.5397948529830723,11.600215451935476,-2.485541519021829
9352,3.523983749073995,11.588068661374571,-2.4859903002950583
9353,3.5081537787647346,11.575853233090596,-2.4816543968046707
9354,3.4923341937306693,11.56352568115276,-2.47852075199713
9355,3.476649139907641,11.551251908923263,-2.477359199882432
9356,3.46096483233371,11.538972504357426,-2.4783903858872707
9357,3.445302960222365,11.526711889084348,-2.4745651938652675
9358,3.4296170283523573,11.514300141288913,-2.47194753450742
9359,3.4138476688579016,11.50184725625587,-2.4752090122143984
,,,
9360,3.39786855953433,11.489294244744999,-2.472978564648053
9361,3.6212739427820546,11.787511362930413,-2.453116178101802
9362,3.617598146920785,11.784512227346998,-2.4693637175819103
9363,3.607836857767967,11.776916839866418,-2.489621023915632
9364,3.592856608731034,11.765540945633527,-2.4901991865354374
9365,3.5769287076088703,11.75333770744168,-2.484131492038184
9366,3.561251804065957,11.741155824827572,-2.4776761631668354
9367,3.54567155773019,11.728865043670767,-2.471152433562886
9368,3.530009089280648,11.716446988372166,-2.4728933537127173
9369,3.514252703063904,11.704025753443315,-2.4744734532232022
9370,3.4984704857073012,11.691596253631813,-2.473701009158764
9371,3.48284056574529,11.67925216860029,-2.47240725050334
9372,3.4672388057530417,11.66690183523877,-2.471882526988868
9373,3.451595780172406,11.654501180444196,-2.4706583371719515
9374,3.4359329362551145,11.64203206814289,-2.4666479065857754
9375,3.4202660950866735,11.629455851952713,-2.464512460698027
9376,3.4046954956970747,11.61695300164723,-2.465626957138784
9377,3.3891384785470344,11.60452263590714,-2.4694434894019643
9378,3.3735209390681793,11.592137621179017,-2.4692509664661975
9379,3.3579922286674595,11.579645028518314,-2.457840819939948
,,,
9380,3.3425359281424605,11.566917950959853,-2.450547145869719
9381,3.5576360177009447,11.864728739868106,-2.4505445052236916
9382,3.556241831764683,11.863506654990516,-2.4435556072527094
9383,3.550827243802595,11.858845491488237,-2.420819377423726
9384,3.539984367038062,11.848993813155602,-2.3914488333080657
9385,3.5257796387123754,11.835572051914522,-2.3763327011699586
9386,3.5115756679473984,11.821670564382451,-2.3583796654719835
9387,3.497672332089197,11.807566428686004,-2.338768350814793
9388,3.4841099489690173,11.793222286008243,-2.318481229669795
9389,3.4707685783500777,11.778552905691612,-2.299013355742322
9390,3.457711256222576,11.763621761911866,-2.2799549049079078
9391,3.445043038922532,11.748540287127854,-2.2579946898606007
9392,3.4326514303904525,11.733068977638155,-2.233990816512995
9393,3.4205937260773718,11.717270540839884,-2.212328616317175
9394,3.4089331343711953,11.701292182377168,-2.1894412018065825
9395,3.3976414949785276,11.685059445537116,-2.1700384854797843
9396,3.3865920426398,11.668610852419283,-2.155188018203752
9397,3.375731259207735,11.651931463086976,-2.1407118025909035
9398,3.3650645416511815,11.635028137318312,-2.1273679656652558
9399,3.354616623197634,11.618101868226626,-2.119857062246455
,,,
9400,3.3443355990962904,11.601228463716078,-2.116290370030843
9401,3.324307077814094,11.129864948109324,-2.4290228954258124
9402,3.3173560507045665,11.123843950770553,-2.428698455917635
9403,3.3052905858025654,11.113523930948922,-2.4446961793394344
9404,3.291126130634821,11.102025829747966,-2.4758940447878826
9405,3.2754056901946633,11.09012957145885,-2.5128281759300295
9406,3.258883855571152,11.078570336663706,-2.5513431717482318
9407,3.2243337398157914,11.057332279432421,-2.629253050481065
9408,3.2243337398157914,11.057332279432421,-2.629253050481065
9409,3.2065807241982296,11.047710767932694,-2.6553126613157954
9410,3.18879456877484,11.038414140453,-2.661053529543855
9411,3.170970173222443,11.029132728974826,-2.6633902275854617
9412,3.153156245477843,11.019953619808135,-2.6682763771478335
9413,3.1354279554539426,11.010911273071793,-2.6718517675484637
9414,3.1176322447689713,11.00190940840712,-2.6747043720587986
9415,3.099739837995526,10.99292155221011,-2.6779418893567
9416,3.081759185252983,10.98396300287723,-2.6805214661402825
9417,3.063847702738078,10.975076263725649,-2.680798665748965
9418,3.046012204731632,10.966182467233637,-2.676829703762803
9419,3.028259044471077,10.957225642567805,-2.673031636540156
,,,
9420,3.010434056099894,10.948188302209127,-2.6726505758400294
9421,3.389704919890494,11.054234249026207,-2.4320794109183344
9422,3.3843587129796995,11.049748682775874,-2.4587315938577254
9423,3.377238507468802,11.044151202427614,-2.4975823544969336
9424,3.351698317857236,11.026554065331586,-2.5731848835990796
9425,3.351698317857236,11.026554065331586,-2.5731848835990796
9426,3.3342507909918395,11.015910890354768,-2.6127998563875456
9427,3.316672657183001,11.00600361049686,-2.6436009660987776
9428,3.298832361106978,10.99659025076986,-2.6655320805048075
9429,3.2812291305542747,10.987654572600862,-2.676654168231685
9430,3.2634379652083827,10.97878309239944,-2.6814023633911748
9431,3.2454457770764975,10.969924104391183,-2.687473688301469
9432,3.2274817734336234,10.961211338667933,-2.6929388416220394
9433,3.2094116686164735,10.952574845153762,-2.698829713734456
9434,3.1912813439934005,10.944029562302166,-2.7023756603873217
9435,3.1731662391494173,10.935555913043958,-2.707361986256714
9436,3.154993695503106,10.92717092011261,-2.7090030819943807
9437,3.1369101938940456,10.918803286391592,-2.707379036245939
9438,3.1188182507846953,10.910386326371828,-2.704822918085167
9439,3.100696108777325,10.901902408077444,-2.703149884908887
,,,
9440,3.082592110934958,10.89341577307803,-2.7049417858393143
9441,3.4553927029197458,10.97881367855454,-2.42747844010141
9442,3.4509687255253656,10.974849836117592,-2.400443186706925
9443,3.4444851069984903,10.968738628674723,-2.3788387735485848
9444,3.4346659693091772,10.959409479481193,-2.3908312459617864
9445,3.4212870066866516,10.947452706495302,-2.435617512066151
9446,3.405850974741394,10.934919069586227,-2.484245682076232
9447,3.389489262226789,10.922907306410623,-2.533800759729071
9448,3.3725266222896284,10.911684605046126,-2.580633869838462
9449,3.355006122780159,10.901230312291998,-2.6272084801988527
9450,3.3371519817408175,10.89166517945549,-2.6734862342094035
9451,3.3189838744180777,10.882926474628263,-2.7057809441204967
9452,3.300601907075548,10.874577156683086,-2.72411491167975
9453,3.2821699733037746,10.866498385585922,-2.732041909436666
9454,3.2638240727460635,10.858613834781337,-2.7393795320600307
9455,3.2454399985344495,10.850879563272624,-2.7470530878548303
9456,3.226955562400698,10.84325691226608,-2.752657137156755
9457,3.208392335022727,10.835660922324248,-2.7549225270157893
9458,3.189734002000783,10.82810672612877,-2.7586626668513636
9459,3.171186977995085,10.820674725059973,-2.7604840893144815
,,,
9460,3.1527452210268607,10.813259090804722,-2.7578068423729367
9461,3.193311668902315,11.280996432883724,-2.4281729924392437
9462,3.185835421360927,11.27450244625673,-2.4265811492698135
9463,3.172550907668527,11.262957877777978,-2.4260674819457986
9464,3.1424041549154893,11.236787175844784,-2.4312257518588427
9465,3.1424041549154893,11.236787175844784,-2.4312257518588427
9466,3.127174895610038,11.223818391766557,-2.443527589259855
9467,3.1115941219581784,11.21099324771934,-2.465638828500983
9468,3.0956661235587393,11.198480235981192,-2.480222690242223
9469,3.0800808982540824,11.186381409190256,-2.48618527103917
9470,3.064464579053627,11.17460468927028,-2.5061782906975894
9471,3.064464579053627,11.17460468927028,-2.5061782906975894
9472,3.064464579053627,11.17460468927028,-2.5061782906975894
9473,2.130656202722447,10.956926095244185,2.9641508000580328
9474,2.1110779444855456,10.960619382151545,2.943780798829925
9475,2.0913500639307765,10.964814341406674,2.919957008016745
9476,2.071661112743226,10.969495026032403,2.8959009777137275
9477,2.0521447327177595,10.974637765554867,2.87071475661593
9478,2.0328019074143664,10.980271574211795,2.8454479850644723
9479,2.0136683413860132,10.986359800960832,2.821358793140785
,,,
9480,1.9946076142739146,10.992932456181201,2.7971190030065456
9481,3.1287298397704704,11.357364730575632,-2.4286266808680166
9482,3.123766825771574,11.35306457108132,-2.4244045789976276
9483,3.116388162325833,11.346498179570812,-2.4084337679552563
9484,3.1073295172088944,11.3382803051338,-2.407208820877599
9485,3.0940308112895263,11.326484803670173,-2.4269322772137314
9486,3.0785916214196445,11.31341409617653,-2.4516861176682005
9487,3.0628732766914415,11.300749145719996,-2.4757432066692235
9488,3.046871908812011,11.288478217105697,-2.4993237011521705
9489,3.0305406804009887,11.276558263741512,-2.5233118409589124
9490,3.0139842562224186,11.265082899938061,-2.5485430881301654
9491,2.9970918162935822,11.254001542034862,-2.573548699303788
9492,2.980046515452551,11.243399813469349,-2.597433967096709
9493,2.962674769272697,11.233165268010033,-2.621479815107763
9494,2.944986825122973,11.223311468866614,-2.6456588819004168
9495,2.927009733851154,11.213864756868693,-2.6700517090355813
9496,2.9089458311611844,11.204930571683892,-2.6941906572012977
9497,2.8907398936164745,11.196465829805334,-2.718598027144009
9498,2.8722623807576775,11.188412662373619,-2.743119563770031
9499,2.8535156610100336,11.180785872899976,-2.7677642895171104
,,,
9500,3.0804584170063256,11.418336278454008,-2.3327823614465353
9501,3.0804584170063256,11.418336278454008,-2.3327823614465353
9502,3.0758437741536024,11.413595006876676,-2.3473910769426602
9503,3.0712734279396035,11.408861976878992,-2.377586076495332
9504,3.070442954433549,11.40803146682013,-2.3648814092571713
9505,3.0662857590310586,11.40393344073346,-2.3381934421308164
9506,3.0603183028959053,11.397862268346627,-2.3409583320437157
9507,3.049382953226969,11.386685211384743,-2.352513867665178
9508,3.038060720931126,11.376102759766464,-2.39663123285162
9509,3.0411336170972567,11.3798084097312,-2.3624940010796145
9510,3.0432404450390402,11.381153282440637,-2.3461615598449193
9511,3.0415560090640867,11.379462354812146,-2.3621462323116367
9512,3.0386096376914056,11.37688469441439,-2.3903356547424237
9513,3.039232160546724,11.377480773308678,-2.383782564723847
9514,3.03904485168305,11.377289415435113,-2.3855432174773057
9515,3.0385540154396784,11.376834859453115,-2.390512009391851
9516,3.0385309445376274,11.376808647332771,-2.390615420120632
9517,3.0385409522438187,11.376834641123521,-2.3902243288668052
9518,3.038512093148173,11.376805353329306,-2.3901225222101607
9519,3.038447081581494,11.37673365302929,-2.3905290625209257
,,,
9520,3.0384243720932997,11.376708871261156,-2.3906195584511565
9521,2.8586811884715684,10.774991159591929,-2.6827907071373662
9522,2.8558734312588214,10.773630690528584,-2.7009035703091167
9523,2.8501322675273753,10.77089358319264,-2.6974340171601154
9524,2.839204126316964,10.765557769224237,-2.6812123494998605
9525,2.8232742721548285,10.757720768091326,-2.6919915942716686
9526,2.8049343569562017,10.749109241645346,-2.714517516810325
9527,2.7864850791499203,10.74101503156801,-2.7424380068534875
9528,2.7679925780964134,10.733525105047967,-2.769165575474182
9529,2.749468352660776,10.726346123659791,-2.7741314872107323
9530,2.7307213522849443,10.71918237926701,-2.7806603919612383
9531,2.7118297136154514,10.712170929908401,-2.791063789671254
9532,2.6930419601832916,10.705369014763694,-2.7969570668624555
9533,2.6742057402183717,10.698635143503653,-2.800961843047325
9534,2.655350093356147,10.692042472497803,-2.808460074913858
9535,2.6364141443019764,10.685523601419371,-2.8104105993851007
9536,2.617466810806129,10.678983803587004,-2.806547022774968
9537,2.5987633212857464,10.67237507941949,-2.797182926760866
9538,2.579994549387804,10.665536313862049,-2.7889760230344693
9539,2.56128925754911,10.658633590113357,-2.7888372054322503
,,,
9540,2.5424940710567934,10.65175401764064,-2.7918822316791205
9541,2.9030809852145305,10.685388161851375,-2.6768595538054067
9542,2.8986027944576955,10.683066044030198,-2.651291940299673
9543,2.890846640103685,10.678696216875386,-2.618571633187263
9544,2.879702884983429,10.672245595494891,-2.624220948207709
9545,2.863860478639416,10.663586237716588,-2.6609713937903274
9546,2.845620135432142,10.654660610076057,-2.7122483597342266
9547,2.827031083911389,10.646538915625799,-2.747522356028345
9548,2.8081539586082167,10.639065228449743,-2.7824047973731445
9549,2.7889898923116765,10.63222276591647,-2.8130965076159926
9550,2.7697624320072927,10.625884294359869,-2.831758507804797
9551,2.750825576724017,10.619918482975686,-2.838135163281924
9552,2.7318356306974754,10.61395321818828,-2.8359118006193853
9553,2.7128030420158624,10.607900817004095,-2.831860269537836
9554,2.6937069380622574,10.60176178814647,-2.8293282835907227
9555,2.6745977118297466,10.595592693744045,-2.8278836050171927
9556,2.6557152567435667,10.589431791527929,-2.8238441173776705
9557,2.636855638450307,10.583174926307436,-2.8192369882077566
9558,2.61792178756,10.576820082510688,-2.8177593326737163
9559,2.5988914718726046,10.57045591556886,-2.8186818142082726
,,,
9560,2.5798635003934733,10.564056626713029,-2.813780331674194
9561,2.948160411008781,10.596080383755629,-2.6785414842985573
9562,2.945556678040034,10.594747232902506,-2.6722959434666036
9563,2.936931454080109,10.590286493021514,-2.6610491505230116
9564,2.9230154189603437,10.58308886365565,-2.673311628351561
9565,2.906509019340335,10.575081488034701,-2.7078949956474268
9566,2.8884298731475693,10.567095030631505,-2.7447066794323915
9567,2.8695382289055273,10.55958655049265,-2.783383882374529
9568,2.8505692089593855,10.55287101321966,-2.8172562333427895
9569,2.831505537182294,10.54663484553681,-2.8338112496702657
9570,2.812433171921653,10.54074236092761,-2.8491563828817736
9571,2.7739448757034437,10.529418825622116,-2.860038203202631
9572,2.7739448757034437,10.529418825622116,-2.860038203202631
9573,2.7547065710936938,10.523883342885211,-2.8620690407760128
9574,2.7355157455495203,10.518368179781996,-2.8616934438930897
9575,2.7164179538188695,10.512853202928486,-2.8594095031816438
9576,2.697260525305147,10.5072718946243,-2.8571786152381144
9577,2.6780318076242375,10.501639035747328,-2.8564327703312125
9578,2.6587772363635884,10.495998584548895,-2.857250215142449
9579,2.639589392103651,10.490404756577272,-2.8580856969753063
,,,
9580,2.6205659487129176,10.484827455887297,-2.8556965464594475
9581,2.769142021084467,10.953822353343186,-2.6778142437635153
9582,2.762701492926722,10.95058488144379,-2.6758504094533566
9583,2.7499088062843495,10.944243813782224,-2.6926136549623862
9584,2.734267467864553,10.936995554332531,-2.72377840183221
9585,2.717146202417177,10.929489176574641,-2.7267814643409185
9586,2.6990857347420576,10.921369162056596,-2.7114558371400115
9587,2.681042766177763,10.912929215695966,-2.698913524941443
9588,2.662884876642613,10.904316060162994,-2.699919390640141
9589,2.644726358094251,10.895803271577286,-2.7064814719576966
9590,2.6266132791639394,10.887452453773351,-2.7116100424626217
9591,2.6084771900424735,10.879162606485393,-2.712874983643104
9592,2.5903297099140183,10.870822827194282,-2.7083945757174512
9593,2.572176197498782,10.862369777519675,-2.7024307199787625
9594,2.554178570882839,10.853837076609986,-2.694434515104208
9595,2.5362717717792083,10.845116050486697,-2.682582000937585
9596,2.5185876772290463,10.836212436391126,-2.6670610715381295
9597,2.5010110900329066,10.826987207690667,-2.6524900236627635
9598,2.4833842571821143,10.817569934846196,-2.647791522743513
9599,2.46587455658065,10.808075598711643,-2.641288555142781
,,,
9600,2.448418803897597,10.798433707624932,-2.632397472775186
9601,2.7247242513379444,11.043409816532966,-2.67534122453075
9602,2.720118282065066,11.041013932671877,-2.651752466338207
9603,2.6965124009317836,11.028059187671536,-2.652639475860784
9604,2.6965124009317836,11.028059187671536,-2.652639475860784
9605,2.679552592154239,11.019172290962587,-2.6614094628695253
9606,2.661822281786815,11.009941074409667,-2.6619174288382506
9607,2.644138947020172,11.00072528638484,-2.6602795062153346
9608,2.626443308884624,10.991449738569935,-2.6569523635698307
9609,2.6088492073983227,10.982129456518082,-2.6522109387409367
9610,2.5912734701234568,10.972705084730194,-2.645676215355154
9611,2.573762382778799,10.963134222088238,-2.63816985248966
9612,2.5563805678028513,10.953489090288208,-2.6318940889759346
9613,2.5390039536739843,10.943695322681231,-2.6257809659249824
9614,2.521716986514444,10.933852728652331,-2.6234973724455117
9615,2.504370984419044,10.923954886021962,-2.6221469787413145
9616,2.487011602292123,10.913991417186017,-2.618373808860631
9617,2.469781211357493,10.903985167571394,-2.6125874582621758
9618,2.4526368382787864,10.893861928991528,-2.6029483588929656
9619,2.435671606695754,10.883572780911527,-2.5913573145524733
,,,
9620,2.4187573520882872,10.873093325090862,-2.5828485219363357
9621,2.6799266243479765,11.132825249838401,-2.6776769833261995
9622,2.6744509251519744,11.130031214883951,-2.6604465834044637
9623,2.666052234799824,11.125442250125241,-2.626216026139113
9624,2.6557402283184337,11.119386214550861,-2.599615861683105
9625,2.6407561310584486,11.110115784536019,-2.576823594039204
9626,2.6241003630718707,11.099300721435231,-2.5562895684236495
9627,2.6074808278526405,11.088142904174179,-2.544984034294863
9628,2.5909950614368604,11.07687254696558,-2.5386981099494554
9629,2.574704010352184,11.065606713670313,-2.5349687623310477
9630,2.5582760923386245,11.05425871350133,-2.5405466949794184
9631,2.541723123547927,11.0429533628757,-2.542700405936682
9632,2.525197916864059,11.031603178260319,-2.535271707728053
9633,2.5087717173426927,11.020121633602557,-2.5274550068400203
9634,2.4925357355855535,11.008639041069033,-2.524670406564101
9635,2.4763486286635215,10.997094732094153,-2.5194083269596868
9636,2.460143241140976,10.98540305122119,-2.5159969585373254
9637,2.443848345810244,10.973658338968725,-2.5181317832614485
9638,2.4275966848601165,10.961994328015718,-2.5195292894529246
9639,2.4114989119066044,10.950398649865637,-2.51444729138089
,,,
9640,2.3955154823937104,10.938679976665654,-2.504630710440216
9641,2.46459967904403,10.610691039956148,-2.6550121859869353
9642,2.4580221752084777,10.607227252213908,-2.6605271737063347
9643,2.4459617609282467,10.601100186291053,-2.688238082617068
9644,2.4318844338845844,10.59449576248031,-2.717079781252055
9645,2.415167995494576,10.586998847814655,-2.7222557258935787
9646,2.39684426697551,10.578924130674517,-2.7311002910581146
9647,2.3783765157220307,10.570977147279253,-2.7385589834899395
9648,2.359931198273323,10.563122186824716,-2.737979720854066
9649,2.341594319518089,10.555222451181061,-2.7316714044906862
9650,2.323455952281329,10.547224172883698,-2.7200775958993524
9651,2.305405888934195,10.538980386433774,-2.7067148317935583
9652,2.287304901479026,10.53044563330809,-2.698603045657109
9653,2.2691508801421962,10.521862709637496,-2.699329281228067
9654,2.2511123719695956,10.513292199036217,-2.6961470686853426
9655,2.2332415311907425,10.50467652210141,-2.68921986688848
9656,2.2154367626236176,10.495906478827953,-2.677507302756166
9657,2.19774047473674,10.48687175742445,-2.660838659069189
9658,2.1803436060767196,10.47745674168123,-2.6295880440352457
9659,2.1632753752307523,10.46755755945384,-2.600471154861187
,,,
9660,2.1465781563696757,10.457098497436359,-2.5643956878424454
9661,2.511736714861765,10.522490640302175,-2.6527399268039535
9662,2.508872285400427,10.520926570204832,-2.6395183202146737
9663,2.5029686091158347,10.517664864007703,-2.647084063242467
9664,2.4916482801162942,10.51174943879463,-2.6738405649597654
9665,2.474870590313531,10.503453304983706,-2.68765335693061
9666,2.456809538479417,10.49472178289362,-2.6953953262754067
9667,2.43873598082403,10.486150491653024,-2.703020306387399
9668,2.4205354705680913,10.47779645746417,-2.7209310471285106
9669,2.402165277375892,10.469757320455045,-2.7358445286125606
9670,2.383691272951453,10.461893442285026,-2.743416202011624
9671,2.3651685665397015,10.454202377980538,-2.751688480910449
9672,2.3466668446012444,10.446625170416366,-2.7524929291378886
9673,2.3282541880489886,10.438962951123841,-2.7419719772531668
9674,2.3099564360010767,10.43113984312209,-2.734656975740357
9675,2.291615274669983,10.423201966616702,-2.7320357235998083
9676,2.2732723643841366,10.415224151691495,-2.730952967544276
9677,2.255017322599499,10.407242022005244,-2.727552276309035
9678,2.2367622731369416,10.399169031993079,-2.72346503457496
9679,2.2185829173932,10.391050664975646,-2.720043350526226
,,,
9680,2.2003816379667986,10.38285020918634,-2.715895329814031
9681,2.5582173175374736,10.433944613379662,-2.6526471482356277
9682,2.5539746176679285,10.431593443303479,-2.621317669523788
9683,2.5459169000002175,10.426707490005102,-2.584100503603039
9684,2.53435175848446,10.41943667673977,-2.586077112026587
9685,2.518378814475891,10.409850872885881,-2.6165659366944136
9686,2.500675849530882,10.399977506661294,-2.649550744893725
9687,2.4827977374171613,10.390702823624975,-2.674454657965785
9688,2.4647745859222376,10.381755979447096,-2.688535648691743
9689,2.4647745859222376,10.381755979447096,-2.688535648691743
9690,1.4732980169851466,10.383070891298368,2.686787891727516
9691,1.4552705234194827,10.392035753524029,2.6731324190975125
9692,1.4373553827435352,10.401247476166194,2.6598640557491757
9693,1.4196356825118723,10.410651766609476,2.6475221328466283
9694,1.4020123264029498,10.420284552735177,2.6346306884100543
9695,1.3845995844023984,10.430115947048826,2.6204723888951134
9696,1.3672182916291784,10.440252035649134,2.6066105052617563
9697,1.3500191204024854,10.450594862331101,2.5934824019014093
9698,1.3329665842061755,10.461153255716638,2.580894386831855
9699,1.3159870759467018,10.471962039511592,2.568185037903141
,,,
9700,1.2991825553964547,10.482967799136572,2.554475072015943
9701,2.3711478767874907,10.787504846215185,-2.6554612080094113
9702,2.367327916876963,10.785411416483134,-2.6360046221198936
9703,2.358528120498655,10.780286621795579,-2.597042367233872
9704,2.3451741813783142,10.771988219298786,-2.5812924023141224
9705,2.3282417011063763,10.76147916075446,-2.5929498061017258
9706,2.311018363719167,10.751110252742674,-2.6067635401268445
9707,2.2937894774469036,10.741052491147938,-2.6196976521446578
9708,2.2763590163252516,10.73117497128045,-2.6327582582637636
9709,2.258726925127062,10.721485666945254,-2.645892376080861
9710,2.2408966863393815,10.711993869075949,-2.6590961877402175
9711,2.2229795735375335,10.702763633344194,-2.671976398345675
9712,2.205111339859794,10.69384062963947,-2.6850154349101714
9713,2.187078674682743,10.685127685352736,-2.698319420508142
9714,2.1688579423339154,10.676621373649214,-2.711729054145331
9715,2.1504592689805384,10.668333274130196,-2.7251262941677097
9716,2.1320442786498077,10.660323271753539,-2.737507865782789
9717,2.113558455320036,10.652554708640904,-2.75018679445789
9718,2.0950091932904416,10.645045021394644,-2.7638020298210426
9719,2.0762755613165385,10.637754603511514,-2.777471300733367
,,,
9720,2.0573972220331336,10.630705760953711,-2.7910237119600567
9721,2.3241857185007846,10.875792447965162,-2.649229386284188
9722,2.318863580848512,10.872841996371124,-2.63389355310566
9723,2.3088922921833515,10.867322010417565,-2.646572616377459
9724,2.2946796544994466,10.86000995413801,-2.685699740115449
9725,2.277185621382962,10.8516555892906,-2.7040517596322875
9726,2.2590253836362506,10.843295334307623,-2.716485036811285
9727,2.2406622161672467,10.8351179084628,-2.7291297122999576
9728,2.2221449750611946,10.827155565664802,-2.7420738223014576
9729,2.203572345313626,10.81945960520654,-2.756025559373467
9730,2.184963940973231,10.812054984417868,-2.7694160113376323
9731,2.166289017430631,10.804900896263742,-2.782214375440744
9732,2.147440289118382,10.797953202713781,-2.795090638387401
9733,2.128424432179359,10.791223416779797,-2.80809074263695
9734,2.10929343341176,10.784738967994645,-2.8213993153675934
9735,2.0902715942004013,10.778572263901571,-2.834658955110566
9736,2.071173053117145,10.772654349873433,-2.847695095248009
9737,2.0519219776172144,10.766960988434944,-2.860848065407603
9738,2.032513809108477,10.761499799079482,-2.8740776936830565
9739,2.0129015479520924,10.75621036702192,-2.8761243272731885
,,,
9740,1.9933625846793255,10.750696791181333,-2.8508853700217727
9741,2.2774894947705846,10.964213457871091,-2.6530106083355034
9742,2.271161411382293,10.960774981636343,-2.6404667872765977
9743,2.2581096481935274,10.953487401073803,-2.6237851091090905
9744,2.243082249355739,10.944637524328375,-2.594152809416559
9745,2.227018917136508,10.934394666769357,-2.5529159938949286
9746,2.2106941856758384,10.922984686516052,-2.512476159570996
9747,2.1949990557889762,10.911160378402359,-2.4791285743360723
9748,2.1795881418059997,10.898729860834745,-2.448069503165234
9749,2.164404766348431,10.885856314927777,-2.43018351380666
9750,2.149271160422386,10.87259859359269,-2.4140363687051103
9751,2.1342748572494856,10.859117333819443,-2.4052056524783074
9752,2.119449210847573,10.845599941279815,-2.3975665478522
9753,2.1049249848135023,10.832086111005752,-2.3844642201971213
9754,2.0906895665740652,10.818391727747255,-2.3674696044008123
9755,2.0765831297063495,10.804405937639045,-2.353616897427205
9756,2.062619149318529,10.790171424157064,-2.339009480790471
9757,2.0488348061782977,10.775681728766463,-2.3236961516955166
9758,2.0353161048410433,10.761082200863896,-2.3122426804703653
9759,2.0220265038339402,10.74639350338893,-2.300840294137988
,,,
9760,2.0088766398569993,10.731519720142758,-2.2877489976936793
9761,2.0503928118471437,10.212880663217575,-2.072917304899872
9762,2.047030308742505,10.206926426259976,-2.1061061630731968
9763,2.040668868344494,10.19682441596054,-2.159804009600014
9764,2.031589732866704,10.183758433048574,-2.1911020440483857
9765,2.0200004662823954,10.167775755409497,-2.2064193166694905
9766,2.0078981290247806,10.151651922567321,-2.2227365174439253
9767,1.9955444881535898,10.135684683041172,-2.2354019126647127
9768,1.983089702733893,10.119973096105896,-2.248255543130397
9769,1.9704923936936434,10.104520569232038,-2.260418870991243
9770,1.9576646119187182,10.089132817903769,-2.270845806970923
9771,1.9447322208694076,10.0738224721635,-2.2736542037015925
9772,1.9317188566555332,10.058497751242836,-2.2758107356660324
9773,1.918713107718229,10.043240261201229,-2.2758498412752393
9774,1.905856233460602,10.028098067484072,-2.274274581866945
9775,1.892989054453026,10.012895980230754,-2.272040292815129
9776,1.8801190774881322,9.997601902809162,-2.2686757298084035
9777,1.8672661623116047,9.982209706109899,-2.26392537031053
9778,1.8544955012631394,9.96678563966492,-2.25958151527604
9779,1.84193844217745,9.951439818972561,-2.2541921885262823
,,,
9780,1.8294283624497503,9.93599108547643,-2.2495650581049067
9781,2.138050372606646,10.16473812401012,-2.069864894962904
9782,2.1334852547002283,10.156426550302598,-2.0783044085874436
9783,2.1258263839495504,10.142902676419792,-2.093201063246108
9784,2.11712880140745,10.128033275125999,-2.1130916991700346
9785,2.1069230896424758,10.111585703964513,-2.138913743082942
9786,2.0957589532038696,10.094682871273223,-2.170700784669832
9787,2.0840500469010057,10.078104352564539,-2.2004753636969796
9788,2.0719388610334604,10.061912651237009,-2.224647386880332
9789,2.059530368223665,10.046020817150993,-2.244344933706089
9790,2.0468981813165397,10.030530688903346,-2.265254500695279
9791,2.0340030983568567,10.015317788564492,-2.2838291742577708
9792,2.0206731730106284,10.000196398959998,-2.303056806400162
9793,2.0071199675173794,9.985306849546971,-2.31203512493131
9794,1.9935335010751416,9.970562458179705,-2.3201198769346187
9795,1.9797287358971785,9.955888679798445,-2.3321115711339377
9796,1.965910616725692,9.941557109526922,-2.3435514966218984
9797,1.9519198296041738,9.92728821728206,-2.347848740005291
9798,1.9379496567770012,9.913092703436936,-2.348027030437188
9799,1.9239640984153434,9.898843338245756,-2.3456167155090055
,,,
9800,1.90996073377125,9.884512509052591,-2.3440059507172535
9801,2.2263211122341566,10.117757883960516,-2.0754689501600376
9802,2.224345659621216,10.114201644354061,-2.0898710173779587
9803,2.220544768488541,10.107468802730287,-2.0802005427273667
9804,2.214225583660202,10.095981664714913,-2.0738697658629004
9805,2.2051425578721964,10.079912500529202,-2.1006467634860706
9806,2.1945160617900767,10.062498369011461,-2.1375859854538346
9807,2.183345093176442,10.045632840341202,-2.1738877822945053
9808,2.1717024691633426,10.029299499425877,-2.2066468465964477
9809,2.159489614410132,10.013233507277041,-2.233936611760699
9810,2.146845712656958,9.997447549215456,-2.258328244589564
9811,2.133910161675868,9.98203927360434,-2.2798174914680436
9812,2.1206360112822438,9.96687359078708,-2.3001542387640685
9813,2.1070154081999966,9.95193605670389,-2.3208599030868595
9814,2.093117887477255,9.93734020985342,-2.3435640665504005
9815,2.0789711862357736,9.923153264641016,-2.367551442803082
9816,2.0645982141305983,9.909347065456817,-2.383621585489468
9817,2.0499556064941764,9.895648448144703,-2.3943639473977534
9818,2.0351137127243186,9.882033312521829,-2.4056123666318228
9819,2.02001170568214,9.868560630603533,-2.4220857086227663
,,,
9820,2.0047994509971514,9.855481708778376,-2.441340878761553
9821,1.8749594877796536,10.308884010089134,-2.0707325121600877
9822,1.8715650751246955,10.30268270482895,-2.0770160863627223
9823,1.8639465791522352,10.28908400675792,-2.0848945444681832
9824,1.8540023879156111,10.271599621091662,-2.090253421060521
9825,1.844053600742821,10.254244568089472,-2.0927211105375614
9826,1.834159243925559,10.237059673546751,-2.0929844743393065
9827,1.8242293371186977,10.219769163321242,-2.0915392958489814
9828,1.814280256495771,10.20239538483557,-2.090965855380472
9829,1.8042793944177447,10.184965965967528,-2.092622850963823
9830,1.794291422058097,10.16762815452489,-2.094105113988186
9831,1.7843420759905904,10.150406663380243,-2.0962512128140363
9832,1.7743149863155825,10.133162541859939,-2.099096910536907
9833,1.764203924040989,10.115881613511275,-2.101245242657718
9834,1.7540349569510054,10.098568355416058,-2.10184678504825
9835,1.7439063141456703,10.08128612294156,-2.099070791979881
9836,1.7338986360051027,10.064077051379755,-2.0975086405640875
9837,1.7238868007561758,10.04685130665791,-2.097598108029099
9838,1.713818056660263,10.02956204104311,-2.099584724782761
9839,1.7036663850471256,10.012237225936891,-2.1014338966032162
,,,
9840,1.6935449591527987,9.994950614279912,-2.097599652121748
9841,1.7874062127765302,10.357174292342306,-2.0717654187440497
9842,1.7854404225533287,10.353592780074077,-2.086399220979249
9843,1.7797639773299805,10.34387482805844,-2.11107897437428
9844,1.7706764311828556,10.328855906585527,-2.113767408397798
9845,1.7603869815646156,10.311644851116574,-2.1039315148697373
9846,1.7504020192373555,10.294525460547698,-2.0931605345910707
9847,1.7406710934119811,10.277327476573339,-2.0773900585593177
9848,1.7311687840090533,10.259890418035527,-2.0644158952167984
9849,1.721793498802746,10.242253078877596,-2.0545639775111537
9850,1.7125378721990796,10.224472565352091,-2.0459302069663545
9851,1.7034736122460068,10.206683993660967,-2.0381184964449446
9852,1.6946367501818758,10.188955434426994,-2.0294794129272473
9853,1.6858784906394377,10.171075177161441,-2.024138388844339
9854,1.6771318972304152,10.153072045938893,-2.0214572505286537
9855,1.6684228597363622,10.13500446831629,-2.017501602638901
9856,1.6598459840145614,10.117003301796942,-2.0132659643371302
9857,1.6513980079225152,10.099025705882845,-2.0078857419960423
9858,1.6430155908161128,10.080969408405684,-2.00426984608675
9859,1.6345998227530742,10.062799004093913,-2.0058726380817444
,,,
9860,1.6260905300774482,10.044592834069318,-2.0100346181980875
9861,1.699482513888814,10.404894866140229,-2.0722305052875662
9862,1.698057086587293,10.402219228854479,-2.0668480128940816
9863,1.694613368627291,10.395556017474984,-2.0324404921225883
9864,1.688714735728245,10.382919975289063,-1.9885201894825129
9865,1.6811876255575295,10.36539425056256,-1.9677417161576833
9866,1.6737901653072822,10.347210589645886,-1.9455914468710536
9867,1.6667459630259758,10.328677694169063,-1.9234767296595972
9868,1.660138914308023,10.310195153012948,-1.9067403079390974
9869,1.6537003436325655,10.291419150665083,-1.8977684942440565
9870,1.647384393026867,10.272567215895702,-1.891591273457994
9871,1.6411461062236297,10.253655045609083,-1.887086826318843
9872,1.6349719769987539,10.234647135938307,-1.8837438635407049
9873,1.6287973747700506,10.215573121703052,-1.884621930750158
9874,1.6226325286729315,10.196565145156118,-1.8848182301990082
9875,1.6164520734542787,10.177585659907333,-1.886631544679037
9876,1.6102550119813897,10.158666700605286,-1.8881726671866959
9877,1.6040065832285846,10.139662650362315,-1.8881850825141107
9878,1.5977781339930501,10.120624056911272,-1.8857322703943904
9879,1.5916206131678272,10.101642604845457,-1.8838998624975116
,,,
9880,1.5854647595855882,10.08259871784709,-1.8845075394199562
9881,1.881527462963958,9.627150154115865,-1.7312646924255717
9882,1.8802777586711035,9.619847732174852,-1.7501398186036206
9883,1.8777055050791622,9.605950509989286,-1.7554793613725952
9884,1.8746920555687367,9.589681141473033,-1.7560760257765269
9885,1.8709416407546933,9.570547506099638,-1.775509499531124
9886,1.8665872863315853,9.550743226187604,-1.8004077419459115
9887,1.861729670555466,9.531122087743556,-1.8262862289206845
9888,1.8563878230804454,9.511522531251407,-1.8452593139361866
9889,1.8508208424320927,9.492261524233788,-1.862064840704264
9890,1.8447874353518785,9.472969644560285,-1.8871197747045092
9891,1.8382528833306988,9.45377952909901,-1.9096162244061066
9892,1.831332738829295,9.434755753077994,-1.929276612749448
9893,1.824149651613132,9.416103001017886,-1.9475050652495844
9894,1.8165951954539585,9.397504517656301,-1.9669001128314991
9895,1.8086395742286785,9.378989981252793,-1.984230525571469
9896,1.8004375990148525,9.360554664151044,-1.9977981914937255
9897,1.7919416060740676,9.342335206812992,-2.0175937085343403
9898,1.7831123258266073,9.32437783060455,-2.03726661435581
9899,1.7740258716413018,9.306697027475437,-2.0551291508084635
,,,
9900,1.764465068811716,9.288953194033848,-2.076009006017884
9901,1.9803274243184756,9.611695308135111,-1.719803429994488
9902,1.979560371324659,9.605596528339987,-1.6784585399323508
9903,1.9786375757775145,9.595016570842052,-1.646684557456507
9904,1.9786375757775145,9.595016570842052,-1.646684557456507
9905,1.9786375757775145,9.595016570842052,-1.646684557456507
9906,1.2668730244174173,9.024440521058684,2.980947530212317
9907,1.2469005543079876,9.027989279512889,2.9500849061520813
9908,1.2271084795628138,9.032130007038045,2.920005426085256
9909,1.2074473441698097,9.036864115874094,2.890213351629415
9910,1.1878726663774384,9.042199301990792,2.8602071438519836
9911,1.1685137264828007,9.04810935422103,2.829083431190419
9912,1.1494041809758284,9.054615254377962,2.7976673704337576
9913,1.1305590739026994,9.061683846909258,2.767544270889033
9914,1.111856000154909,9.069347340432298,2.737219961660829
9915,1.093317420154501,9.077610834927448,2.7067580139987055
9916,1.0749950645914392,9.086459811182912,2.6763381838188467
9917,1.0570652029224927,9.095790885899756,2.646773154226469
9918,1.0395256069564447,9.105596233029107,2.6157017159448546
9919,1.022195486733441,9.116010105562516,2.5848369747815756
,,,
9920,1.0051436036762118,9.126989495072657,2.5538471449375746
9921,2.079151837757689,9.596334972267599,-1.7142967790279189
9922,2.0783033765022094,9.589405966976607,-1.6814049967909555
9923,2.0769470514015005,9.575858122854989,-1.6680812837401713
9924,2.0749450904622466,9.557015740728495,-1.690070810332475
9925,2.0722474711409116,9.53702495043293,-1.720525796293824
9926,2.068945493774008,9.517153853821416,-1.7507654639312955
9927,2.060493477035278,9.47752775434643,-1.811790428867187
9928,2.060493477035278,9.47752775434643,-1.811790428867187
9929,2.055349614141855,9.457864255033115,-1.8421856753595591
9930,2.0496462165227296,9.438472291214259,-1.8717108106839244
9931,2.043390776047058,9.419315042941589,-1.9025301200444362
9932,2.036522754614952,9.400341929994495,-1.9338517929766719
9933,2.0290333774476954,9.38150573205414,-1.9648774165964076
9934,2.021020156932661,9.363005752249775,-1.9948556420421624
9935,2.0124260446541045,9.34469229175404,-2.0248775187816683
9936,2.0032473989286452,9.326573746810277,-2.055076500392832
9937,1.993499836375646,9.308707866401042,-2.085605781037623
9938,1.983330023721419,9.291332340813144,-2.1162976220681182
9939,1.972613515612599,9.274256209089687,-2.1467119942319646
,,,
9940,1.9613463667204536,9.257461201224782,-2.177325455261769
9941,1.6837552312986073,9.656991229115317,-1.7236889451742234
9942,1.6825935968738677,9.648788750210722,-1.6992930193944946
9943,1.6813359167797945,9.637470106129733,-1.671268996873636
9944,1.679772812617159,9.621649634107118,-1.6753106355220628
9945,1.6773975347418264,9.602093422107185,-1.7082073268340348
9946,1.674322630022649,9.582093186808837,-1.7390415667209538
9947,1.6706615020084312,9.562300976695354,-1.7688594959862092
9948,1.6663884312627284,9.54252214576724,-1.7989746281069134
9949,1.6614975834335297,9.522799049311772,-1.8292594669045787
9950,1.655996301082157,9.503197379625023,-1.8596877825952396
9951,1.650071798285165,9.48421365158596,-1.886349750852717
9952,1.6438736042662416,9.46558454207455,-1.8954699812202578
9953,1.637445053530931,9.446643942689368,-1.9008735160702115
9954,1.6308990435940764,9.42767026961825,-1.9048779573161156
9955,1.6242651872185696,9.408677675860519,-1.9094556337371504
9956,1.617581830666504,9.389833882917111,-1.9143083358087978
9957,1.6108149574438528,9.371119775001015,-1.9226293145661986
9958,1.6038095297767507,9.352345708477328,-1.9338925662536284
9959,1.5965311799601751,9.333560134644998,-1.9483595339662907
,,,
9960,1.588964626923996,9.314867651878682,-1.9620696264024555
9961,1.5851206462787277,9.673397745998194,-1.7230370381152185
9962,1.5843641102993828,9.668422931804344,-1.7371461949800149
9963,1.5824578303124028,9.65831891011252,-1.7779228820140254
9964,1.5790783570752744,9.643220112362208,-1.7987573854381536
9965,1.574669499696258,9.623995458308885,-1.79153648747862
9966,1.570402721164177,9.604526951969147,-1.782040587623242
9967,1.5663930400172856,9.585336104696012,-1.771354434955178
9968,1.5625878633206134,9.565887866823731,-1.7593844480615013
9969,1.5588364045273357,9.546229558152719,-1.7606625788585821
9970,1.5550277729118744,9.526514275001816,-1.7621764581893535
9971,1.5512113928968811,9.506802686702219,-1.761302184856256
9972,1.5474608440637394,9.487253614285398,-1.760374610560186
9973,1.543689383235744,9.46767369363433,-1.7633248805929267
9974,1.5398117309590318,9.448030020386724,-1.768340343683824
9975,1.5358381215534036,9.428341816517493,-1.7717366778729327
9976,1.5317864894530393,9.408663830349996,-1.7771598601553649
9977,1.5276452100419555,9.38912955124352,-1.7824227359609466
9978,1.5234192438853837,9.369686850214325,-1.7870985474862715
9979,1.519056171999481,9.350131672177314,-1.7955778937619356
,,,
9980,1.5144664712223235,9.330532717358778,-1.8059365138099013
9981,1.486296780679828,9.688709536046513,-1.7153342564607599
9982,1.4856678574356936,9.683648970394627,-1.6885507202246242
9983,1.4846353466946673,9.67457355141605,-1.6885132371121028
9984,1.4827584194614583,9.659763059744376,-1.7038545684753164
9985,1.4802403900737955,9.640565822806872,-1.6960298352938667
9986,1.4778502473211088,9.62069394679346,-1.6852725178823427
9987,1.475676716399365,9.600869775461254,-1.675303944963778
9988,1.4736871416381023,9.58117212141011,-1.66731592752299
9989,1.4718727325674081,9.561393259009078,-1.6566825529834657
9990,1.4702855244513757,9.541525305378391,-1.6441063536000406
9991,1.4689106953358009,9.521552057086506,-1.6378674628908922
9992,1.4675733722023632,9.501479026729967,-1.6347934306856928
9993,1.4663669261580563,9.481676641359766,-1.629831065037015
9994,1.4652316041096893,9.461796099982221,-1.626800019496547
9995,1.4641232660009502,9.441820792604807,-1.6255074827396538
9996,1.4630396544038526,9.421778318559626,-1.6237864912025275
9997,1.4619771920597449,9.4017414977231,-1.6232668343548626
9998,1.4609457051542278,9.381909116401477,-1.6220385313713286
9999,1.459963789959345,9.362040235689244,-1.6180395462928039
,,,
10000,1.45907462819541,9.342097361257343,-1.6126026119512857
10001,1.7896990856348367,8.985215821149907,-1.7082495514156626
10002,1.7885753579783408,8.977431889584532,-1.715570082219302
10003,1.7871237307613694,8.967822473981164,-1.724976550648868
10004,1.7849873346003187,8.95462541101399,-1.7389699533881036
10005,1.7815791051557528,8.93561299313411,-1.756758744652389
10006,1.7776619524027726,8.915776521655086,-1.7766297443865244
10007,1.7733211139691842,8.89602437272912,-1.7975125887218277
10008,1.7686145878364747,8.876468858896043,-1.816021314075202
10009,1.7635780225002458,8.857106619738962,-1.8355396062025622
10010,1.7581282341364906,8.837732634329598,-1.8542938801133506
10011,1.7522776828684763,8.818440043021349,-1.8793826972449335
10012,1.745908429471421,8.799315244700528,-1.90391821012587
10013,1.7391652596280118,8.780354779023158,-1.9203613640661288
10014,1.7321214714285178,8.761468166073245,-1.935805027352188
10015,1.7248532488892312,8.742879209760034,-1.95140508890653
10016,1.7172973789835295,8.724305754604073,-1.961674014385376
10017,1.7096293337197688,8.705882973768825,-1.9690097934903958
10018,1.7017999305094413,8.687450037516498,-1.9755972926555119
10019,1.6938270305754466,8.668997441756963,-1.9822047671308234
,,,
10020,1.6857216580173666,8.650639056001722,-1.992458853050253
10021,1.8889979433864204,8.9730898586591,-1.7050654239357652
10022,1.888521108989715,8.969036215249481,-1.6823614963873237
10023,1.8875845058119194,8.958893484253167,-1.6504416500168042
10024,1.886367538553246,8.943210250810282,-1.6532553341131442
10025,1.8844366639604513,8.923443117862455,-1.6851468951051898
10026,1.8817788837114136,8.903368689011455,-1.720076668934417
10027,1.8784526483260648,8.883506321974044,-1.7521038678312224
10028,1.8745888236770214,8.863777644870948,-1.7741846135981958
10029,1.870312493657883,8.844032089150037,-1.7946965216575954
10030,1.8656331328556637,8.824391488771267,-1.8147543703268605
10031,1.8605715720241798,8.80489789685282,-1.8359784934365295
10032,1.8550939359350966,8.785516500639082,-1.855308125275444
10033,1.849255665842331,8.766261362392974,-1.8783490251512944
10034,1.8428293530929707,8.746982357904736,-1.9053298895283775
10035,1.8360195062062041,8.7279516303903,-1.9252557618393995
10036,1.8288026478198631,8.709124978857933,-1.9483819519893373
10037,1.8211460627045797,8.690410167354424,-1.969532572103253
10038,1.8131607117656146,8.671872286761001,-1.9836077725161103
10039,1.8050284667416183,8.653560529126619,-1.994195927767497
,,,
10040,1.796779857883614,8.63542756986633,-1.9995915737251049
10041,1.987892916981427,8.958297105336834,-1.706679186493673
10042,1.9865101825810179,8.948265122196055,-1.7112008207210057
10043,1.9839734604494004,8.9310159701514,-1.72460342840495
10044,1.980763448543552,8.91168217730927,-1.7465598057464338
10045,1.9770174284807533,8.891961798624758,-1.770474403860183
10046,1.9728118549615532,8.872285614394384,-1.7920422554169326
10047,1.9681716505051836,8.852620632828058,-1.8140888219513485
10048,1.9630582722967165,8.83304004726746,-1.8405922236078713
10049,1.9574472791823305,8.813684250340385,-1.8626349033088265
10050,1.9514696730551397,8.794337065780457,-1.8807675100635681
10051,1.9451242175697825,8.775325300908815,-1.9047580062156815
10052,1.9383214873289765,8.7563416376779,-1.9245872555164165
10053,1.9312636614332257,8.737828270408942,-1.9485437957899774
10054,1.9236032113702473,8.71918868982744,-1.972128146247454
10055,1.915529866514135,8.700677691345701,-1.9917152322162899
10056,1.9070883979114563,8.682279337957686,-2.0104024993637934
10057,1.8983687298361451,8.664154413626626,-2.0290036852421474
10058,1.8893991880688903,8.646287334642953,-2.043085065903225
10059,1.8801711416384583,8.62850473670266,-2.0553447848946154
,,,
10060,1.8706829135787042,8.610746972798264,-2.0694371051267324
10061,1.591603561285714,9.012776828147102,-1.7060820961985677
10062,1.5908732061051436,9.007072470244603,-1.6972238285392334
10063,1.5899227921750332,8.999322753329903,-1.6978615746330783
10064,1.588196294471811,8.986493337337333,-1.7127343577938057
10065,1.5852963492842707,8.967339535627703,-1.7285637818757327
10066,1.581992569530686,8.947433834161068,-1.742512822170794
10067,1.5784357211323414,8.92764891093139,-1.7547247762503024
10068,1.5746550946694051,8.907965361033972,-1.7669747506055917
10069,1.570625827031942,8.888397644104227,-1.781590910593483
10070,1.5662676171151926,8.868759637683967,-1.7963320766855784
10071,1.5616246311049347,8.84915144846607,-1.8114957430508976
10072,1.5567184971171613,8.829704159501794,-1.8226531628732836
10073,1.551649061221182,8.81029476539419,-1.829437922094395
10074,1.5464848898338985,8.791014762991843,-1.836415387200017
10075,1.5411777426577167,8.771723916516397,-1.841496460215305
10076,1.5357981130012348,8.752439719306317,-1.8438309582741579
10077,1.530415038728046,8.733228153971067,-1.8444950360476267
10078,1.5250195277675225,8.713978038644163,-1.8427089230880145
10079,1.5196589298712662,8.694698044275468,-1.8435244229708496
,,,
10080,1.5142612753460079,8.675490767063287,-1.845159150790737
10081,1.4925991760885726,9.026701278748277,-1.7016709348385166
10082,1.491947487688812,9.020688426601744,-1.661159064368475
10083,1.4912454290392863,9.010110851273941,-1.6203495356235789
10084,1.4906242040783566,8.993242534289557,-1.603916372537219
10085,1.489870914578735,8.973161982927063,-1.6179294708915901
10086,1.4887111823739625,8.95304705388179,-1.6370336591443253
10087,1.4872456439180082,8.93312508306973,-1.651897453575564
10088,1.4854834624672757,8.913118324563323,-1.6648213039237483
10089,1.4834985581119058,8.893091585539588,-1.673731911280203
10090,1.4813759039730363,8.873191132931783,-1.6794976401149864
10091,1.4792037830491869,8.85343418790999,-1.6823128454910325
10092,1.476953980786014,8.833637462041107,-1.6865584979920185
10093,1.4745964876568916,8.813780891284729,-1.6913314809588837
10094,1.4721593038341467,8.793874681052321,-1.6932129268241247
10095,1.4697007278090668,8.773941799520832,-1.693849237140762
10096,1.46724959777051,8.75413767286006,-1.6949336767662333
10097,1.4647953806622178,8.734392769637124,-1.6937720440862074
10098,1.4623730576776601,8.714598298356739,-1.6914193302649674
10099,1.4599852863545308,8.694720821769007,-1.6894168230156779
,,,
10100,1.4576136933225612,8.674780804321577,-1.6895177565022943
10101,1.393609468401566,9.041102331778246,-1.7088700168422868
10102,1.3932771321740127,9.038373857131164,-1.6996869365479148
10103,1.3923168434805357,9.03013537305658,-1.677161791480635
10104,1.3908223377702431,9.014136379373495,-1.6556397822312483
10105,1.389175123203878,8.994190361835933,-1.6493552442222066
10106,1.3876748547597528,8.974276895714436,-1.6430133245029102
10107,1.3862880417060164,8.954666689239984,-1.643087142471575
10108,1.384831104874132,8.934774777442135,-1.6444931710620616
10109,1.3833535230856844,8.914821946843858,-1.6452819766904716
10110,1.3818619838180421,8.894814669094474,-1.6444322296072191
10111,1.3804053605514142,8.874871432654285,-1.6432730308820611
10112,1.3789796197422726,8.855057599955458,-1.6436128703058828
10113,1.3775133801633648,8.835175341432716,-1.6453097799352658
10114,1.3760120876983097,8.815234040702924,-1.6469812632073277
10115,1.3760120876983097,8.815234040702924,-1.6469812632073277
10116,1.3760120876983097,8.815234040702924,-1.6469812632073277
10117,1.2724190811005796,7.80072254350484,-1.6970738620145192
10118,1.269903702757986,7.780877965357508,-1.696957471869401
10119,1.2673803467078257,7.760965409914584,-1.6968630507186628
,,,
10120,1.2648500208571372,7.741051207076461,-1.6969343128029102
10121,1.6935955499132502,8.352396926992851,-1.7969290889518217
10122,1.692700755951842,8.348434680979182,-1.796041435725085
10123,1.6858130377476779,8.318350753769831,-1.7968742166522786
10124,1.6858130377476779,8.318350753769831,-1.7968742166522786
10125,1.6813067819857137,8.298773905348531,-1.7969444457776675
10126,1.6768410506297207,8.27935268633832,-1.7971974048531347
10127,1.67237453696487,8.259949547866498,-1.7970794784203379
10128,1.6678964093088238,8.240480155263484,-1.7969556161075941
10129,1.6634042198747714,8.220942475436212,-1.796844600260673
10130,1.6588993620762493,8.201360937944598,-1.7968182516719664
10131,1.654424522110255,8.181910401011875,-1.7970643064557537
10132,1.6499619239610688,8.162514222447491,-1.7969533476266004
10133,1.6454891404785004,8.14305680217437,-1.7968295475196443
10134,1.6410025231110623,8.123530882855093,-1.7967151596291242
10135,1.636501959150885,8.103948987595976,-1.7966610222237578
10136,1.6320196973953942,8.08446637408705,-1.7969909001664746
10137,1.627562785689262,8.065072742438781,-1.7968275693238007
10138,1.6230953535932062,8.045627668356229,-1.7967042025358315
10139,1.6186143036995975,8.026113744348462,-1.7965861457859116
,,,
10140,1.614118572515236,8.00653689613061,-1.7965077211473017
10141,1.790980803199863,8.33005671371075,-1.7978577791205386
10142,1.7906882528438388,8.328543156148632,-1.7962435963890466
10143,1.7891977328270543,8.321943687611899,-1.7916853577114675
10144,1.785991566596193,8.307483681652045,-1.7873781781646279
10145,1.7816932846486522,8.287919322586962,-1.7871116593758114
10146,1.777384220737224,8.268325781466116,-1.7872966122081655
10147,1.773112945489623,8.248890371917096,-1.7874257469159707
10148,1.7688336640805329,8.229428946860446,-1.7872975289222532
10149,1.7645420672776648,8.209898329662222,-1.7871718297366705
10150,1.7602367075798746,8.190300099294072,-1.7870643317709247
10151,1.755922062719445,8.170687463698709,-1.7870990203294481
10152,1.751648321493439,8.15123235192992,-1.7873158533359887
10153,1.7473732567139606,8.131781696314807,-1.7871850017376074
10154,1.7430867086529231,8.112262986798536,-1.7870555303151148
10155,1.7387867680245999,8.092676116989434,-1.7869412973299885
10156,1.7344753518413079,8.07305316502541,-1.7869352744106137
10157,1.7301972747200598,8.05357205944383,-1.7871981129749013
10158,1.7259253099081548,8.03412888513882,-1.7870748547563906
10159,1.7216437440285595,8.01462236705857,-1.7869441898287481
,,,
10160,1.7173490545492973,7.995047398304624,-1.7868257812688702
10161,1.8883332652252502,8.306987493216917,-1.798233429369232
10162,1.887571948712892,8.303808314299507,-1.8031687139122736
10163,1.8863081360576381,8.298421469042987,-1.8051515955280142
10164,1.8836012347746969,8.28710400481448,-1.80713111712242
10165,1.8791288169072045,8.269141458389248,-1.8274709957121404
10166,1.8736338229753544,8.24943927995972,-1.8564315054240008
10167,1.8676942991396557,8.229807466353183,-1.8735879852466253
10168,1.8615850820861073,8.211070190464993,-1.8987198216688832
10169,1.854959638299555,8.19222241873148,-1.9180227325331858
10170,1.84795761621688,8.173338978612406,-1.9336177056247708
10171,1.8406889296457416,8.15456318338098,-1.9469786264183233
10172,1.8332197844958042,8.135963456400894,-1.9579542624169837
10173,1.8255519142795196,8.117410863531408,-1.967114997451809
10174,1.8178372182245939,8.09910585799469,-1.9730520322383194
10175,1.8099462102091723,8.080699012816327,-1.9774158086770628
10176,1.802025158219663,8.06228981505956,-1.9764643485344677
10177,1.794214676933,8.04396627094102,-1.9714329341904921
10178,1.786416588564371,8.02546234993252,-1.970500698190715
10179,1.7786027229742292,8.007114744329629,-1.9765111857343909
,,,
10180,1.7706943132816715,7.988768380410991,-1.9783324965070062
10181,1.4985552538871734,8.396708655412185,-1.7905601996224842
10182,1.4975117340302586,8.391387640178447,-1.7479060570182652
10183,1.4958407625018182,8.38030462579774,-1.7025666800484551
10184,1.4937818028867946,8.363698577436896,-1.695172336662852
10185,1.4910956007395588,8.343896892484423,-1.7158988845735936
10186,1.4879990613739895,8.323983775258982,-1.7340625048962168
10187,1.484610675704455,8.304251763427228,-1.7477571805907788
10188,1.4809374661007835,8.284473790961888,-1.7623438737305512
10189,1.4769241500281467,8.264672842029192,-1.778583006688417
10190,1.4726541406612754,8.245039720674376,-1.7913259278409854
10191,1.4682663239368934,8.225782872466736,-1.8012148033145379
10192,1.463556534015002,8.206438109837077,-1.8154333694126457
10193,1.458653618115582,8.187001353041637,-1.8187072333420264
10194,1.453775997592725,8.167559205245409,-1.8134632808068267
10195,1.4489909803546832,8.14804430151169,-1.809028430278995
10196,1.4442939794121699,8.128700450120427,-1.8093139026711502
10197,1.4395691844884708,8.109345698927184,-1.8110947098524373
10198,1.434801098794799,8.089941860070244,-1.8117732083240192
10199,1.4300397250920274,8.070478973871069,-1.8083879446097324
,,,
10200,1.4253526847243425,8.050914906034697,-1.8039545316423509
10201,1.401299535839687,8.419869612879838,-1.7962919695320756
10202,1.4007385981977094,8.417246311996974,-1.7899323599796289
10203,1.3987624238901835,8.408116447474704,-1.7810156388230167
10204,1.395188978334256,8.391043329181743,-1.777668677358136
10205,1.3909288633311665,8.371299565723481,-1.789056521833423
10206,1.3864869636753558,8.351740646781995,-1.7997116061186622
10207,1.3819116715414805,8.332393235606204,-1.8040358986924683
10208,1.3774307999041482,8.313040958938696,-1.7922230781956314
10209,1.3731092237291889,8.293504855027942,-1.788593561456724
10210,1.3687580304980964,8.273883890086873,-1.789595036713433
10211,1.3643893709903876,8.254328979269385,-1.7911504690273148
10212,1.360048376297803,8.234925374173999,-1.7905693746661904
10213,1.3557291107932075,8.2154756705933,-1.7882999174750736
10214,1.3514355033086303,8.195938532912377,-1.786561234701455
10215,1.3471350138244038,8.17631813591537,-1.7872509160413517
10216,1.342784958891002,8.156703005363061,-1.7902904030626474
10217,1.338419377832298,8.1372805910217,-1.792829624005443
10218,1.334076027559355,8.117873208753508,-1.7882764441304797
10219,1.3298315356460944,8.098371230095136,-1.782283766165041
,,,
10220,1.325667952124763,8.078760786107479,-1.777928709356399
10221,1.3037137602667224,8.442024515774605,-1.798268975744718
10222,1.3033164819627583,8.440252584782181,-1.7989105424796792
10223,1.3020776490239105,8.434781020456084,-1.7911749950538813
10224,1.2993924573013111,8.422323506880156,-1.7764571671029818
10225,1.2955361185742387,8.403249444005723,-1.7675768055438865
10226,1.291658558348222,8.383684277033334,-1.7645212960106202
10227,1.2879161855603463,8.364190724595165,-1.7556999541929637
10228,1.2843986205576812,8.344696674466626,-1.7423959379102065
10229,1.2811653746957723,8.325148190329797,-1.7306203912448836
10230,1.278026795525823,8.305431010662648,-1.7237042766827184
10231,1.2751035162985416,8.285694684352755,-1.7139689231760138
10232,1.272293189086059,8.26593277049971,-1.7103492524905282
10233,1.2695522559306327,8.246099036172948,-1.704829372141667
10234,1.2670133380412654,8.226390663831959,-1.693268274238818
10235,1.2646913103524369,8.20659969121398,-1.6817406266442454
10236,1.2626021249635515,8.186827780884188,-1.672085226524421
10237,1.2606421054776078,8.166980330962364,-1.6654619106662207
10238,1.2588486397709893,8.147092631007316,-1.656933169185155
10239,1.2572265531755205,8.1272278663854,-1.6479493640217984
,,,
10240,1.2557195760766886,8.107305754611843,-1.6452051829774919
10241,1.6309459583501744,8.043197471245291,-1.7029729659102941
10242,1.630082328198131,8.037341033088575,-1.7325762691611313
10243,1.6279460172493947,8.025141314204852,-1.7525266158402095
10244,1.6250970643641232,8.009508666563995,-1.7533005062312927
10245,1.6214869699150842,7.990926338027769,-1.7767004075118666
10246,1.6170090834768693,7.971134456289742,-1.8086802162110784
10247,1.6119202839079008,7.951244844337185,-1.8366967733231445
10248,1.606266415215608,7.931795465384701,-1.8703748369172106
10249,1.6001296075396783,7.912689606414146,-1.8905135271803963
10250,1.5937450216156315,7.893683318050726,-1.8984716228182692
10251,1.5872459585120913,7.874669961297658,-1.9023672759792025
10252,1.580645057501886,7.855657772647144,-1.9073093775117997
10253,1.5740024809154174,7.836824944651016,-1.9134841702525576
10254,1.5672364961427685,7.818071893974949,-1.9194684300671319
10255,1.5603862594317928,7.799287953119959,-1.9224284717369475
10256,1.553413841634273,7.780435607225092,-1.929037277149435
10257,1.5462438621820511,7.761575125380615,-1.9387613269939088
10258,1.5390063522404855,7.742998620987669,-1.945090030496489
10259,1.5317623950549928,7.724624840025817,-1.9470399351755734
,,,
10260,1.5244311484129536,7.706060723321917,-1.9471237766396001
10261,1.7300775675604803,8.03003092798847,-1.6957340163943877
10262,1.7291607712149988,8.02230402676167,-1.6829202337600848
10263,1.7280892784338835,8.011387613757256,-1.660632076757855
10264,1.726832141377404,7.997282779214109,-1.6671948237533167
10265,1.7246538198499142,7.978509028613467,-1.7071027096142097
10266,1.7214809480942639,7.958413223714143,-1.7482860710235326
10267,1.717536387209042,7.938620088409232,-1.7863275360508244
10268,1.7128662817418734,7.918889549080962,-1.821982882331697
10269,1.7074223293172517,7.899262724339593,-1.8584323570340007
10270,1.7013902912775034,7.879855172318213,-1.8864881508351174
10271,1.694906669712761,7.8608685177289495,-1.913628241913367
10272,1.6879822311230581,7.842129079657308,-1.9343153754541655
10273,1.680711140850447,7.823419601986144,-1.9482135466388788
10274,1.673199475282939,7.804754444788581,-1.958269663050635
10275,1.6655248252759545,7.786142946351673,-1.9656325611296848
10276,1.657790538042865,7.767689954194526,-1.9685124632048308
10277,1.6501068857368446,7.749429996729798,-1.969863725594351
10278,1.6423552180319438,7.731025115199524,-1.9731139627367829
10279,1.6343455294619043,7.712608606699546,-1.9862888506836585
,,,
10280,1.6261154877569806,7.694176781089384,-1.9947751597246757
10281,1.8293884725438863,8.018185235478251,-1.695392983836352
10282,1.8288295620250619,8.013623077177565,-1.7084681495474874
10283,1.8272913328056224,8.004086146229618,-1.7551395372127745
10284,1.8239791058345374,7.988840598343742,-1.8114302963262296
10285,1.8190276739278404,7.970136490123384,-1.8473735340187036
10286,1.8131869531322529,7.950755179693323,-1.8814190865479354
10287,1.8066166195675852,7.931522192801924,-1.9161278940291233
10288,1.7995633192549627,7.912530100791476,-1.9359164428780042
10289,1.7922724957237655,7.893850774270418,-1.9506391634501743
10290,1.7847826512862712,7.8753798955526815,-1.9608328502049115
10291,1.777085480166646,7.856901200314851,-1.9700323949669287
10292,1.7692127534491988,7.838424483168673,-1.9773551362349242
10293,1.7611869738890151,7.8199497174687345,-1.9826281970911428
10294,1.7531784774733044,7.801616105325359,-1.9833657315336053
10295,1.745128376985771,7.783368669030269,-1.9894835845924979
10296,1.7369274392951273,7.765128648705895,-1.9983050350713
10297,1.7284889621792676,7.746884014683106,-2.0091611959091
10298,1.7198677276671126,7.728685478715061,-2.0163646968077322
10299,1.7112681369506206,7.7106657906752005,-2.0163674256349218
,,,
10300,1.7026514825032868,7.692694779506375,-2.020872309297033
10301,1.4324835804714713,8.06792441151422,-1.6981092966333382
10302,1.4314498858367775,8.059963030473412,-1.7041959085479292
10303,1.4293397406693449,8.044381046048038,-1.7054335724740854
10304,1.4268869832389701,8.026234777899354,-1.7071967558684273
10305,1.4240958038390563,8.006579825878003,-1.7177837933231668
10306,1.4210442276521111,7.986841679855784,-1.7313275815085372
10307,1.4176889879843886,7.967017463085787,-1.7475934515425344
10308,1.4139197562837384,7.947167280482268,-1.7699308236581994
10309,1.4097287672533594,7.927494492579163,-1.7917086655687653
10310,1.4050969264916804,7.907846413456897,-1.8129511168413837
10311,1.4001039379111535,7.888430383371452,-1.8312035128910034
10312,1.3949556733220105,7.869493041285588,-1.8411101004686259
10313,1.389539164331398,7.850206191099298,-1.847508843109112
10314,1.3840711375880281,7.831033164039215,-1.8494300147335372
10315,1.3785772605771263,7.811808029557152,-1.84833647826433
10316,1.3731167267284392,7.792531669292156,-1.8452522472626418
10317,1.3677347876440122,7.7733413201201556,-1.8436964850970772
10318,1.3623815627692155,7.7541107347147085,-1.8414443147564208
10319,1.3570979471103306,7.734929399410611,-1.8392401854003766
,,,
10320,1.3517725228185713,7.715653849925607,-1.8407760433212457
10321,1.3332400858934232,8.080319231386017,-1.6999829451641322
10322,1.3323711788558592,8.074207310906797,-1.7328871344118615
10323,1.3304527072447392,8.063915901839472,-1.7758864201679265
10324,1.3274046295660142,8.049750737485274,-1.7855898455946635
10325,1.3233546599919537,8.03100277862524,-1.7833645163377922
10326,1.319151060257514,8.011422240546148,-1.7828638235162628
10327,1.3149181559096863,7.991849696209728,-1.7862822946565686
10328,1.3149181559096863,7.991849696209728,-1.7862822946565686
10329,1.3149181559096863,7.991849696209728,-1.7862822946565686
10330,1.1888180227053815,6.963682662867017,-1.5960071643827123
10331,1.1883484075966502,6.943690031971636,-1.5923931934860414
10332,1.1879455248023858,6.923629241974853,-1.5886487590717397
10333,1.1874024173581104,6.883772547100123,-1.5808614413614464
10334,1.1874024173581104,6.883772547100123,-1.5808614413614464
10335,1.1872406038463441,6.863869909946838,-1.5772248861918354
10336,1.187148597761312,6.843886567170011,-1.5735474575974078
10337,1.187124385429075,6.823827404462702,-1.5697893785050807
10338,1.187179608299744,6.803765823730956,-1.5658288759847108
10339,1.1873226519982956,6.7839006783470355,-1.5620523744025658
,,,
10340,1.234204376633067,8.094058969969552,-1.6963404058576954
10341,1.2336657579907244,8.089943258266207,-1.6972827442427232
10342,1.2336657579907244,8.089943258266207,-1.6972827442427232
10343,1.2323370434840424,8.079605524272353,-1.6988461072792276
10344,1.228645104248283,8.051839611401105,-1.710335197184567
10345,1.228645104248283,8.051839611401105,-1.710335197184567
10346,1.2259127555963694,8.032332614307284,-1.70829540775374
10347,1.2205532404571389,7.992577460795139,-1.7006121953327213
10348,1.218006934136803,7.972800847460508,-1.6971160453125032
10349,1.218006934136803,7.972800847460508,-1.6971160453125032
10350,1.213151217911815,7.93329233233801,-1.689243884361109
10351,1.210821724909781,7.913410822368538,-1.685318484992827
10352,1.2085581570192427,7.893465578992694,-1.681487650528253
10353,1.2085581570192427,7.893465578992694,-1.681487650528253
10354,1.2043025388630038,7.853864863015402,-1.6741855579072824
10355,1.2043025388630038,7.853864863015402,-1.6741855579072824
10356,1.2022892368595781,7.834046666468324,-1.6701390965622875
10357,1.2003441183936883,7.814139955663313,-1.6661351184152673
10358,1.1966724277563279,7.7742713950589195,-1.6591194740218818
10359,1.1949626724133346,7.75444083404032,-1.655390799167828
,,,
10360,1.1949626724133346,7.75444083404032,-1.655390799167828
10361,1.582256962721216,7.404232064414253,-1.6231764613987554
10362,1.58201819412746,7.399904567595775,-1.624151061542511
10363,1.5813179617615563,7.387591602042491,-1.6337778513542778
10364,1.5801106301144938,7.370971817055285,-1.6538629075061047
10365,1.5785214796481104,7.352694357786801,-1.6590728480450156
10366,1.5768189893454942,7.3329040430899814,-1.6546563167374497
10367,1.5751889373401402,7.3130074033772745,-1.650445262754443
10368,1.573633236993461,7.293032629762201,-1.6463812045235335
10369,1.572161821616861,7.273134774796361,-1.6433942447612628
10370,1.570753786369684,7.253223104983601,-1.6401160698663153
10371,1.5694186412046771,7.233369697303936,-1.6359801261964642
10372,1.5681618717211354,7.213457348167811,-1.6317197288915086
10373,1.5669809700967903,7.193470634748613,-1.6275623246938629
10374,1.5648504698453507,7.1536221231227834,-1.6214113478722276
10375,1.5648504698453507,7.1536221231227834,-1.6214113478722276
10376,1.5628202563082816,7.113908823932481,-1.640874422830773
10377,1.5609356312361513,7.093561206938379,-1.6862572286109878
10378,1.5609356312361513,7.093561206938379,-1.6862572286109878
10379,1.558139469826847,7.0732890440816725,-1.7284034966014854
,,,
10380,1.550215693573017,7.0334837509059245,-1.808886815907952
10381,1.6819504896008546,7.396054877815426,-1.6283001502784986
10382,1.6819504896008546,7.396054877815426,-1.6283001502784986
10383,1.6804571593379156,7.371857232075494,-1.6383256444532746
10384,1.6804571593379156,7.371857232075494,-1.6383256444532746
10385,1.679298857824711,7.356355720635846,-1.6573915280257951
10386,1.6738187685619677,7.316527611183068,-1.7631298000285864
10387,1.6738187685619677,7.316527611183068,-1.7631298000285864
10388,1.6638736714964701,7.276844098532101,-1.8714591671401266
10389,1.6638736714964701,7.276844098532101,-1.8714591671401266
10390,1.6574078881322138,7.257669460599614,-1.917638933639625
10391,1.6424069573453077,7.21942800124234,-1.960042707431376
10392,1.6424069573453077,7.21942800124234,-1.960042707431376
10393,1.6347261200646284,7.2009311335426345,-1.9692150126081256
10394,1.6269273705726925,7.182493605320768,-1.9729565251912242
10395,1.6190879176187642,7.164165093470409,-1.9772182740138247
10396,1.611153839058793,7.14578653309753,-1.979151601990834
10397,1.5953816869489665,7.1091310543937745,-1.9735873515787208
10398,1.5953816869489665,7.1091310543937745,-1.9735873515787208
10399,1.579804170511242,7.072357988972809,-1.9716774193552742
,,,
10400,1.781982856810165,7.393762164630688,-1.6231761812986816
10401,1.781982856810165,7.393762164630688,-1.6231761812986816
10402,1.7818811325811772,7.391362225486032,-1.6036104108325508
10403,1.781824837656036,7.38416035108624,-1.5652047980252235
10404,1.7819824529111254,7.371818000585149,-1.5583912658445662
10405,1.7814402750205462,7.3339497469054376,-1.6217544276844071
10406,1.7800116191858626,7.313822194801963,-1.6613318151240555
10407,1.777749665064621,7.293583016876141,-1.7060068585116934
10408,1.777749665064621,7.293583016876141,-1.7060068585116934
10409,1.770166990315572,7.253448800599972,-1.8111088514817593
10410,1.764809763990825,7.233738888641691,-1.8619146635368036
10411,1.7584576274025077,7.214272234594527,-1.9101475689364087
10412,1.7584576274025077,7.214272234594527,-1.9101475689364087
10413,1.743447034456,7.176612846474327,-1.9872966768018159
10414,1.743447034456,7.176612846474327,-1.9872966768018159
10415,1.726734744342814,7.140234925753497,-2.0138859831955833
10416,1.7180140262009092,7.122094485047875,-2.023459743717107
10417,1.7091046312208484,7.103996188214082,-2.033766670725394
10418,1.7001569320739855,7.086241159001106,-2.0405364039062897
10419,1.6911668786784335,7.068578917607737,-2.0424868039670394
,,,
10420,1.6820859420233547,7.050797855570621,-2.043882762480415
10421,1.3823001347165078,7.410543430879274,-1.622796139005422
10422,1.38176956427185,7.399176427977833,-1.6125745450578937
10423,1.38176956427185,7.399176427977833,-1.6125745450578937
10424,1.3812988359805258,7.3852306973412265,-1.601496595489656
10425,1.379530156214719,7.348129043059249,-1.6443003305250783
10426,1.3777525645310804,7.327943119659974,-1.6739304787501537
10427,1.3777525645310804,7.327943119659974,-1.6739304787501537
10428,1.3754005105945393,7.307866102315911,-1.6999375405502857
10429,1.37259451788161,7.287909758214081,-1.721381078804511
10430,1.3693893990387724,7.26797733065166,-1.7394406309480503
10431,1.3658401235289155,7.248153585991797,-1.7574703543543717
10432,1.3619384698821444,7.228463207794157,-1.775453464830556
10433,1.3577294915718034,7.20889671879519,-1.7896670915112438
10434,1.3487645578620213,7.169784413765124,-1.800073120390614
10435,1.344168927114459,7.150218172660192,-1.802024588988038
10436,1.3396019640326677,7.130802809850139,-1.8019824199384626
10437,1.3396019640326677,7.130802809850139,-1.8019824199384626
10438,1.3350672098787955,7.111440976230353,-1.8000076957243474
10439,1.3261300555494375,7.072524764009591,-1.792562841870509
,,,
10440,1.3217578618024521,7.052951808989228,-1.7871040758570205
10441,1.3217578618024521,7.052951808989228,-1.7871040758570205
10442,1.2825712750045022,7.418728420686629,-1.6299547509581087
10443,1.2819809973479008,7.405550116597364,-1.6070938090571767
10444,1.2814774518258942,7.388971418574794,-1.6017087732794169
10445,1.2806895289918598,7.368813364461583,-1.6182780852341598
10446,1.279558833410361,7.348659005366738,-1.635169358202099
10447,1.279558833410361,7.348659005366738,-1.635169358202099
10448,1.276343871323425,7.308498600736646,-1.6617998700836338
10449,1.276343871323425,7.308498600736646,-1.6617998700836338
10450,1.2724540654151864,7.268532461239906,-1.6718399678545162
10451,1.2724540654151864,7.268532461239906,-1.6718399678545162
10452,1.2704081121512156,7.248578275315478,-1.6741946062346464
10453,1.2683519005037613,7.228783056987385,-1.6751011594656482
10454,1.2662758906170888,7.208964742791629,-1.6754118635770763
10455,1.2621361671592668,7.169135286567427,-1.6731112523649643
10456,1.2621361671592668,7.169135286567427,-1.6731112523649643
10457,1.2601050714892912,7.149184795833115,-1.671022859742688
10458,1.2581669883793538,7.129410889314742,-1.666882397242164
10459,1.2563094056582818,7.1096284701276415,-1.6620422009168534
,,,
10460,1.2528493934971194,7.069801072377442,-1.6532213812212553
10461,1.2528493934971194,7.069801072377442,-1.6532213812212553
10462,1.1826469153531347,7.422490154157612,-1.6186161129479455
10463,1.1821625888889866,7.408928577067385,-1.6085743130252115
10464,1.1821625888889866,7.408928577067385,-1.6085743130252115
10465,1.1815714763390395,7.394053848962223,-1.6128711097033412
10466,1.1807226904196628,7.374099316822509,-1.6136979709407875
10467,1.1790624268739598,7.334052012261903,-1.6098871160774109
10468,1.1783063128831421,7.314196982771245,-1.6085799080973682
10469,1.1775627501281458,7.2942634876191095,-1.6076902083543942
10470,1.1768392349868064,7.274255816616526,-1.606189325096041
10471,1.1761437025948582,7.254189933310918,-1.604050453282483
10472,1.1761437025948582,7.254189933310918,-1.604050453282483
10473,1.175502205265025,7.234166470193006,-1.6010038964548294
10474,1.1749323985915558,7.214315395337043,-1.5985780885728198
10475,1.1743986572638199,7.194393881676368,-1.596878652678432
10476,1.173890317113375,7.174391497458854,-1.5956838639349122
10477,1.1734034516950895,7.154323340735379,-1.5941205879476636
10478,1.1729456158993568,7.134270994842372,-1.5924369766559596
10479,1.1721993671635424,7.094535308755542,-1.5857798041189675
,,,
10480,1.1721993671635424,7.094535308755542,-1.5857798041189675
10481,1.5522133453842617,6.755356544223694,-1.6238235439658044
10482,1.5519683890156832,6.751130406765142,-1.625096941865993
10483,1.5507329767635625,6.728999269467696,-1.6337762855992146
10484,1.5495398914674043,6.713077415342752,-1.6607531853970456
10485,1.5473545760637013,6.693019885164266,-1.6981970595775675
10486,1.5443975391617588,6.67290306382545,-1.7368912240792118
10487,1.5443975391617588,6.67290306382545,-1.7368912240792118
10488,1.5406937264238976,6.653036997226281,-1.772807161984552
10489,1.5363024058040946,6.632992585454221,-1.7999881589067857
10490,1.5314843793229282,6.613185527934075,-1.8178906886215562
10491,1.5212649561192095,6.574600330071316,-1.8387211140177377
10492,1.515934843492626,6.555370136334083,-1.842444634527032
10493,1.5105509427710877,6.536093666906579,-1.8440784549258893
10494,1.5105509427710877,6.536093666906579,-1.8440784549258893
10495,1.4996244497426303,6.497483587097742,-1.8506217669507623
10496,1.4996244497426303,6.497483587097742,-1.8506217669507623
10497,1.4884858361834508,6.459162501541776,-1.8563571125934926
10498,1.4884858361834508,6.459162501541776,-1.8563571125934926
10499,1.4771745844296333,6.420739684572673,-1.8572000199391185
,,,
10500,1.65207325375457,6.750058899228649,-1.623822217959129
10501,1.65207325375457,6.750058899228649,-1.623822217959129
10502,1.6520243755808715,6.749193372265324,-1.6217300368647094
10503,1.6518591067316568,6.744777373933878,-1.6070481691035616
10504,1.6515434083253802,6.733383904271894,-1.5947766692238028
10505,1.6510038286542512,6.716571105612318,-1.6153213326662805
10506,1.6477312454700745,6.6771381601305535,-1.6941404287552853
10507,1.6477312454700745,6.6771381601305535,-1.6941404287552853
10508,1.6408728243600055,6.636468482180939,-1.7799657849507151
10509,1.6363027416161586,6.616782100390846,-1.818917509133165
10510,1.6363027416161586,6.616782100390846,-1.818917509133165
10511,1.6251270217471898,6.577804568879109,-1.8686929975291369
10512,1.6190960562240115,6.558561321062058,-1.8801283520575673
10513,1.6190960562240115,6.558561321062058,-1.8801283520575673
10514,1.6127090369868828,6.538954383592927,-1.891371190861854
10515,1.606208077745582,6.519597553228157,-1.8981439533488589
10516,1.5997645291438203,6.50073560193908,-1.9016333141097739
10517,1.593264238027361,6.4818313907928555,-1.9025225645625898
10518,1.580180885542371,6.443875367474901,-1.9025281113756065
10519,1.573696100745323,6.4250399264066145,-1.9021472979905225
,,,
10520,1.751932341062021,6.7447566318329315,-1.6238216138925532
10521,1.751932341062021,6.7447566318329315,-1.6238216138925532
10522,1.7517069365250058,6.740655224087891,-1.624901117917946
10523,1.7510043927379857,6.728023253366865,-1.6300151054133478
10524,1.7480724409504924,6.6918231755806925,-1.6778054217316545
10525,1.7480724409504924,6.6918231755806925,-1.6778054217316545
10526,1.7420604532086679,6.651301999218587,-1.7657366127046688
10527,1.7375899956297285,6.631360443084615,-1.8178556786915638
10528,1.7375899956297285,6.631360443084615,-1.8178556786915638
10529,1.7259106100116133,6.592410783610081,-1.8948730326367855
10530,1.7259106100116133,6.592410783610081,-1.8948730326367855
10531,1.7192435368393097,6.573079143995626,-1.9101613994345152
10532,1.7123596195756403,6.554066614332788,-1.926116589086152
10533,1.7052562384529033,6.535341016779094,-1.939838295290976
10534,1.6909385939042374,6.49808183220701,-1.9337809093112885
10535,1.6909385939042374,6.49808183220701,-1.9337809093112885
10536,1.683857094505549,6.47933852429404,-1.9296302465014383
10537,1.676827820968762,6.4605332359467,-1.926694303232451
10538,1.669921380481295,6.44186503858397,-1.9236859291698731
10539,1.3742419744313366,5.447310134864223,-1.7988021279538584
,,,
10540,1.3742419744313366,5.447310134864223,-1.7988021279538584
10541,1.3524752163000837,6.765646037083063,-1.622052132338607
10542,1.3522771128364772,6.760717466841974,-1.6059123184138657
10543,1.3519458588198539,6.748977819039889,-1.6007690429932675
10544,1.3513071557272465,6.732644392166203,-1.6213732903367497
10545,1.3502656525025953,6.71378688776792,-1.6276166391926552
10546,1.3491582951657322,6.693837924999139,-1.6254543792845606
10547,1.3480949180148705,6.673916672486392,-1.6226330170852628
10548,1.3470880582897746,6.653945168620645,-1.619931918897791
10549,1.346133887273869,6.634077398310136,-1.6185917382181259
10550,1.345195837796789,6.6141159596886085,-1.6170246593002928
10551,1.344296228453058,6.594132065511289,-1.615092439260223
10552,1.3434404232060242,6.574203507594742,-1.6122894756982211
10553,1.34263964023351,6.554234823996829,-1.6094844830437292
10554,1.3418973899223834,6.534353449449459,-1.607981035389973
10555,1.34117242677182,6.514393028373662,-1.6063855091006412
10556,1.3404829251016057,6.4943947261997765,-1.6045636800433223
10557,1.3398350658447353,6.474439215833383,-1.6019218791527408
10558,1.3392406339733531,6.454474338691439,-1.599032950463101
10559,1.3387097189995658,6.434580409384195,-1.5973464895551368
,,,
10560,1.3381975393876482,6.414634203469347,-1.5957753150876879
10561,1.2526070066859638,6.770828672746309,-1.622078572279599
10562,1.252451554232467,6.766331187907835,-1.5902079139214622
10563,1.2525786746573189,6.7564792047657605,-1.5348150774436977
10564,1.2534262401559007,6.741504054976489,-1.5050346221365738
10565,1.2546952053467124,6.722266922918577,-1.5049795847140326
10566,1.2560272656963503,6.70230571440933,-1.503237817536151
10567,1.2574015046469222,6.6824071144251285,-1.500519947940065
10568,1.258832673968151,6.6625103399036405,-1.4974287363967338
10569,1.260331295695926,6.642599257933039,-1.494828288351082
10570,1.2618653143019045,6.6227181995861635,-1.4930555829568752
10571,1.2634351463983295,6.602778874762414,-1.4912993784599378
10572,1.265047152705418,6.5828367728271555,-1.4890402139706052
10573,1.2667068085653093,6.562994233591051,-1.4857267969946146
10574,1.2684389818322666,6.543105925792024,-1.4829621837457858
10575,1.2702090965579407,6.523254855134316,-1.481126458349615
10576,1.272016095040689,6.503347409340307,-1.4793499230144098
10577,1.2738644236400967,6.483401126219769,-1.4773040423647354
10578,1.2757575897641893,6.463576299550386,-1.4740340748398661
10579,1.2777212989456552,6.4437152857630835,-1.4711421315927744
,,,
10580,1.2797269996546647,6.423893691716879,-1.469219559968209
10581,1.1527448276900911,6.77615422385806,-1.6238988484024512
10582,1.1524453645362618,6.770235728614364,-1.6171053675023872
10583,1.152125053543811,6.758717259489128,-1.579516668509595
10584,1.152326977297504,6.744182418515884,-1.5419330992992768
10585,1.1529461666764274,6.7260279695548855,-1.535725762699693
10586,1.1537247999072922,6.706157256786394,-1.5273686811187075
10587,1.1546722471135633,6.686189145886503,-1.5198626997250395
10588,1.155737120713738,6.666211327534871,-1.5148804894353445
10589,1.1569116992558417,6.646360003578504,-1.5087656374039602
10590,1.1582129325493205,6.626534103838146,-1.5026721945016768
10591,1.1596143512428645,6.606656952914601,-1.4979028316812895
10592,1.1611296908465811,6.5867191820397295,-1.4916191076603373
10593,1.162770962348352,6.566750290921895,-1.4862368893385658
10594,1.1644821460371089,6.546874668751959,-1.4832799818552067
10595,1.1662840497147346,6.527099287119712,-1.4770583785939322
10596,1.1702322352216241,6.487392862586596,-1.4676590439371096
10597,1.1702322352216241,6.487392862586596,-1.4676590439371096
10598,1.1722938039902357,6.467404885839318,-1.4687597788618632
10599,1.1743261560176381,6.447512259284803,-1.4684583898712784
,,,
10600,1.1763743960204331,6.427690249333602,-1.468878143927661
10601,1.5208706475723988,6.107944963227034,-1.6068183847904547
10602,1.5206087360083533,6.100788716665441,-1.6082033116962609
10603,1.520057417739793,6.0861587722333175,-1.6114387762263709
10604,1.5181302762891262,6.051239662977753,-1.6511562236965625
10605,1.5181302762891262,6.051239662977753,-1.6511562236965625
10606,1.5161241281731082,6.031045124484911,-1.6885058155944161
10607,1.5133995843168007,6.010931511719329,-1.72274500651652
10608,1.5100292832911688,5.991053823111007,-1.7550057431588733
10609,1.506047099203754,5.971255805827408,-1.7840129813779646
10610,1.5015236164501344,5.951463220486019,-1.8047261927079363
10611,1.4967074499874824,5.931842278752001,-1.8182596474070978
10612,1.4916530037662683,5.912361851488765,-1.8313922827698361
10613,1.4863956846932143,5.893102571085292,-1.8437039718677963
10614,1.480840304229892,5.873828536432923,-1.859613868882041
10615,1.4749995684719048,5.854589643538362,-1.8716943328812783
10616,1.468917978777997,5.8353523258407805,-1.8830298547835473
10617,1.4626058008791605,5.81622296741431,-1.8959717037800008
10618,1.4560994532393126,5.797340047300534,-1.9112165261415144
10619,1.4491760921536352,5.778398938257065,-1.9308326045884157
,,,
10620,1.4419583294620664,5.759557757165172,-1.9403930021139433
10621,1.620810350563365,6.104545762091536,-1.6051155064093414
10622,1.6207135767180703,6.100404075846176,-1.5815913527113457
10623,1.6207996289132913,6.092430610945822,-1.5541571271455297
10624,1.620983132627617,6.08010077321803,-1.5647218732401444
10625,1.620786343935477,6.0623146319554495,-1.6008897913164724
10626,1.6197974033892062,6.042035505684416,-1.6384693372201053
10627,1.618074194006034,6.021801909269557,-1.6750987392076884
10628,1.6155247720743762,6.00155041732946,-1.7172961879889017
10629,1.6121334858905119,5.981392603396836,-1.757382711490662
10630,1.6079942993833563,5.961493890313276,-1.7942793010010918
10631,1.6031615387630003,5.941786469536807,-1.8277672546665744
10632,1.5978379125028543,5.922392355898175,-1.8477386012716683
10633,1.5922053982502373,5.903077480767006,-1.8616138962856994
10634,1.5863103248903476,5.883846543705831,-1.8763839776290674
10635,1.58010806622747,5.8647793766505725,-1.89353449489112
10636,1.573620594075605,5.84576758749482,-1.9058081554618724
10637,1.5669368464466582,5.826929617068058,-1.9190015200062942
10638,1.5599389698479105,5.8080776093138065,-1.933475556601023
10639,1.5450117814515674,5.770532485981445,-1.9566072471971616
,,,
10640,1.5450117814515674,5.770532485981445,-1.9566072471971616
10641,1.7207401946996206,6.100932929079167,-1.6072462606151763
10642,1.720498401942831,6.095622522128519,-1.627871071682578
10643,1.7197132729785083,6.085976749348311,-1.6805975257105943
10644,1.718075361523623,6.073552980954907,-1.7214203786508884
10645,1.7152472536564427,6.056429675099074,-1.748157585334843
10646,1.7113035944900314,6.036492080312809,-1.7847190551706282
10647,1.7065943975033149,6.01663363647026,-1.822926318052561
10648,1.7011519979116927,5.99672055288174,-1.8495215369585922
10649,1.6955785924911564,5.977473756678393,-1.8565671814034457
10650,1.683911825197699,5.939150578104982,-1.8766786678427099
10651,1.683911825197699,5.939150578104982,-1.8766786678427099
10652,1.6777575157965967,5.920020089136181,-1.8888516763513004
10653,1.6713397650587956,5.90104575210509,-1.9041837047883523
10654,1.6646857123367664,5.882118819381086,-1.913698238745809
10655,1.6578579789095194,5.863311799478018,-1.9263596694350065
10656,1.6507235194276715,5.844540181506813,-1.9394033794796837
10657,1.6434371810751371,5.825887826887354,-1.9482989774500217
10658,1.6359748400317995,5.807346618158993,-1.9591748195635033
10659,1.6282552562031534,5.788789295507218,-1.9708905878153198
,,,
10660,1.6203252796684033,5.770309404165572,-1.981990094589658
10661,1.3210049500868306,6.11536976289203,-1.6069340424759642
10662,1.32085471347371,6.103823852629356,-1.562700603470121
10663,1.32085471347371,6.103823852629356,-1.562700603470121
10664,1.321188072053067,6.090136987060742,-1.538675532627173
10665,1.3216862728460885,6.071416571375948,-1.5548681901328563
10666,1.3217439282021164,6.051125134393919,-1.5810683857431937
10667,1.3213006517574244,6.031101609247026,-1.604288600607936
10668,1.3204270305426675,6.01104108062601,-1.6248030538525444
10669,1.3191589295036512,5.990945395461646,-1.6429603147423169
10670,1.3175328909008066,5.970807144266856,-1.659633754924375
10671,1.3155961749672807,5.950721932828413,-1.6741411869254703
10672,1.3133914265630806,5.930784770571385,-1.6874953268349926
10673,1.3109309085896834,5.910961102835303,-1.7001695187870947
10674,1.3082691086496374,5.89110224373069,-1.7081088379592535
10675,1.3054268936912632,5.871189376202784,-1.7165271448921087
10676,1.3024662785606016,5.8513934121585045,-1.72300144907584
10677,1.2993203163272988,5.831588078172702,-1.7336489697191029
10678,1.296045388794069,5.812049749351167,-1.7402899488332202
10679,1.2926407857465034,5.79237398271163,-1.7449423165480111
,,,
10680,1.2891057318701495,5.772720399527119,-1.7557819801306627
10681,1.2210721939412377,6.118836253754159,-1.6036099944403208
10682,1.2209790042748994,6.114039166589711,-1.5850717336418494
10683,1.2208885307999782,6.1031493782794275,-1.5834086711871176
10684,1.2204713104461002,6.087521345784167,-1.6139433112680561
10685,1.2194873027458437,6.068643197619164,-1.6271267823107356
10686,1.218362645626547,6.048685880077936,-1.6278309348403397
10687,1.217219230050479,6.028735904753447,-1.6284676033970957
10688,1.216058122116003,6.0087433213913615,-1.6295497107151395
10689,1.2148634312581237,5.988838645606709,-1.6333318662027014
10690,1.2135575532739022,5.968844965162653,-1.6386689567280401
10691,1.212152570087455,5.94887720507143,-1.6437868676930811
10692,1.2106857715314996,5.928958736901991,-1.64429144419127
10693,1.209231617143217,5.908997643571874,-1.6426767662630637
10694,1.207816974095502,5.889103528363438,-1.6420561027169198
10695,1.2063929273884153,5.869158418345055,-1.6424785328872307
10696,1.204963180473847,5.849216192381542,-1.6426587842905394
10697,1.2035365733559615,5.82931327747743,-1.6421085359074337
10698,1.2021239266965162,5.809358399280042,-1.640721916709767
10699,1.2007482884967504,5.789431818728277,-1.6398000339540975
,,,
10700,1.199371259305635,5.769511456359538,-1.6402350196960653
10701,1.121142129663204,6.1224736046202395,-1.6037752758573502
10702,1.1210839945379552,6.11831938335137,-1.5717428186701674
10703,1.1213536380167521,6.10762451692336,-1.52817255108452
10704,1.1234956113635017,6.071023243901321,-1.5105622376581451
10705,1.1234956113635017,6.071023243901321,-1.5105622376581451
10706,1.1247392940764211,6.051083969618206,-1.505739597384624
10707,1.1261002747878204,6.031346896489077,-1.5001171619238136
10708,1.1275067692521379,6.011414992775973,-1.5016340478539536
10709,1.1288428102605628,5.991424657710085,-1.5066348185642264
10710,1.1300887622804403,5.97149692059646,-1.5094299159710398
10711,1.1313262613099966,5.951536061103907,-1.5080554562316366
10712,1.13260509817993,5.93171441317808,-1.5052919488795422
10713,1.1339218869859626,5.9117906726695395,-1.5049653242061192
10714,1.1352263075507543,5.8918031612317865,-1.5065330587009345
10715,1.1390300493140924,5.8320009522103105,-1.5062593281115062
10716,1.1390300493140924,5.8320009522103105,-1.5062593281115062
10717,1.1390300493140924,5.8320009522103105,-1.5062593281115062
10718,1.140334538739564,5.812093617467325,-1.5045623505047188
10719,1.1416746295285778,5.792136707557508,-1.5030760628933115
,,,
10720,1.1430171562963538,5.772079803915105,-1.506301080203111
10721,1.4988468828849828,5.4575274970475345,-1.6190528378611588
10722,1.498667777828036,5.452996831305798,-1.60241971932692
10723,1.4985857080919123,5.444336894132129,-1.567598621251492
10724,1.4987257263670377,5.4308951014014974,-1.5605572835933388
10725,1.498712386208024,5.412140915313653,-1.5871244853100517
10726,1.4980106301875513,5.391799050022441,-1.623772973801725
10727,1.4965845116825023,5.3716723671348925,-1.6620635361882614
10728,1.4942755501838934,5.3514695229338045,-1.7084677581582668
10729,1.4909771385340829,5.331300080339922,-1.757239580921733
10730,1.4867541742962151,5.31136761980443,-1.8026264763112527
10731,1.4816792012054416,5.2916889453626865,-1.8444581001678086
10732,1.4757508206665486,5.272147829255084,-1.8862321004891678
10733,1.4691248883278056,5.252902319546467,-1.9196758164208736
10734,1.4618389237667202,5.233965657464427,-1.955907043480723
10735,1.4540464548109153,5.215343671136626,-1.9762494490104805
10736,1.4459931820973109,5.196956534505366,-1.9949639522034672
10737,1.4373232640432758,5.178587654334606,-2.0269317320907256
10738,1.4281919658651492,5.160484057616229,-2.049072142439414
10739,1.418711993728558,5.1425371684286,-2.063380711741934
,,,
10740,1.409238447722421,5.125095453251584,-2.07412848522047
10741,1.5987206427046672,5.452487185670134,-1.6199035155116535
10742,1.5983705166444802,5.445516734542854,-1.6213943088674414
10743,1.5977430922155174,5.432280811822258,-1.6187843440648397
10744,1.5970195509471043,5.417465315251679,-1.6243463305478438
10745,1.5958050754147595,5.398972208942317,-1.6531035666817728
10746,1.5937297441483824,5.378670310112859,-1.6932568996488744
10747,1.5908377241491538,5.358603560895316,-1.7368334062195516
10748,1.587045196881631,5.338819962516362,-1.7832096013266703
10749,0.7879639473051043,5.107452025405415,2.3472950401997403
10750,0.7879639473051043,5.107452025405415,2.3472950401997403
10751,0.7740689123647686,5.122183785411701,2.3043806877440387
10752,0.7608179577655869,5.137519751287712,2.2618029439130187
10753,0.7481890188625172,5.153461835418706,2.218976756947121
10754,0.7362209779955624,5.169981245524153,2.1760801183431555
10755,0.7250380602424128,5.1868712365009175,2.1344240125346214
10756,0.7145216510963459,5.2042960520812365,2.092488829012776
10757,0.7047133179247402,5.2222115989103965,2.050258158821902
10758,0.6956705560552707,5.240537003052351,2.0075442493827738
10759,0.6875017421620737,5.2590269831575505,1.9652225127751073
,,,
10760,0.6801033012440137,5.277905218082963,1.9227111548581979
10761,1.698557015499638,5.44672325272772,-1.6197448987277883
10762,1.6981609412706482,5.438158779656044,-1.6143240864730075
10763,1.6977357631464067,5.426141097312837,-1.601885696036988
10764,1.697249334612947,5.411062717875319,-1.609527217369884
10765,1.6961631685647638,5.391496925864508,-1.6466235714258224
10766,1.6941896007664352,5.371183272874295,-1.6894424160272792
10767,1.691385942077907,5.35116719625153,-1.731475900445474
10768,1.6877231638044474,5.3312121287988745,-1.7739196616616437
10769,1.6831965648817295,5.311350766510037,-1.8165743454238426
10770,1.6778090665905447,5.291648436749253,-1.8592232971512008
10771,1.671639153355281,5.272300581410928,-1.9009134158694565
10772,1.6646372886311323,5.2531651924779625,-1.9427873562495197
10773,1.6568461850424685,5.234349991183184,-1.985572922841443
10774,1.648282544688665,5.216006565014551,-2.029628956755207
10775,1.6389412283464637,5.198045594731766,-2.071926075476213
10776,1.6288203482543788,5.180448669617479,-2.1143453928100797
10777,1.6179156139505608,5.163227426213195,-2.1569614821581378
10778,1.6062568133421122,5.146446775687903,-2.1995496339280414
10779,1.59398523685113,5.130274759448474,-2.2410423668697526
,,,
10780,1.5810109287791745,5.114581632083168,-2.2830798192061104
10781,1.2990513188517,5.466762657496174,-1.6262060235975138
10782,1.2987374905025417,5.461990854377993,-1.6486096471127432
10783,1.2980851116853545,5.453528337730913,-1.64926895164568
10784,1.2970279590778258,5.439715854926381,-1.650529910545451
10785,1.2952466764964425,5.420865484990308,-1.6837164282806785
10786,1.2925117356108824,5.400601427683429,-1.7262673379207563
10787,1.2889620571384597,5.380623163138113,-1.7675406504899707
10788,1.2845701793409388,5.360729757140913,-1.8095087309845308
10789,1.279343542834825,5.341060679040323,-1.8523983991347663
10790,1.2732724233546802,5.32162244138536,-1.8954629648426558
10791,1.2664126744011954,5.302557520396692,-1.9376238468181788
10792,1.2587286005862734,5.283733853515055,-1.9799052999301325
10793,1.2502172202084318,5.265175235345568,-2.0223824363061587
10794,1.2409101389786517,5.246965943002957,-2.0647827950466997
10795,1.2309181032792926,5.229286644308659,-2.106470219762252
10796,1.2202581110724047,5.2121608983917165,-2.1499850006629444
10797,1.208769162034313,5.195383719760798,-2.1930690164043107
10798,1.1963925998471687,5.178799618417204,-2.2245744074734586
10799,1.1828497877495783,5.16101736873161,-2.2141137700060294
,,,
10800,1.170858370594955,5.14457231694588,-2.183519734872312
10801,1.1991853733822622,5.471660675342105,-1.6257917606362562
10802,1.198786198952147,5.4656443678836055,-1.651363575914698
10803,1.197447060007845,5.4514939480323905,-1.6752211363554512
10804,1.1952476153877127,5.431650105907692,-1.6870644745503327
10805,1.1928472629606197,5.411742239501992,-1.6954232326601366
10806,1.1902358416521186,5.391909573367645,-1.708835494455003
10807,1.1873476827494354,5.372107393995653,-1.7211414370191467
10808,1.184273740235577,5.352281131817709,-1.7280037418769056
10809,1.181123681052481,5.3324724485166195,-1.7289321771813548
10810,1.177979288360355,5.312737298642422,-1.7289966244674217
10811,1.1748421830772922,5.293042720041205,-1.7287995437630388
10812,1.171738837508125,5.273486795254853,-1.7273156245382255
10813,1.1686555097124136,5.253760596239886,-1.7236267518091348
10814,1.1656684720641886,5.233969354743191,-1.717916760274001
10815,1.1627987639640105,5.214203025933117,-1.7122395063561666
10816,1.160035187457678,5.1944389060459395,-1.7085290625322982
10817,1.157311665358559,5.174725446083221,-1.7082022845352183
10818,1.154569305965067,5.154925824429234,-1.70888445763496
10819,1.1518024329982068,5.135063169103057,-1.7097155544458429
,,,
10820,1.1490268841824012,5.115231062989946,-1.7101717197173232
10821,1.0993089693270741,5.476622530615686,-1.620538721090354
10822,1.0990741663113417,5.472388239219419,-1.6458424230585904
10823,1.0980213668986374,5.4618692296313265,-1.6929549218477262
10824,1.0956916482783703,5.445214863714373,-1.718680090902227
10825,1.0927661203560453,5.425430542437356,-1.7159345991684873
10826,1.090000618137652,5.405696565458892,-1.7033435383974675
10827,1.0875011938944568,5.386036385563212,-1.6928584041905657
10828,1.0851644295399598,5.366279497748407,-1.6850437435441403
10829,1.082934662499485,5.3464074594418065,-1.679793166419191
10830,1.0807995398365995,5.326466636870078,-1.6747008662654552
10831,1.0787871968367735,5.306587221932511,-1.667951980252142
10832,1.076939684232743,5.286851278754363,-1.6612051184791616
10833,1.0752175459713242,5.267045709584686,-1.6535190224600769
10834,1.0736560133118591,5.2471493364462845,-1.6452881261085897
10835,1.0722283135652007,5.227153338473917,-1.638279544049705
10836,1.0709280023585555,5.207153267612209,-1.6325994554607777
10837,1.0697747325779812,5.187397966888203,-1.6259077704399127
10838,1.0687586594264613,5.167554092829091,-1.6189431356872765
10839,1.0678474954218984,5.147612486901674,-1.6127948120133455
,,,
10840,1.0671188249194006,5.127635364215996,-1.6004032849672436
10841,1.4701687400358072,4.8104952660009905,-1.6020315105540435
10842,1.4701235448784489,4.808587298604482,-1.601024485487883
10843,1.4699669726496232,4.802579462354349,-1.5971421502642025
10844,1.4696065380218748,4.789278168324894,-1.60062342916224
10845,1.4688318644951235,4.770647581230903,-1.6279604449370397
10846,1.4672971959949352,4.750512486606879,-1.6660520646922148
10847,1.464957248011225,4.7302851535052195,-1.7084052881811007
10848,1.4617181926367129,4.710281212314818,-1.7540184051166612
10849,1.4576702392202823,4.690547076850495,-1.791312523459184
10850,1.4529347157276575,4.670937198147179,-1.824629260604633
10851,1.4476867563973537,4.65149392157642,-1.843242043588461
10852,1.442062840865861,4.632097457925635,-1.863802025449051
10853,1.435995500620901,4.612779208744923,-1.8830964179194813
10854,1.429642055430004,4.593599154491709,-1.898459761318792
10855,1.423047331878242,4.574707233473306,-1.9153745501069794
10856,1.408758621557077,4.537166305062503,-1.945419593311361
10857,1.408758621557077,4.537166305062503,-1.945419593311361
10858,1.4012373025963998,4.518371567943456,-1.960496820126162
10859,1.3934812771164211,4.499700465003059,-1.9674814420122078
,,,
10860,1.385728287616575,4.481180130673254,-1.9691035424116108
10861,1.5701419848988285,4.806895858123477,-1.604483115395531
10862,1.5698524830114022,4.799494041911888,-1.6174457140888743
10863,1.5691198219153017,4.785168541396727,-1.6278105573321067
10864,1.5681274465203947,4.76859388816801,-1.635543535192787
10865,1.564583743898641,4.729573335855095,-1.6943535062277455
10866,1.564583743898641,4.729573335855095,-1.6943535062277455
10867,1.5617231215134875,4.709422546217262,-1.730489326676546
10868,1.5581414606018997,4.689725643052381,-1.7717302868983538
10869,1.553742001915731,4.66996848043495,-1.8094120529140763
10870,1.5485556233728273,4.65031952559622,-1.8477792541140006
10871,1.5426693365404547,4.630829803846963,-1.8791226210913332
10872,1.536340627060349,4.6116271652570235,-1.8987548186417513
10873,1.529646457264098,4.592532143698311,-1.919174146617981
10874,1.5224522296936187,4.573606325124126,-1.9493460528554272
10875,1.5147747121662225,4.5549446016779065,-1.9739292347131498
10876,1.5065167735118423,4.536288218084744,-1.9995415469466569
10877,1.4979314532761157,4.517839455955877,-2.013251343419053
10878,1.4891943409524457,4.499717067198317,-2.0273447580133555
10879,1.480206607845009,4.481710797001403,-2.039323693110878
,,,
10880,1.471068679211373,4.463900380280507,-2.0516234603946457
10881,1.6701181187552885,4.804315527240453,-1.5957292810246295
10882,1.670099649956587,4.7994139062633305,-1.5656556916955047
10883,1.6702660926264865,4.7889549515927055,-1.551780702133398
10884,1.6704433854375285,4.773256670783507,-1.5725470219614444
10885,1.6700380768716083,4.754867802371932,-1.613735225005549
10886,1.6687505758350263,4.735114189844354,-1.6603133893865738
10887,1.666443177587815,4.714873942331007,-1.7087198890409503
10888,1.6632339056160785,4.694781129212292,-1.7507968324225847
10889,1.6591618450479069,4.674769007487466,-1.7910845764897083
10890,1.6543859972089414,4.6550981822523445,-1.828591754065335
10891,1.64880414794279,4.635536904556442,-1.8665236123754596
10892,1.6425976495877679,4.616156252524333,-1.8975706490652573
10893,1.6356086660110893,4.596926781314821,-1.9416579095165931
10894,1.6281251722032253,4.578566864322377,-1.9740196320406964
10895,1.6200053169502533,4.560182192271056,-1.9996730609205888
10896,1.6113311395541072,4.541890676364746,-2.0300924216891967
10897,1.6020403570768202,4.5238071182069985,-2.0590565014792483
10898,1.5923848964737934,4.5061739666116845,-2.086782624758558
10899,1.5821637008242928,4.488784589641273,-2.1155818081556017
,,,
10900,1.5718005828760142,4.471913977067364,-2.1270781318645713
10901,1.2702825758517577,4.816155036151508,-1.6017203310819756
10902,1.270179526918576,4.811196312560624,-1.5886515406137747
10903,1.2702110478419057,4.8014154382620955,-1.552189443162943
10904,1.2706160106316504,4.786599674263283,-1.5423492141584194
10905,1.2709812317262674,4.767012122672038,-1.5653334764692486
10906,1.2708166262550096,4.746724489919123,-1.5934305933504698
10907,1.2701502237528308,4.726679328944368,-1.6155728330906394
10908,1.2690085991527866,4.706596069964873,-1.637528867835626
10909,1.26750325673529,4.686496311021013,-1.6553876480046907
10910,1.2655781073782493,4.666336728366738,-1.6758725853922236
10911,1.2633096605208758,4.646318506498167,-1.6908396118261841
10912,1.2608051770277022,4.626480252222096,-1.7023859739848013
10913,1.2580616389748207,4.606704777131222,-1.7138141570750947
10914,1.2551409534548563,4.586884789724586,-1.719486737203906
10915,1.2521503084320875,4.567039794388563,-1.7216203371573706
10916,1.249118012668718,4.5472372214804215,-1.7241794509135184
10917,1.246027070268238,4.527476424423715,-1.7281302133602012
10918,1.2428559307149734,4.5078332187743575,-1.7347555444355505
10919,1.2394903603798537,4.488044369044573,-1.7465659079991092
,,,
10920,1.2357472982830289,4.468170638329489,-1.7664828319645756
10921,1.1703326846892956,4.819162226200543,-1.5950035262576836
10922,1.1702811101009807,4.813126100479586,-1.577341370856698
10923,1.1702049781098707,4.8012196461175085,-1.584685983503646
10924,1.1697010029811192,4.784875107267581,-1.6182888492170022
10925,1.1686273285764055,4.765376322682001,-1.6297089195419987
10926,1.1674127501050249,4.74535132958944,-1.6351390159232453
10927,1.1660190377854533,4.725323632755714,-1.6461669726714077
10928,1.164385124803173,4.7054003008706236,-1.6569447232805148
10929,1.1626983661676826,4.685865335856303,-1.6580396199192091
10930,1.160958561136172,4.665945013858108,-1.6580450504821955
10931,1.15923668615467,4.646071282014012,-1.6568340404887736
10932,1.1575374404920693,4.626178168994712,-1.6550644125316696
10933,1.1558682644332414,4.606224925913856,-1.653759789076679
10934,1.1542240554519343,4.586354049151718,-1.6541303834561432
10935,1.1525544822299008,4.566421723590083,-1.654854246656643
10936,1.1508812433815025,4.546522133676631,-1.6547590038807307
10937,1.1492238564476722,4.5266390421161224,-1.6525300408714407
10938,1.1476324247628682,4.506706858776559,-1.6479252924484797
10939,1.1461459098473297,4.486817920478561,-1.6440844899419067
,,,
10940,1.1447114960418432,4.466890334677592,-1.6426853398972723
10941,1.0703862631241,4.822289821424569,-1.593585104447538
10942,1.0703913848816728,4.816699087876871,-1.5568508330919586
10943,1.0708553912840137,4.804286111450765,-1.5171027704877937
10944,1.0719754668731796,4.786176425061117,-1.5086888456711582
10945,1.0731826362972055,4.766232645136625,-1.5104110605752397
10946,1.07445337803242,4.746346953462232,-1.5041561689301854
10947,1.0758290936556936,4.726586375774816,-1.4991247979643212
10948,1.0772992070486629,4.706679712828316,-1.4948353100513236
10949,1.0788362800015971,4.6867744285151165,-1.4933213493069335
10950,1.0804117424222732,4.666874077044789,-1.490133552106653
10951,1.082061491456781,4.6469519580795575,-1.4861802786257634
10952,1.0837699995219652,4.627202042169541,-1.4833198298408619
10953,1.0854888668090346,4.607281823866585,-1.486929989848163
10954,1.0871244133907367,4.587331477350751,-1.4914308646471153
10955,1.0886752463667189,4.56740578722617,-1.4945654439284979
10956,1.0901838114356013,4.547434779731275,-1.4964976315358043
10957,1.0916475771543617,4.527597389177793,-1.4982184486027916
10958,1.093075664527466,4.507647600468861,-1.5007080211297323
10959,1.0944470016961168,4.487644205967013,-1.5042966104348425
,,,
10960,1.0957368850909426,4.467666370581687,-1.5089860503305859
10961,1.4501881208038478,4.15768012772657,-1.6303313175814322
10962,1.4499440844402818,4.152157737180063,-1.604329590483263
10963,1.4498263384770325,4.142668892426393,-1.5706873923281053
10964,1.4498674763660286,4.128349636529995,-1.5720110891649715
10965,0.7097537012833995,3.6986981843284403,2.618431858055708
10966,0.7097537012833995,3.6986981843284403,2.618431858055708
10967,0.6922957311878221,3.709240993382173,2.5775034620928334
10968,0.6752648848258074,3.7205070428830203,2.53600042527279
10969,0.6589017189751871,3.7323413000336654,2.494241169043867
10970,0.6429975449396474,3.744881090027167,2.4530118556196556
10971,0.6275743625811339,3.7581087040879955,2.4115793633303504
10972,0.6126576433158201,3.7720191493468263,2.369993475485343
10973,0.5983879191759179,3.786469512766021,2.3293146977836656
10974,0.5847015280590838,3.801501147908959,2.288787241288406
10975,0.5716018062113896,3.8171219014386786,2.2478107453163596
10976,0.5592146058973373,3.8331992656485667,2.205463530698224
10977,0.5475486095691892,3.8497451682212898,2.164162306936204
10978,0.5365683743098449,3.866756165384355,2.1230963751285343
10979,0.5262537952082765,3.8842784844889873,2.0817926671274756
,,,
10980,0.5166372414580385,3.9022831865992873,2.040343532130536
10981,1.549952072285593,4.150502787454669,-1.6171642265570616
10982,1.5497797970531513,4.143731906774315,-1.5892117796997967
10983,1.5496003369790874,4.131562990315899,-1.5906345128218329
10984,1.5489674449852615,4.114636795295874,-1.62895343758842
10985,1.5474218811204246,4.094825708882307,-1.6690759340699484
10986,1.5450321277143897,4.074721448254165,-1.7099273799183148
10987,1.541802891298606,4.054627187795131,-1.7511169338848485
10988,1.53772877290143,4.034604517754184,-1.7924663115165167
10989,1.5328588288455356,4.014859778424044,-1.8328789743949445
10990,1.5272006683737602,3.99532867133266,-1.8733667201412398
10991,1.520748166642411,3.976023618487577,-1.9145305729562136
10992,1.5134943255159925,3.9570028506683825,-1.9564057019883738
10993,1.5054862539946576,3.938369619587759,-1.9976383256076833
10994,1.4967176557211168,3.920076013045893,-2.038606883663839
10995,1.4871697038972318,3.902087913627367,-2.0797108230392127
10996,1.4768473690830595,3.884441941338512,-2.1209836918633362
10997,1.4658573560785368,3.867309306493544,-2.1616343702740206
10998,1.454255452013685,3.8507379755145617,-2.2030874275935934
10999,1.441948332402215,3.8346518255945683,-2.245003073045476
,,,
11000,1.4289099504936706,3.819010004145298,-2.286863533033151
11001,1.6497774568313683,4.144518209166506,-1.6170298450102913
11002,1.6496138192373404,4.1372014839677425,-1.5799003619235878
11003,1.6495972054411125,4.124368734346103,-1.5717384811692254
11004,1.649393608073086,4.106472496068214,-1.5965431351239006
11005,1.6484926891603782,4.086397284679245,-1.635640575849325
11006,1.6467718935641797,4.066217841553042,-1.6767343920862579
11007,1.6442129910523857,4.046075093404427,-1.7182565454364243
11008,1.6408049385804828,4.025984472876237,-1.7599766080937371
11009,1.63659150580248,4.006149291783107,-1.8007117090941214
11010,1.6315694220683463,3.986469971364381,-1.8413232855596102
11011,1.6257236584482777,3.9669259092994964,-1.8821812030822531
11012,1.6190608143860419,3.947588974073041,-1.9234163239107536
11013,1.6116762239796951,3.9286634731451087,-1.96486028993435
11014,1.6035202937334871,3.910120583482778,-2.0061145194384187
11015,1.5945801106431843,3.891878751134386,-2.047609806454902
11016,1.584909769284497,3.8739148140373474,-2.073146989125209
11017,1.5752998887029177,3.856341706086864,-2.068458061054582
11018,1.565826114254962,3.8388013460542783,-2.063478338470539
11019,1.5564960835242716,3.821316864744618,-2.059509349377179
,,,
11020,1.5471846697655376,3.8037089604046375,-2.055204411868564
11021,1.2503889692253018,4.167103979129239,-1.6316227807840622
11022,1.2497935565476184,4.156307361379671,-1.6215172639124786
11023,1.2492116623485932,4.1430469936810566,-1.611898925046997
11024,1.2484659053049927,4.126153600385685,-1.6234955651172123
11025,1.2472346094765667,4.106878727033743,-1.6439963339380854
11026,1.2456124415151484,4.086820728399162,-1.6625249064587602
11027,1.241300464751395,4.046656915892671,-1.6867005373760762
11028,1.241300464751395,4.046656915892671,-1.6867005373760762
11029,1.238863945301488,4.026658151409101,-1.7001178416003984
11030,1.2361474296415698,4.006733903241318,-1.7130674870244302
11031,1.233191211194417,3.9869381241061563,-1.722681289291742
11032,1.2301868347601723,3.967357735889846,-1.72528020351113
11033,1.227043475958196,3.9476096119662745,-1.7327426411966107
11034,1.223730701888482,3.927804514204682,-1.7406495749722057
11035,1.2203180692538882,3.908144054683391,-1.7419183142846077
11036,1.2169382187818443,3.8885301073935827,-1.7411138386370986
11037,1.2135919012204135,3.8688897772634236,-1.7385126046832178
11038,1.2103014471647116,3.8492465637949054,-1.7352230286232604
11039,1.2070545281136371,3.82952046827132,-1.7324132730917319
,,,
11040,1.2038481247034962,3.8097299592836307,-1.7311030460234462
11041,1.15068222028779,4.175255321595963,-1.6433789932849465
11042,1.1503353824890614,4.170473588668627,-1.651859366806064
11043,1.149667379400739,4.161291505206172,-1.636587107556096
11044,1.1487904259715316,4.145216578578035,-1.619230379341457
11045,1.1477451163785999,4.125137755556332,-1.631344818212352
11046,1.1463183671531714,4.1049213753695275,-1.6512336418426492
11047,1.1445339354235564,4.084844157566647,-1.6650120153712675
11048,1.142645426932827,4.065011543821752,-1.6668808827800203
11049,1.140690766944384,4.045098822656397,-1.6714993856656362
11050,1.1386314266917243,4.02512635196175,-1.6747948697352306
11051,1.1365334555493696,4.005140211650448,-1.675171924253776
11052,1.1344597543602335,3.9853006058557834,-1.6748105145485626
11053,1.1324215448133417,3.96552043037727,-1.6721496777872629
11054,1.130433671359565,3.9456675155125893,-1.6692196911898292
11055,1.1284915772296589,3.925732277897428,-1.6663748014661628
11056,1.126596346136768,3.9057429608777094,-1.6636747913815875
11057,1.1247678567795332,3.88585255927521,-1.6617169096996112
11058,1.1229843676501754,3.866047470983159,-1.6599318933293024
11059,1.12122360272371,3.846174060392342,-1.6588479581689493
,,,
11060,1.1194701566561103,3.826224646249754,-1.658464472916465
11061,1.0507778292635628,4.179881121183177,-1.6338077193674754
11062,1.0502906103211926,4.172925129632926,-1.6444147962311946
11063,1.049648439733046,4.1639783968242385,-1.6463203647815001
11064,1.0486082078283467,4.149655377940936,-1.6405979886545798
11065,1.047255239717532,4.1299282994712,-1.6390205456487974
11066,1.045911083466485,4.10995584399612,-1.6346177988588082
11067,1.044704504549548,4.090004868673712,-1.6273971317930787
11068,1.0436682637513781,4.070164990623976,-1.6182410916168497
11069,1.0428351594144087,4.050400148734728,-1.6108606670184982
11070,1.042081329981556,4.030437603510867,-1.6064575344717005
11071,1.0413919180108793,4.010393270872683,-1.6046622578232979
11072,1.0407269902660645,3.990452656937753,-1.603725418739895
11073,1.040110160668125,3.970444606809416,-1.599273769766051
11074,1.0396497072651583,3.9506231487598185,-1.5871158999829074
11075,1.0394788422221304,3.9307631938126595,-1.5717698981160344
11076,1.0396382718027366,3.9108953163264446,-1.5511717659640438
11077,1.0402410638262043,3.890976379394149,-1.5331592819569633
11078,1.0411466581025663,3.871086850069898,-1.5124711005752987
11079,1.0426147493778022,3.851422580798945,-1.4807968198835229
,,,
11080,1.0446900386728954,3.8318533971463618,-1.4518210201272088
11081,1.4013820307324658,3.5103521721652946,-1.6280834661359647
11082,1.400871962916627,3.503601708692413,-1.6697262822242944
11083,1.3991499354799015,3.4902003129837578,-1.7234747456658157
11084,1.395980423956227,3.4715323867942502,-1.7503329497288216
11085,1.3921816096135786,3.4518996540763194,-1.778076275563107
11086,1.3876533369495694,3.4320801658754214,-1.8133809874351636
11087,1.3825517259948357,3.412501333837157,-1.8373745754306363
11088,1.3769657838392437,3.3930918099109464,-1.8685455445377182
11089,1.370751523847284,3.3739696846046443,-1.8961358564313562
11090,1.3642861539229667,3.3550575272837886,-1.9030113456693132
11091,1.3576854756001493,3.336101736533493,-1.9101809730375152
11092,1.3508258252728549,3.3170954442315708,-1.9289111155778227
11093,1.3434653746876817,3.2981126184874823,-1.9505019285899785
11094,1.3359749642845715,3.2796633863314466,-1.9620932207223913
11095,1.3282739787149669,3.26122680583182,-1.9700988811850517
11096,1.320445684093528,3.2427911049523024,-1.9737698583362628
11097,1.3125703578463883,3.2243285670706894,-1.9730842910799016
11098,1.3047411331279275,3.205874580491077,-1.9701660269272072
11099,1.29708018246751,3.1875745746854576,-1.9653478391967487
,,,
11100,1.289479320908445,3.169197885438902,-1.9611100721521262
11101,1.5011672065136743,3.5035654475310163,-1.621069013965949
11102,1.5005579968194134,3.4914203136828927,-1.6215477895455828
11103,1.4996975760448539,3.475098930891095,-1.6270629112342292
11104,1.4986135691899274,3.4574070523036555,-1.6416751056032464
11105,1.496912191306796,3.4375909571847303,-1.6707791343220875
11106,1.4946606678039405,3.4175476330339616,-1.6934441800090203
11107,1.491972157382448,3.397530129559506,-1.7169441282158537
11108,1.4888010913192842,3.3778548496146814,-1.747518806782336
11109,1.4848800693968724,3.3579194918924586,-1.7846460193459734
11110,1.4802327082407982,3.338170394883215,-1.8165523820718863
11111,1.4749749382927249,3.3184279806063293,-1.8467581321691529
11112,1.469184514434018,3.299252404397922,-1.8865987617055051
11113,1.4623222020562021,3.280063342896621,-1.9427467838064385
11114,1.4544614270831722,3.2612825054606795,-1.985150780992417
11115,1.446115514570228,3.242842337715171,-2.0039427198729673
11116,1.4375698370383685,3.2246914996505307,-2.018708133710957
11117,1.428751040514784,3.206654495229008,-2.0306410997502415
11118,1.4198861648677146,3.188929929827229,-2.0383654577340358
11119,1.410831474645676,3.171093779504614,-2.041319280559106
,,,
11120,1.4017855604745817,3.153241498659977,-2.038209822164264
11121,1.6011592425479821,3.500453430425045,-1.6034233080770302
11122,1.6010830639692835,3.4935355463960156,-1.5731263992209252
11123,1.601113922265128,3.481300399609052,-1.5725111024586023
11124,1.600796191123441,3.46424991400963,-1.6093537092151835
11125,1.5995916899332174,3.4443392566570425,-1.6525424100076622
11126,1.5975654423759444,3.4242238583001607,-1.688648127462544
11127,1.5948681954641215,3.4041419191959172,-1.719909307169378
11128,1.591499756728792,3.384049850348632,-1.7546131570425616
11129,1.587445428678804,3.364190319775612,-1.7909876122770059
11130,1.5826841757479566,3.344491371731632,-1.8257249810364
11131,1.5771526070852682,3.3248093901876565,-1.867426928982555
11132,1.570677182390957,3.305373519116387,-1.9211448860439044
11133,1.5630269345595955,3.2860614136708692,-1.9722832924468185
11134,1.554785938899801,3.2675097298883187,-2.0012071966771043
11135,1.546221555196505,3.249269794983233,-2.0183917930248505
11136,1.5372863410072446,3.231091470468235,-2.038758044262646
11137,1.5280651620404742,3.2133067638483213,-2.0584206542204058
11138,1.5187063005109829,3.1958531644117323,-2.0654398676449994
11139,1.5092612990170453,3.1782781672710136,-2.059563621641505
,,,
11140,1.4999944729472303,3.1606324452253456,-2.0501489032754923
11141,1.2015397417801736,3.518773787464491,-1.6223148803210437
11142,1.2010354858147163,3.5099779305746344,-1.6353798688934857
11143,1.200279950693471,3.4992305431701745,-1.6478200169094823
11144,1.1991180418642327,3.484447318995567,-1.6507830847192368
11145,1.197486873022817,3.4647190863875013,-1.6568514870591524
11146,1.1956780033566163,3.444671215786436,-1.6650269749207924
11147,1.1936982192212608,3.4246112318754984,-1.6727991646387694
11148,1.1915747403550343,3.4047380899009654,-1.6833729362086836
11149,1.1892399152121254,3.384976877271682,-1.6907306227999186
11150,1.1868270624110757,3.3651274664975994,-1.690206366673423
11151,1.1844840202493157,3.345235673320403,-1.6859874312168464
11152,1.1822404121040953,3.325293410176512,-1.6778596476603764
11153,1.1801851278595057,3.30548305932738,-1.6718575624118215
11154,1.1781285866165927,3.2856294616273556,-1.679191958187006
11155,1.175859012076136,3.2656573024959177,-1.6874076462331185
11156,1.173524787630061,3.245753721088511,-1.6877444414363094
11157,1.1711831071753567,3.2258023435051197,-1.6869168730129827
11158,1.1688818247199626,3.2059700719014748,-1.6857987501859362
11159,1.1666155341957285,3.186218897031729,-1.6841515878386664
,,,
11160,1.1643709559130602,3.166286671581674,-1.68050949960324
11161,1.1016465141508005,3.523189197820287,-1.621043818522359
11162,1.1010415148847468,3.51147976345251,-1.6247977259386501
11163,1.100127786086218,3.495548183284504,-1.6305512784109677
11164,1.0990476232532134,3.478072128763575,-1.6355426632549237
11165,1.0978225819032617,3.4583250206826843,-1.6294472796959756
11166,1.096717003006667,3.4383834071001482,-1.6233325164808967
11167,1.095732842076832,3.4183800919080065,-1.61471235458533
11168,1.0949392021127187,3.3984098289985103,-1.6051320323000202
11169,1.0943379186340167,3.378739769719087,-1.6017913429864654
11170,1.0936697729918838,3.358800952656816,-1.6068846711720963
11171,1.092902094182237,3.338789907147988,-1.6116083195583248
11172,1.0920320515199646,3.3186944210925002,-1.6169816830317394
11173,1.0910482318034944,3.298597826986028,-1.621932981175587
11174,1.0900177454092637,3.278683392001706,-1.622423686649505
11175,1.0890165506079341,3.258808443120969,-1.621034526552984
11176,1.0880165979392975,3.23884849677101,-1.6206389797531824
11177,1.0870346027999762,3.21882747928627,-1.6178124185165577
11178,1.0861405850326709,3.198799709517273,-1.6101192938617688
11179,1.085452963525622,3.179021353918676,-1.6028096313447244
,,,
11180,1.085452963525622,3.179021353918676,-1.6028096313447244
11181,1.085452963525622,3.179021353918676,-1.6028096313447244
11182,1.0019305371157017,3.5311063843395187,-1.620233831178724
11183,1.0016201410425003,3.5246205904172694,-1.622191351375281
11184,1.000812827359386,3.5095606188847097,-1.626972399344124
11185,0.9996171129124257,3.4894838388845675,-1.6337802219006228
11186,0.9982890013019209,3.469443288693707,-1.6403727592458284
11187,0.996835466957532,3.4495944130714884,-1.6474245116575614
11188,0.9952378504876649,3.429678653756054,-1.6544027417555802
11189,0.9934962175776936,3.4096924711672645,-1.6613973220585436
11190,0.9916059118185424,3.389649051133774,-1.6683555826642769
11191,0.989587853924609,3.369667652346847,-1.6747588042377617
11192,0.9874581096817205,3.3498805690495157,-1.6818360382325952
11193,0.9851765498051549,3.3300415834670027,-1.688929416626707
11194,0.9827457227575425,3.310137970027502,-1.6960664320338845
11195,0.9801624356036879,3.290187724415573,-1.7031569091373608
11196,0.9774534144483072,3.270301243133359,-1.7095447539327304
11197,0.9746245564101943,3.2505034566303306,-1.715915426894728
11198,0.9716727632699276,3.230806908594481,-1.723430016830032
11199,0.9685549825148819,3.211011638347556,-1.730714666231055
,,,
11200,0.9652831521984352,3.1911784421053833,-1.737928779540107
11201,1.40342597800652,3.0049995142359878,-1.4570723846103548
11202,1.404008587470304,3.0003565270300605,-1.447484053085443
11203,1.4051473437215718,2.990825016817861,-1.4663640051040454
11204,1.406373783826481,2.976158561321097,-1.5066962315898926
11205,1.4074109809175968,2.9571926172057954,-1.5215295053261115
11206,1.4083414780366723,2.937264939316674,-1.527457900718913
11207,1.4091473861388113,2.9172445948519856,-1.533521331208419
11208,1.4098340189532879,2.89718513871006,-1.5399755274611717
11209,1.4103790517065182,2.877162953543597,-1.5473665563838317
11210,1.4107734967365468,2.8570977948367564,-1.5547243013997873
11211,1.411037568731217,2.837148734643894,-1.5608829669304316
11212,1.4111731081486971,2.8171218976935,-1.5670358338574208
11213,1.4111859558024016,2.7970319254943306,-1.5733915504798146
11214,1.4110686637907814,2.776961480560531,-1.5805164503045703
11215,1.4107938722206272,2.756912520857165,-1.587969181165147
11216,1.4103939485084023,2.7369839759623917,-1.5942199510487727
11217,1.4098617352428118,2.716976946983709,-1.600490368637938
11218,1.4092036830940382,2.6968936840267843,-1.6068400194306105
11219,1.408411760476307,2.6767875070755505,-1.6136433737164857
,,,
11220,1.4074744452383492,2.6567702626953507,-1.6211341592070563
11221,1.502820319159611,3.0160528468687446,-1.4582396757274332
11222,1.5035317833684045,3.0102425499577077,-1.4455191694857672
11223,1.50539589957188,2.9962508396682295,-1.4347502385153355
11224,1.5080572288193481,2.9767009865669665,-1.4390346890963501
11225,1.5106223493493098,2.95680232999241,-1.4463303339885512
11226,1.5130305539250393,2.9370469774033996,-1.4527906070928516
11227,1.5153193102835336,2.917194919623389,-1.4593292451166502
11228,1.5174894259104053,2.897243455167398,-1.4659153785505092
11229,1.5195320535274142,2.8772022763785405,-1.4726370003162714
11230,1.521428554467917,2.857169275356739,-1.4794899677618352
11231,1.5231796869205567,2.8373422829009667,-1.4861191844065262
11232,1.524803432677491,2.8174400680956313,-1.4924546437787596
11233,1.5263119794261117,2.7974399888079997,-1.5026191508414317
11234,1.5273371800856883,2.7770634952398625,-1.5368784539490854
11235,1.5277568896071057,2.7568630002118715,-1.5639648641748027
11236,1.5276057956629607,2.7368271829784123,-1.5918539171186958
11237,1.5270227306066917,2.7168994944855043,-1.6085714899746104
11238,1.5260908848085832,2.696779324411957,-1.6267627167160936
11239,1.5247534806932235,2.676609868556161,-1.6473059957129987
,,,
11240,1.5230387255941298,2.6566102468079045,-1.6649077343350203
11241,1.602213170262656,3.0269056451214236,-1.46200681324454
11242,1.6027137704686587,3.021856853018312,-1.4918724768560436
11243,1.6032051099874072,3.011642936228285,-1.5546205398455732
11244,1.6030456369489219,2.997116663510526,-1.6039459996764847
11245,1.6022000885973327,2.978374788261595,-1.6283877478686266
11246,1.6007578842473185,2.9581996857930712,-1.6538005263408389
11247,1.5989377823378683,2.9380706478077925,-1.6684233914586575
11248,1.5967158406975015,2.9178761827550255,-1.693213134642326
11249,1.5940908244565053,2.8980448263532748,-1.7104532879488097
11250,1.5910130493322407,2.8781480300185063,-1.7389921586400146
11251,1.5874186915842656,2.8582819686403083,-1.7645246087592015
11252,1.5830343861044278,2.8382131719965455,-1.8052911385330839
11253,1.5780323663038225,2.818417331598041,-1.8311615230881426
11254,1.5726085569512378,2.79898117904177,-1.8544540415929442
11255,1.5667997603193953,2.7797873481273907,-1.8761233286269168
11256,1.5606918980638091,2.760786288160913,-1.8843996287284857
11257,1.5544909336836499,2.741705362508463,-1.8849379409240914
11258,1.5483529361599055,2.7227012676417,-1.8811864812808707
11259,1.5423279113452522,2.7036882440168664,-1.8737150759782755
,,,
11260,1.5364671089361879,2.6846816768387143,-1.867302488590649
11261,1.204655974286609,2.982805866785927,-1.461462099377293
11262,1.2053596643203985,2.9765950501360847,-1.4562171459124413
11263,1.2068426796696639,2.9653157680118163,-1.4255491439784058
11264,1.2091581202091173,2.950933848654773,-1.4022001362647865
11265,1.2125162274567514,2.9317827529582723,-1.3968333562847826
11266,1.2159559202647952,2.9113039740232765,-1.415139988255963
11267,1.2188789351422555,2.89121345966611,-1.435649588387263
11268,1.2216614313243317,2.870779944439662,-1.4332464031047019
11269,1.2244613694549604,2.851056937509141,-1.4255941667488299
11270,1.2274464140276016,2.831317520989312,-1.4158336588768181
11271,1.2306170132758714,2.811601235625624,-1.4096286170242314
11272,1.233812154523409,2.7918523238610744,-1.4109092630741367
11273,1.2369068902269278,2.7722928212003395,-1.4171102598077707
11274,1.239924406875955,2.7525319039496754,-1.4213273073241903
11275,1.2429254300113266,2.7327529446298677,-1.4191367197613636
11276,1.2459559425020048,2.7129921954187237,-1.4189260598207318
11277,1.2489579026472521,2.69319894514577,-1.421628462622962
11278,1.2519030977894265,2.6734884528731557,-1.423171225639828
11279,1.2548035428573776,2.653757240686814,-1.427193314054964
,,,
11280,1.2576276038910448,2.6338983214741862,-1.4319672536729133
11281,1.1052470418048315,2.9719698769061216,-1.4653913244662007
11282,1.1056639592389281,2.9674688263255247,-1.4919817407839788
11283,1.1063637250978318,2.9580148450071144,-1.5000162843048115
11284,1.107536037577352,2.944021784732312,-1.4757623110843845
11285,1.109365259011404,2.925825010532054,-1.4708781225192988
11286,1.111425748233308,2.9060616361503233,-1.4608465638129668
11287,1.1137334415431135,2.886318579027532,-1.4477521744029727
11288,1.1162942495983503,2.8667284546257443,-1.435747838592151
11289,1.118997106579316,2.8473926730794283,-1.4274697829677419
11290,1.1219989313106529,2.8277700511003423,-1.4105175317968177
11291,1.1253243724227058,2.8082114108427354,-1.3942412422565722
11292,1.1289803818735307,2.7886932334605468,-1.3804703242791316
11293,1.1327857262062018,2.7690434905431003,-1.3780413761367982
11294,1.1406546489849285,2.7299602557560805,-1.3658528273850075
11295,1.1447695619642888,2.7104847358151325,-1.3604646111583105
11296,1.1447695619642888,2.7104847358151325,-1.3604646111583105
11297,1.148959299803456,2.6909851410578542,-1.3584141848459677
11298,1.1531924148879529,2.6714265138368414,-1.3570086491989786
11299,1.157452690043544,2.651864442996718,-1.3562572126172359
,,,
11300,1.1616984720024026,2.6324219919204896,-1.3559346555109422
11301,1.00585211462136,2.961024357604692,-1.4644068154976504
11302,1.006286676364122,2.9563778869130695,-1.4926915189254162
11303,1.0069844098678957,2.944665099892297,-1.5261820603093241
11304,1.0077529418929412,2.9278213375126585,-1.5174982306694105
11305,1.0091579653843086,2.908132010134857,-1.4812788975274596
11306,1.0112651710429845,2.8886766668062833,-1.4471598026517227
11307,1.0138482703044056,2.8690732862934865,-1.4326161570792768
11308,1.01673804710706,2.8494131794805058,-1.4175856773764626
11309,1.0199173254445,2.8296985054681554,-1.4040898822785206
11310,1.023412108557576,2.810168210158404,-1.3816150286250473
11311,1.0273467106526435,2.790992756859448,-1.3566913224772599
11312,1.0316245124813925,2.772048949524311,-1.342408295127309
11313,1.0362817690863853,2.752768310904515,-1.3256775774665326
11314,1.041254386286263,2.7334444654453938,-1.3130882590144248
11315,1.0464144033052714,2.714191231847121,-1.3047333896765978
11316,1.051748523040565,2.694985210724485,-1.2949530894633308
11317,1.057197814333569,2.676025285538584,-1.2881822955996607
11318,1.0627970394974795,2.6569099920392483,-1.283400135851438
11319,1.0685112198398885,2.6377599097361406,-1.2782785926082452
,,,
11320,1.0743148980124195,2.6186578233084834,-1.2747083733329785
11321,1.442695211178716,2.5460950904189077,-1.5223672632971776
11322,1.442987568386277,2.5410643521656344,-1.50538881452586
11323,1.4438550698953752,2.5315410437149266,-1.462262692252257
11324,1.4455480870691122,2.517648886846779,-1.4448728719698607
11325,1.4478113594129283,2.498748460038744,-1.463002890878766
11326,1.4497360287255183,2.478697411997149,-1.4888440026720573
11327,1.4510404336357474,2.4588084862929436,-1.5206313386750134
11328,1.4518587959134497,2.4386958521948494,-1.542043509203509
11329,1.4521562078303605,2.41842972450031,-1.5707222569714778
11330,1.4519721822579528,2.3981525478442274,-1.5886739353090902
11331,1.451425905334342,2.3779572799790953,-1.6055978016552923
11332,1.450704005888294,2.3582368077672746,-1.6087385961250236
11333,1.4499928775500284,2.3383705594872537,-1.6035505530895053
11334,1.4494347988079164,2.3184479036141084,-1.5938303041930004
11335,1.4490790038331498,2.2984469251906177,-1.5832246633225706
11336,1.4489094048747053,2.2784167601167025,-1.5743832378270237
11337,1.448875135520432,2.258603131854844,-1.5718427155726984
11338,1.4488827847042602,2.2387045741919995,-1.5692308440482807
11339,1.4489395764192992,2.2187271716021946,-1.5668591861796877
,,,
11340,1.4490394327926488,2.1986710631158184,-1.563293414780898
11341,1.5425388148903003,2.551170159285224,-1.522659814370325
11342,1.5426155469950105,2.5495324770142442,-1.5213982269589967
11343,1.5429007665736745,2.5445549978155655,-1.515728241495782
11344,1.5435925394512253,2.532550081249399,-1.5113905117583317
11345,1.5446018814602227,2.5141749801085513,-1.5251231634156794
11346,1.5452731468363903,2.4940246560536297,-1.5514469364905417
11347,1.5453362450189154,2.474097269544692,-1.5833844502810661
11348,1.5448735515808356,2.4539515439584276,-1.6068065125311075
11349,1.5438661354367114,2.433808559183561,-1.6325237474453937
11350,1.5425089059202286,2.4137334373794745,-1.645005035729858
11351,1.5408898301611071,2.3937590400576303,-1.6577645448143772
11352,1.5390629944691854,2.3737685592320292,-1.6655532068050138
11353,1.537151135781946,2.3538219563920784,-1.6669814912348904
11354,1.5352765117709168,2.3342148934908726,-1.664805613422479
11355,1.5334552978574023,2.3143275697900942,-1.6597707403848763
11356,1.5317401970379791,2.294445561509892,-1.6545784484025672
11357,1.5301220091624617,2.2745720526983164,-1.6490015978889894
11358,1.5286282573752483,2.2546573060260404,-1.6434805398658108
11359,1.527210110719284,2.2348827601711223,-1.6411704989392895
,,,
11360,1.6424621434422826,2.5558219393927795,-1.518067389503771
11361,1.6424621434422826,2.5558219393927795,-1.518067389503771
11362,1.642796972358031,2.5512270121342455,-1.4845636206954627
11363,1.6439032428429234,2.540977396236249,-1.4542811431784355
11364,1.6457183094598418,2.525435176456051,-1.4628659103532218
11365,1.6475247133447388,2.5058387926119443,-1.4937202115208728
11366,1.648819074222446,2.485898936699244,-1.5211036019731066
11367,1.6494090911807577,2.465694743258739,-1.5597038382454702
11368,1.6493859883363942,2.445442866987073,-1.5843563436871102
11369,1.648877829007063,2.4251427078420846,-1.6086257562952557
11370,1.6478274383060605,2.4049151444771857,-1.6362098787254789
11371,1.646258095764617,2.384953285917059,-1.6606286696431978
11372,1.6443441852378844,2.3650382030246355,-1.6725663565293862
11373,1.6421992646593704,2.3450203077191296,-1.6802932068318719
11374,1.6399931756366422,2.3250281484382103,-1.6800882138147721
11375,1.6378526937793845,2.305137175949867,-1.6752258383634127
11376,1.635843758510212,2.2854313216520556,-1.6703798582934064
11377,1.6339347648203202,2.2656483784218806,-1.6639007146050795
11378,1.6321412817807464,2.2457677295586245,-1.6583853239929462
11379,1.6304136552942161,2.225784729327297,-1.6558963859135643
,,,
11380,1.6287143684110075,2.2057445060627314,-1.6544794174792816
11381,1.2429189107527134,2.5368081384814,-1.5237161317698422
11382,1.2430975679864051,2.5330333311459023,-1.5305842733825905
11383,1.243521750500687,2.5217161822527103,-1.5368495863278335
11384,1.244177957932424,2.502816939283839,-1.5347696892667797
11385,1.2448990297911622,2.482718081626476,-1.5335802689255167
11386,1.2456684538642115,2.4628413384292527,-1.5292945012249055
11387,1.2465647394587773,2.443018913064342,-1.5215099987198537
11388,1.2476371461387261,2.423138253135141,-1.5133102776572094
11389,1.2488338960833063,2.403146644977021,-1.509717207969797
11390,1.2500532376778968,2.3830775309742567,-1.5106271693232336
11391,1.2512390423756925,2.3631076550144625,-1.511072608261514
11392,1.252497084795004,2.3433073984567425,-1.504635459837603
11393,1.2538489052098396,2.3234151991178336,-1.5015017413112295
11394,1.2552599413216288,2.3034432873729105,-1.4988029086214707
11395,1.2567392714294876,2.2834243450077385,-1.4942618096388143
11396,1.2582961959335377,2.263446164288604,-1.4906130497567962
11397,1.642957299282577,1.2982762199282079,-0.8915208279200663
11398,1.642957299282577,1.2982762199282079,-0.8915208279200663
11399,1.6555171185469113,1.2829291270701768,-0.8769871271840968
,,,
11400,1.668370219380422,1.267740588369549,-0.8599471761573554
11401,1.1431269904203682,2.529659083666957,-1.5188429044398177
11402,1.143520362460141,2.5234274101637713,-1.5054541077596801
11403,1.144121510155273,2.515185476426313,-1.4980040001238077
11404,1.1451848013745687,2.5012566656194974,-1.4915840859148373
11405,1.1468778709811456,2.4817230910871,-1.476031666524499
11406,1.1489346177182735,2.4618732318700802,-1.4587307520080086
11407,1.1513129349308728,2.442093526781846,-1.4421017919211265
11408,1.154031805571541,2.4224422092867375,-1.4253374471824363
11409,1.1570703718806772,2.402894383595704,-1.407668383595754
11410,1.1604686647909392,2.38333275672227,-1.3899049474190952
11411,1.1642226462037177,2.36377325600638,-1.3722738572619853
11412,1.1683051796133053,2.3443366373420598,-1.3556023842243867
11413,1.1727067372226456,2.3249543469167184,-1.3389228086794547
11414,1.1774272174659255,2.3057448292491705,-1.3209996809358522
11415,1.1825029415990762,2.286573111663858,-1.3029264152897702
11416,1.1879247835187665,2.2674929231495593,-1.2853314604978794
11417,1.193666133753504,2.2485289609449906,-1.2685023256843542
11418,1.1997454581558245,2.2295950338561643,-1.2516399078884057
11419,1.206158499331614,2.2107169046162674,-1.2344950561549823
,,,
11420,1.2128717344245616,2.1920512463696586,-1.216231288248332
11421,1.0432019835577089,2.5263465159013156,-1.529789432171115
11422,1.0434139039339958,2.5201864995223056,-1.5466755640565002
11423,1.0436450018161452,2.506049296408939,-1.5591633061795116
11424,1.0439757968118195,2.4866437610317975,-1.5458181998781066
11425,1.0446230834008339,2.4666674415820666,-1.5286633166584542
11426,1.0456280726916691,2.4468994735635126,-1.5118591179177276
11427,1.0469652035530583,2.4271736468434626,-1.4943876294977307
11428,1.0486546153979737,2.4073938165200564,-1.476877005860348
11429,1.0506947689961068,2.3875763274638206,-1.4594535993826048
11430,1.0530656947998467,2.367855260069665,-1.4429354460928194
11431,1.0557637177131434,2.3481676883699847,-1.4264549275550262
11432,1.0587851681317932,2.3286216979335013,-1.408768587382273
11433,1.0621578929265933,2.309086823596072,-1.3908153802733099
11434,1.065890013020656,2.2895574104313527,-1.37301184957802
11435,1.0699566307053494,2.2701418920670706,-1.356154876766819
11436,1.0743501698280062,2.2507590193447156,-1.3394707112338342
11437,1.0790781534992586,2.231424914852481,-1.3223775323903244
11438,1.084121437196882,2.212288377586745,-1.3040109978381218
11439,1.0895223545810786,2.193212414386078,-1.2860882207461797
,,,
